Build environment: Linux-6.6.87.2-microsoft-standard-WSL2-x86_64-with-glibc2.39
Build start time: 04:24:53, Apr.26 2026

WORKSPACE        = /home/vivy/gbl_root_canoe/edk2
EDK_TOOLS_PATH   = /home/vivy/gbl_root_canoe/edk2/BaseTools
CONF_PATH        = /home/vivy/gbl_root_canoe/edk2/Conf
PYTHON_COMMAND   = /usr/bin/python3


Architecture(s)  = AARCH64
Build target     = RELEASE
Toolchain        = CLANG35

Active Platform          = /home/vivy/gbl_root_canoe/edk2/QcomModulePkg/QcomModulePkg.dsc
Building ... /home/vivy/gbl_root_canoe/edk2/MdeModulePkg/Library/LzmaCustomDecompressLib/LzmaCustomDecompressLib.inf [AARCH64]
make[2]: Entering directory '/home/vivy/gbl_root_canoe/edk2/Build/RELEASE_CLANG35/AARCH64/MdeModulePkg/Library/LzmaCustomDecompressLib/LzmaCustomDecompressLib'
"/usr/bin/clang" -g -fshort-wchar -fno-strict-aliasing -Wall -Werror -Wno-array-bounds -c -include AutoGen.h -mlittle-endian -fno-short-enums -save-temps -fverbose-asm -fsigned-char -ffunction-sections -fdata-sections -fomit-frame-pointer -fno-builtin -Wno-address -fno-asynchronous-unwind-tables -target aarch64-linux-gnu -mcmodel=small -mstrict-align -Wno-parentheses-equality -Wno-tautological-compare -Wno-tautological-constant-out-of-range-compare -Wno-empty-body -D=__FORTIFY_SOURCE -D_FORTIFY_SOURCE=2 -O2 -Wno-shift-negative-value -fstack-protector-all -Wno-varargs -fno-common -Wno-misleading-indentation -Wno-unknown-warning-option  -mtune=cortex-a53 -Oz -DZ_SOLO -DPRODUCT_NAME=\"canoe\" -DENABLE_UPDATE_PARTITIONS_CMDS -DENABLE_BOOT_CMD -DENABLE_DEVICE_CRITICAL_LOCK_UNLOCK_CMDS -DAUTO_PATCH_ABL -DDISABLE_PATCH_2 -DDISABLE_PATCH_3 -DDISABLE_PATCH_4 -DDISABLE_PATCH_5 -DDISABLE_PATCH_6 -DDISABLE_PATCH_7 -DDISABLE_PATCH_8 -DDISABLE_PATCH_9 -DINIT_BIN='"/init"' -DVERIFIED_BOOT_ENABLED -DBASE_ADDRESS=0x80000000 -DREMOVE_CARVEOUT_REGION -DQSPA_BOOTCONFIG_ENABLE  -c -o /home/vivy/gbl_root_canoe/edk2/Build/RELEASE_CLANG35/AARCH64/MdeModulePkg/Library/LzmaCustomDecompressLib/LzmaCustomDecompressLib/OUTPUT/./GuidedSectionExtraction.obj @/home/vivy/gbl_root_canoe/edk2/Build/RELEASE_CLANG35/AARCH64/MdeModulePkg/Library/LzmaCustomDecompressLib/LzmaCustomDecompressLib/OUTPUT/inc.lst /home/vivy/gbl_root_canoe/edk2/MdeModulePkg/Library/LzmaCustomDecompressLib/GuidedSectionExtraction.c
GuidedSectionExtraction.s:4:2: warning: inconsistent use of MD5 checksums
        .file   1 "/home/vivy/gbl_root_canoe/edk2" "MdeModulePkg/Library/LzmaCustomDecompressLib/GuidedSectionExtraction.c"
        ^
"/usr/bin/clang" -g -fshort-wchar -fno-strict-aliasing -Wall -Werror -Wno-array-bounds -c -include AutoGen.h -mlittle-endian -fno-short-enums -save-temps -fverbose-asm -fsigned-char -ffunction-sections -fdata-sections -fomit-frame-pointer -fno-builtin -Wno-address -fno-asynchronous-unwind-tables -target aarch64-linux-gnu -mcmodel=small -mstrict-align -Wno-parentheses-equality -Wno-tautological-compare -Wno-tautological-constant-out-of-range-compare -Wno-empty-body -D=__FORTIFY_SOURCE -D_FORTIFY_SOURCE=2 -O2 -Wno-shift-negative-value -fstack-protector-all -Wno-varargs -fno-common -Wno-misleading-indentation -Wno-unknown-warning-option  -mtune=cortex-a53 -Oz -DZ_SOLO -DPRODUCT_NAME=\"canoe\" -DENABLE_UPDATE_PARTITIONS_CMDS -DENABLE_BOOT_CMD -DENABLE_DEVICE_CRITICAL_LOCK_UNLOCK_CMDS -DAUTO_PATCH_ABL -DDISABLE_PATCH_2 -DDISABLE_PATCH_3 -DDISABLE_PATCH_4 -DDISABLE_PATCH_5 -DDISABLE_PATCH_6 -DDISABLE_PATCH_7 -DDISABLE_PATCH_8 -DDISABLE_PATCH_9 -DINIT_BIN='"/init"' -DVERIFIED_BOOT_ENABLED -DBASE_ADDRESS=0x80000000 -DREMOVE_CARVEOUT_REGION -DQSPA_BOOTCONFIG_ENABLE  -c -o /home/vivy/gbl_root_canoe/edk2/Build/RELEASE_CLANG35/AARCH64/MdeModulePkg/Library/LzmaCustomDecompressLib/LzmaCustomDecompressLib/OUTPUT/./LzmaDecompress.obj @/home/vivy/gbl_root_canoe/edk2/Build/RELEASE_CLANG35/AARCH64/MdeModulePkg/Library/LzmaCustomDecompressLib/LzmaCustomDecompressLib/OUTPUT/inc.lst /home/vivy/gbl_root_canoe/edk2/MdeModulePkg/Library/LzmaCustomDecompressLib/LzmaDecompress.c
LzmaDecompress.s:4:2: warning: inconsistent use of MD5 checksums
        .file   1 "/home/vivy/gbl_root_canoe/edk2" "MdeModulePkg/Library/LzmaCustomDecompressLib/LzmaDecompress.c"
        ^
"/usr/bin/clang" -g -fshort-wchar -fno-strict-aliasing -Wall -Werror -Wno-array-bounds -c -include AutoGen.h -mlittle-endian -fno-short-enums -save-temps -fverbose-asm -fsigned-char -ffunction-sections -fdata-sections -fomit-frame-pointer -fno-builtin -Wno-address -fno-asynchronous-unwind-tables -target aarch64-linux-gnu -mcmodel=small -mstrict-align -Wno-parentheses-equality -Wno-tautological-compare -Wno-tautological-constant-out-of-range-compare -Wno-empty-body -D=__FORTIFY_SOURCE -D_FORTIFY_SOURCE=2 -O2 -Wno-shift-negative-value -fstack-protector-all -Wno-varargs -fno-common -Wno-misleading-indentation -Wno-unknown-warning-option  -mtune=cortex-a53 -Oz -DZ_SOLO -DPRODUCT_NAME=\"canoe\" -DENABLE_UPDATE_PARTITIONS_CMDS -DENABLE_BOOT_CMD -DENABLE_DEVICE_CRITICAL_LOCK_UNLOCK_CMDS -DAUTO_PATCH_ABL -DDISABLE_PATCH_2 -DDISABLE_PATCH_3 -DDISABLE_PATCH_4 -DDISABLE_PATCH_5 -DDISABLE_PATCH_6 -DDISABLE_PATCH_7 -DDISABLE_PATCH_8 -DDISABLE_PATCH_9 -DINIT_BIN='"/init"' -DVERIFIED_BOOT_ENABLED -DBASE_ADDRESS=0x80000000 -DREMOVE_CARVEOUT_REGION -DQSPA_BOOTCONFIG_ENABLE  -c -o /home/vivy/gbl_root_canoe/edk2/Build/RELEASE_CLANG35/AARCH64/MdeModulePkg/Library/LzmaCustomDecompressLib/LzmaCustomDecompressLib/OUTPUT/Sdk/C/LzFind.obj @/home/vivy/gbl_root_canoe/edk2/Build/RELEASE_CLANG35/AARCH64/MdeModulePkg/Library/LzmaCustomDecompressLib/LzmaCustomDecompressLib/OUTPUT/inc.lst /home/vivy/gbl_root_canoe/edk2/MdeModulePkg/Library/LzmaCustomDecompressLib/Sdk/C/LzFind.c
LzFind.s:4:2: warning: inconsistent use of MD5 checksums
        .file   1 "/home/vivy/gbl_root_canoe/edk2" "MdePkg/Include/AArch64/ProcessorBind.h"
        ^
"/usr/bin/clang" -g -fshort-wchar -fno-strict-aliasing -Wall -Werror -Wno-array-bounds -c -include AutoGen.h -mlittle-endian -fno-short-enums -save-temps -fverbose-asm -fsigned-char -ffunction-sections -fdata-sections -fomit-frame-pointer -fno-builtin -Wno-address -fno-asynchronous-unwind-tables -target aarch64-linux-gnu -mcmodel=small -mstrict-align -Wno-parentheses-equality -Wno-tautological-compare -Wno-tautological-constant-out-of-range-compare -Wno-empty-body -D=__FORTIFY_SOURCE -D_FORTIFY_SOURCE=2 -O2 -Wno-shift-negative-value -fstack-protector-all -Wno-varargs -fno-common -Wno-misleading-indentation -Wno-unknown-warning-option  -mtune=cortex-a53 -Oz -DZ_SOLO -DPRODUCT_NAME=\"canoe\" -DENABLE_UPDATE_PARTITIONS_CMDS -DENABLE_BOOT_CMD -DENABLE_DEVICE_CRITICAL_LOCK_UNLOCK_CMDS -DAUTO_PATCH_ABL -DDISABLE_PATCH_2 -DDISABLE_PATCH_3 -DDISABLE_PATCH_4 -DDISABLE_PATCH_5 -DDISABLE_PATCH_6 -DDISABLE_PATCH_7 -DDISABLE_PATCH_8 -DDISABLE_PATCH_9 -DINIT_BIN='"/init"' -DVERIFIED_BOOT_ENABLED -DBASE_ADDRESS=0x80000000 -DREMOVE_CARVEOUT_REGION -DQSPA_BOOTCONFIG_ENABLE  -c -o /home/vivy/gbl_root_canoe/edk2/Build/RELEASE_CLANG35/AARCH64/MdeModulePkg/Library/LzmaCustomDecompressLib/LzmaCustomDecompressLib/OUTPUT/Sdk/C/LzmaDec.obj @/home/vivy/gbl_root_canoe/edk2/Build/RELEASE_CLANG35/AARCH64/MdeModulePkg/Library/LzmaCustomDecompressLib/LzmaCustomDecompressLib/OUTPUT/inc.lst /home/vivy/gbl_root_canoe/edk2/MdeModulePkg/Library/LzmaCustomDecompressLib/Sdk/C/LzmaDec.c
LzmaDec.s:4:2: warning: inconsistent use of MD5 checksums
        .file   1 "/home/vivy/gbl_root_canoe/edk2" "MdeModulePkg/Library/LzmaCustomDecompressLib/Sdk/C/LzmaDec.h"
        ^
rm -f /home/vivy/gbl_root_canoe/edk2/Build/RELEASE_CLANG35/AARCH64/MdeModulePkg/Library/LzmaCustomDecompressLib/LzmaCustomDecompressLib/OUTPUT/LzmaDecompressLib.lib
"/usr/bin/llvm-ar" -cr /home/vivy/gbl_root_canoe/edk2/Build/RELEASE_CLANG35/AARCH64/MdeModulePkg/Library/LzmaCustomDecompressLib/LzmaCustomDecompressLib/OUTPUT/LzmaDecompressLib.lib  @/home/vivy/gbl_root_canoe/edk2/Build/RELEASE_CLANG35/AARCH64/MdeModulePkg/Library/LzmaCustomDecompressLib/LzmaCustomDecompressLib/OUTPUT/object_files.lst
make[2]: Leaving directory '/home/vivy/gbl_root_canoe/edk2/Build/RELEASE_CLANG35/AARCH64/MdeModulePkg/Library/LzmaCustomDecompressLib/LzmaCustomDecompressLib'
Building ... /home/vivy/gbl_root_canoe/edk2/QcomModulePkg/Library/FastbootLib/FastbootLib.inf [AARCH64]
make[2]: Entering directory '/home/vivy/gbl_root_canoe/edk2/Build/RELEASE_CLANG35/AARCH64/QcomModulePkg/Library/FastbootLib/FastbootLib'
"/usr/bin/clang" -g -fshort-wchar -fno-strict-aliasing -Wall -Werror -Wno-array-bounds -c -include AutoGen.h -mlittle-endian -fno-short-enums -save-temps -fverbose-asm -fsigned-char -ffunction-sections -fdata-sections -fomit-frame-pointer -fno-builtin -Wno-address -fno-asynchronous-unwind-tables -target aarch64-linux-gnu -mcmodel=small -mstrict-align -Wno-parentheses-equality -Wno-tautological-compare -Wno-tautological-constant-out-of-range-compare -Wno-empty-body -D=__FORTIFY_SOURCE -D_FORTIFY_SOURCE=2 -O2 -Wno-shift-negative-value -fstack-protector-all -Wno-varargs -fno-common -Wno-misleading-indentation -Wno-unknown-warning-option  -mtune=cortex-a53 -Oz        -DZ_SOLO -DPRODUCT_NAME=\"canoe\" -DENABLE_UPDATE_PARTITIONS_CMDS -DENABLE_BOOT_CMD -DENABLE_DEVICE_CRITICAL_LOCK_UNLOCK_CMDS -DAUTO_PATCH_ABL -DDISABLE_PATCH_2 -DDISABLE_PATCH_3 -DDISABLE_PATCH_4 -DDISABLE_PATCH_5 -DDISABLE_PATCH_6 -DDISABLE_PATCH_7 -DDISABLE_PATCH_8 -DDISABLE_PATCH_9 -DINIT_BIN='"/init"' -DVERIFIED_BOOT_ENABLED -DBASE_ADDRESS=0x80000000 -DREMOVE_CARVEOUT_REGION -DQSPA_BOOTCONFIG_ENABLE  -c -o /home/vivy/gbl_root_canoe/edk2/Build/RELEASE_CLANG35/AARCH64/QcomModulePkg/Library/FastbootLib/FastbootLib/OUTPUT/./Board.obj @/home/vivy/gbl_root_canoe/edk2/Build/RELEASE_CLANG35/AARCH64/QcomModulePkg/Library/FastbootLib/FastbootLib/OUTPUT/inc.lst /home/vivy/gbl_root_canoe/edk2/QcomModulePkg/Library/FastbootLib/Board.c
Board.s:4:2: warning: inconsistent use of MD5 checksums
        .file   1 "/home/vivy/gbl_root_canoe/edk2" "MdePkg/Include/AArch64/ProcessorBind.h"
        ^
"/usr/bin/clang" -g -fshort-wchar -fno-strict-aliasing -Wall -Werror -Wno-array-bounds -c -include AutoGen.h -mlittle-endian -fno-short-enums -save-temps -fverbose-asm -fsigned-char -ffunction-sections -fdata-sections -fomit-frame-pointer -fno-builtin -Wno-address -fno-asynchronous-unwind-tables -target aarch64-linux-gnu -mcmodel=small -mstrict-align -Wno-parentheses-equality -Wno-tautological-compare -Wno-tautological-constant-out-of-range-compare -Wno-empty-body -D=__FORTIFY_SOURCE -D_FORTIFY_SOURCE=2 -O2 -Wno-shift-negative-value -fstack-protector-all -Wno-varargs -fno-common -Wno-misleading-indentation -Wno-unknown-warning-option  -mtune=cortex-a53 -Oz        -DZ_SOLO -DPRODUCT_NAME=\"canoe\" -DENABLE_UPDATE_PARTITIONS_CMDS -DENABLE_BOOT_CMD -DENABLE_DEVICE_CRITICAL_LOCK_UNLOCK_CMDS -DAUTO_PATCH_ABL -DDISABLE_PATCH_2 -DDISABLE_PATCH_3 -DDISABLE_PATCH_4 -DDISABLE_PATCH_5 -DDISABLE_PATCH_6 -DDISABLE_PATCH_7 -DDISABLE_PATCH_8 -DDISABLE_PATCH_9 -DINIT_BIN='"/init"' -DVERIFIED_BOOT_ENABLED -DBASE_ADDRESS=0x80000000 -DREMOVE_CARVEOUT_REGION -DQSPA_BOOTCONFIG_ENABLE  -c -o /home/vivy/gbl_root_canoe/edk2/Build/RELEASE_CLANG35/AARCH64/QcomModulePkg/Library/FastbootLib/FastbootLib/OUTPUT/./DeviceInfo.obj @/home/vivy/gbl_root_canoe/edk2/Build/RELEASE_CLANG35/AARCH64/QcomModulePkg/Library/FastbootLib/FastbootLib/OUTPUT/inc.lst /home/vivy/gbl_root_canoe/edk2/QcomModulePkg/Library/FastbootLib/DeviceInfo.c
DeviceInfo.s:4:2: warning: inconsistent use of MD5 checksums
        .file   1 "/home/vivy/gbl_root_canoe/edk2" "QcomModulePkg/Library/FastbootLib/DeviceInfo.c"
        ^
"/usr/bin/clang" -g -fshort-wchar -fno-strict-aliasing -Wall -Werror -Wno-array-bounds -c -include AutoGen.h -mlittle-endian -fno-short-enums -save-temps -fverbose-asm -fsigned-char -ffunction-sections -fdata-sections -fomit-frame-pointer -fno-builtin -Wno-address -fno-asynchronous-unwind-tables -target aarch64-linux-gnu -mcmodel=small -mstrict-align -Wno-parentheses-equality -Wno-tautological-compare -Wno-tautological-constant-out-of-range-compare -Wno-empty-body -D=__FORTIFY_SOURCE -D_FORTIFY_SOURCE=2 -O2 -Wno-shift-negative-value -fstack-protector-all -Wno-varargs -fno-common -Wno-misleading-indentation -Wno-unknown-warning-option  -mtune=cortex-a53 -Oz        -DZ_SOLO -DPRODUCT_NAME=\"canoe\" -DENABLE_UPDATE_PARTITIONS_CMDS -DENABLE_BOOT_CMD -DENABLE_DEVICE_CRITICAL_LOCK_UNLOCK_CMDS -DAUTO_PATCH_ABL -DDISABLE_PATCH_2 -DDISABLE_PATCH_3 -DDISABLE_PATCH_4 -DDISABLE_PATCH_5 -DDISABLE_PATCH_6 -DDISABLE_PATCH_7 -DDISABLE_PATCH_8 -DDISABLE_PATCH_9 -DINIT_BIN='"/init"' -DVERIFIED_BOOT_ENABLED -DBASE_ADDRESS=0x80000000 -DREMOVE_CARVEOUT_REGION -DQSPA_BOOTCONFIG_ENABLE  -c -o /home/vivy/gbl_root_canoe/edk2/Build/RELEASE_CLANG35/AARCH64/QcomModulePkg/Library/FastbootLib/FastbootLib/OUTPUT/./FastbootCmds.obj @/home/vivy/gbl_root_canoe/edk2/Build/RELEASE_CLANG35/AARCH64/QcomModulePkg/Library/FastbootLib/FastbootLib/OUTPUT/inc.lst /home/vivy/gbl_root_canoe/edk2/QcomModulePkg/Library/FastbootLib/FastbootCmds.c
FastbootCmds.s:4:2: warning: inconsistent use of MD5 checksums
        .file   1 "/home/vivy/gbl_root_canoe/edk2" "QcomModulePkg/Library/FastbootLib/FastbootCmds.c"
        ^
"/usr/bin/clang" -g -fshort-wchar -fno-strict-aliasing -Wall -Werror -Wno-array-bounds -c -include AutoGen.h -mlittle-endian -fno-short-enums -save-temps -fverbose-asm -fsigned-char -ffunction-sections -fdata-sections -fomit-frame-pointer -fno-builtin -Wno-address -fno-asynchronous-unwind-tables -target aarch64-linux-gnu -mcmodel=small -mstrict-align -Wno-parentheses-equality -Wno-tautological-compare -Wno-tautological-constant-out-of-range-compare -Wno-empty-body -D=__FORTIFY_SOURCE -D_FORTIFY_SOURCE=2 -O2 -Wno-shift-negative-value -fstack-protector-all -Wno-varargs -fno-common -Wno-misleading-indentation -Wno-unknown-warning-option  -mtune=cortex-a53 -Oz        -DZ_SOLO -DPRODUCT_NAME=\"canoe\" -DENABLE_UPDATE_PARTITIONS_CMDS -DENABLE_BOOT_CMD -DENABLE_DEVICE_CRITICAL_LOCK_UNLOCK_CMDS -DAUTO_PATCH_ABL -DDISABLE_PATCH_2 -DDISABLE_PATCH_3 -DDISABLE_PATCH_4 -DDISABLE_PATCH_5 -DDISABLE_PATCH_6 -DDISABLE_PATCH_7 -DDISABLE_PATCH_8 -DDISABLE_PATCH_9 -DINIT_BIN='"/init"' -DVERIFIED_BOOT_ENABLED -DBASE_ADDRESS=0x80000000 -DREMOVE_CARVEOUT_REGION -DQSPA_BOOTCONFIG_ENABLE  -c -o /home/vivy/gbl_root_canoe/edk2/Build/RELEASE_CLANG35/AARCH64/QcomModulePkg/Library/FastbootLib/FastbootLib/OUTPUT/./FastbootMain.obj @/home/vivy/gbl_root_canoe/edk2/Build/RELEASE_CLANG35/AARCH64/QcomModulePkg/Library/FastbootLib/FastbootLib/OUTPUT/inc.lst /home/vivy/gbl_root_canoe/edk2/QcomModulePkg/Library/FastbootLib/FastbootMain.c
FastbootMain.s:4:2: warning: inconsistent use of MD5 checksums
        .file   1 "/home/vivy/gbl_root_canoe/edk2" "MdePkg/Include/AArch64/ProcessorBind.h"
        ^
"/usr/bin/clang" -g -fshort-wchar -fno-strict-aliasing -Wall -Werror -Wno-array-bounds -c -include AutoGen.h -mlittle-endian -fno-short-enums -save-temps -fverbose-asm -fsigned-char -ffunction-sections -fdata-sections -fomit-frame-pointer -fno-builtin -Wno-address -fno-asynchronous-unwind-tables -target aarch64-linux-gnu -mcmodel=small -mstrict-align -Wno-parentheses-equality -Wno-tautological-compare -Wno-tautological-constant-out-of-range-compare -Wno-empty-body -D=__FORTIFY_SOURCE -D_FORTIFY_SOURCE=2 -O2 -Wno-shift-negative-value -fstack-protector-all -Wno-varargs -fno-common -Wno-misleading-indentation -Wno-unknown-warning-option  -mtune=cortex-a53 -Oz        -DZ_SOLO -DPRODUCT_NAME=\"canoe\" -DENABLE_UPDATE_PARTITIONS_CMDS -DENABLE_BOOT_CMD -DENABLE_DEVICE_CRITICAL_LOCK_UNLOCK_CMDS -DAUTO_PATCH_ABL -DDISABLE_PATCH_2 -DDISABLE_PATCH_3 -DDISABLE_PATCH_4 -DDISABLE_PATCH_5 -DDISABLE_PATCH_6 -DDISABLE_PATCH_7 -DDISABLE_PATCH_8 -DDISABLE_PATCH_9 -DINIT_BIN='"/init"' -DVERIFIED_BOOT_ENABLED -DBASE_ADDRESS=0x80000000 -DREMOVE_CARVEOUT_REGION -DQSPA_BOOTCONFIG_ENABLE  -c -o /home/vivy/gbl_root_canoe/edk2/Build/RELEASE_CLANG35/AARCH64/QcomModulePkg/Library/FastbootLib/FastbootLib/OUTPUT/./LinuxLoaderLib.obj @/home/vivy/gbl_root_canoe/edk2/Build/RELEASE_CLANG35/AARCH64/QcomModulePkg/Library/FastbootLib/FastbootLib/OUTPUT/inc.lst /home/vivy/gbl_root_canoe/edk2/QcomModulePkg/Library/FastbootLib/LinuxLoaderLib.c
LinuxLoaderLib.s:4:2: warning: inconsistent use of MD5 checksums
        .file   1 "/home/vivy/gbl_root_canoe/edk2" "MdePkg/Include/AArch64/ProcessorBind.h"
        ^
"/usr/bin/clang" -g -fshort-wchar -fno-strict-aliasing -Wall -Werror -Wno-array-bounds -c -include AutoGen.h -mlittle-endian -fno-short-enums -save-temps -fverbose-asm -fsigned-char -ffunction-sections -fdata-sections -fomit-frame-pointer -fno-builtin -Wno-address -fno-asynchronous-unwind-tables -target aarch64-linux-gnu -mcmodel=small -mstrict-align -Wno-parentheses-equality -Wno-tautological-compare -Wno-tautological-constant-out-of-range-compare -Wno-empty-body -D=__FORTIFY_SOURCE -D_FORTIFY_SOURCE=2 -O2 -Wno-shift-negative-value -fstack-protector-all -Wno-varargs -fno-common -Wno-misleading-indentation -Wno-unknown-warning-option  -mtune=cortex-a53 -Oz        -DZ_SOLO -DPRODUCT_NAME=\"canoe\" -DENABLE_UPDATE_PARTITIONS_CMDS -DENABLE_BOOT_CMD -DENABLE_DEVICE_CRITICAL_LOCK_UNLOCK_CMDS -DAUTO_PATCH_ABL -DDISABLE_PATCH_2 -DDISABLE_PATCH_3 -DDISABLE_PATCH_4 -DDISABLE_PATCH_5 -DDISABLE_PATCH_6 -DDISABLE_PATCH_7 -DDISABLE_PATCH_8 -DDISABLE_PATCH_9 -DINIT_BIN='"/init"' -DVERIFIED_BOOT_ENABLED -DBASE_ADDRESS=0x80000000 -DREMOVE_CARVEOUT_REGION -DQSPA_BOOTCONFIG_ENABLE  -c -o /home/vivy/gbl_root_canoe/edk2/Build/RELEASE_CLANG35/AARCH64/QcomModulePkg/Library/FastbootLib/FastbootLib/OUTPUT/./PartitionTableUpdate.obj @/home/vivy/gbl_root_canoe/edk2/Build/RELEASE_CLANG35/AARCH64/QcomModulePkg/Library/FastbootLib/FastbootLib/OUTPUT/inc.lst /home/vivy/gbl_root_canoe/edk2/QcomModulePkg/Library/FastbootLib/PartitionTableUpdate.c
PartitionTableUpdate.s:4:2: warning: inconsistent use of MD5 checksums
        .file   1 "/home/vivy/gbl_root_canoe/edk2" "QcomModulePkg/Library/FastbootLib/PartitionTableUpdate.c"
        ^
"/usr/bin/clang" -g -fshort-wchar -fno-strict-aliasing -Wall -Werror -Wno-array-bounds -c -include AutoGen.h -mlittle-endian -fno-short-enums -save-temps -fverbose-asm -fsigned-char -ffunction-sections -fdata-sections -fomit-frame-pointer -fno-builtin -Wno-address -fno-asynchronous-unwind-tables -target aarch64-linux-gnu -mcmodel=small -mstrict-align -Wno-parentheses-equality -Wno-tautological-compare -Wno-tautological-constant-out-of-range-compare -Wno-empty-body -D=__FORTIFY_SOURCE -D_FORTIFY_SOURCE=2 -O2 -Wno-shift-negative-value -fstack-protector-all -Wno-varargs -fno-common -Wno-misleading-indentation -Wno-unknown-warning-option  -mtune=cortex-a53 -Oz        -DZ_SOLO -DPRODUCT_NAME=\"canoe\" -DENABLE_UPDATE_PARTITIONS_CMDS -DENABLE_BOOT_CMD -DENABLE_DEVICE_CRITICAL_LOCK_UNLOCK_CMDS -DAUTO_PATCH_ABL -DDISABLE_PATCH_2 -DDISABLE_PATCH_3 -DDISABLE_PATCH_4 -DDISABLE_PATCH_5 -DDISABLE_PATCH_6 -DDISABLE_PATCH_7 -DDISABLE_PATCH_8 -DDISABLE_PATCH_9 -DINIT_BIN='"/init"' -DVERIFIED_BOOT_ENABLED -DBASE_ADDRESS=0x80000000 -DREMOVE_CARVEOUT_REGION -DQSPA_BOOTCONFIG_ENABLE  -c -o /home/vivy/gbl_root_canoe/edk2/Build/RELEASE_CLANG35/AARCH64/QcomModulePkg/Library/FastbootLib/FastbootLib/OUTPUT/./ShutdownServices.obj @/home/vivy/gbl_root_canoe/edk2/Build/RELEASE_CLANG35/AARCH64/QcomModulePkg/Library/FastbootLib/FastbootLib/OUTPUT/inc.lst /home/vivy/gbl_root_canoe/edk2/QcomModulePkg/Library/FastbootLib/ShutdownServices.c
ShutdownServices.s:4:2: warning: inconsistent use of MD5 checksums
        .file   1 "/home/vivy/gbl_root_canoe/edk2" "QcomModulePkg/Library/FastbootLib/ShutdownServices.c"
        ^
"/usr/bin/clang" -g -fshort-wchar -fno-strict-aliasing -Wall -Werror -Wno-array-bounds -c -include AutoGen.h -mlittle-endian -fno-short-enums -save-temps -fverbose-asm -fsigned-char -ffunction-sections -fdata-sections -fomit-frame-pointer -fno-builtin -Wno-address -fno-asynchronous-unwind-tables -target aarch64-linux-gnu -mcmodel=small -mstrict-align -Wno-parentheses-equality -Wno-tautological-compare -Wno-tautological-constant-out-of-range-compare -Wno-empty-body -D=__FORTIFY_SOURCE -D_FORTIFY_SOURCE=2 -O2 -Wno-shift-negative-value -fstack-protector-all -Wno-varargs -fno-common -Wno-misleading-indentation -Wno-unknown-warning-option  -mtune=cortex-a53 -Oz        -DZ_SOLO -DPRODUCT_NAME=\"canoe\" -DENABLE_UPDATE_PARTITIONS_CMDS -DENABLE_BOOT_CMD -DENABLE_DEVICE_CRITICAL_LOCK_UNLOCK_CMDS -DAUTO_PATCH_ABL -DDISABLE_PATCH_2 -DDISABLE_PATCH_3 -DDISABLE_PATCH_4 -DDISABLE_PATCH_5 -DDISABLE_PATCH_6 -DDISABLE_PATCH_7 -DDISABLE_PATCH_8 -DDISABLE_PATCH_9 -DINIT_BIN='"/init"' -DVERIFIED_BOOT_ENABLED -DBASE_ADDRESS=0x80000000 -DREMOVE_CARVEOUT_REGION -DQSPA_BOOTCONFIG_ENABLE  -c -o /home/vivy/gbl_root_canoe/edk2/Build/RELEASE_CLANG35/AARCH64/QcomModulePkg/Library/FastbootLib/FastbootLib/OUTPUT/./ThreadStack.obj @/home/vivy/gbl_root_canoe/edk2/Build/RELEASE_CLANG35/AARCH64/QcomModulePkg/Library/FastbootLib/FastbootLib/OUTPUT/inc.lst /home/vivy/gbl_root_canoe/edk2/QcomModulePkg/Library/FastbootLib/ThreadStack.c
ThreadStack.s:4:2: warning: inconsistent use of MD5 checksums
        .file   1 "/home/vivy/gbl_root_canoe/edk2" "QcomModulePkg/Library/FastbootLib/ThreadStack.c"
        ^
"/usr/bin/clang" -g -fshort-wchar -fno-strict-aliasing -Wall -Werror -Wno-array-bounds -c -include AutoGen.h -mlittle-endian -fno-short-enums -save-temps -fverbose-asm -fsigned-char -ffunction-sections -fdata-sections -fomit-frame-pointer -fno-builtin -Wno-address -fno-asynchronous-unwind-tables -target aarch64-linux-gnu -mcmodel=small -mstrict-align -Wno-parentheses-equality -Wno-tautological-compare -Wno-tautological-constant-out-of-range-compare -Wno-empty-body -D=__FORTIFY_SOURCE -D_FORTIFY_SOURCE=2 -O2 -Wno-shift-negative-value -fstack-protector-all -Wno-varargs -fno-common -Wno-misleading-indentation -Wno-unknown-warning-option  -mtune=cortex-a53 -Oz        -DZ_SOLO -DPRODUCT_NAME=\"canoe\" -DENABLE_UPDATE_PARTITIONS_CMDS -DENABLE_BOOT_CMD -DENABLE_DEVICE_CRITICAL_LOCK_UNLOCK_CMDS -DAUTO_PATCH_ABL -DDISABLE_PATCH_2 -DDISABLE_PATCH_3 -DDISABLE_PATCH_4 -DDISABLE_PATCH_5 -DDISABLE_PATCH_6 -DDISABLE_PATCH_7 -DDISABLE_PATCH_8 -DDISABLE_PATCH_9 -DINIT_BIN='"/init"' -DVERIFIED_BOOT_ENABLED -DBASE_ADDRESS=0x80000000 -DREMOVE_CARVEOUT_REGION -DQSPA_BOOTCONFIG_ENABLE  -c -o /home/vivy/gbl_root_canoe/edk2/Build/RELEASE_CLANG35/AARCH64/QcomModulePkg/Library/FastbootLib/FastbootLib/OUTPUT/./UsbDescriptors.obj @/home/vivy/gbl_root_canoe/edk2/Build/RELEASE_CLANG35/AARCH64/QcomModulePkg/Library/FastbootLib/FastbootLib/OUTPUT/inc.lst /home/vivy/gbl_root_canoe/edk2/QcomModulePkg/Library/FastbootLib/UsbDescriptors.c
UsbDescriptors.s:4:2: warning: inconsistent use of MD5 checksums
        .file   1 "/home/vivy/gbl_root_canoe/edk2" "MdePkg/Include/AArch64/ProcessorBind.h"
        ^
rm -f /home/vivy/gbl_root_canoe/edk2/Build/RELEASE_CLANG35/AARCH64/QcomModulePkg/Library/FastbootLib/FastbootLib/OUTPUT/FastbootLib.lib
"/usr/bin/llvm-ar" -cr /home/vivy/gbl_root_canoe/edk2/Build/RELEASE_CLANG35/AARCH64/QcomModulePkg/Library/FastbootLib/FastbootLib/OUTPUT/FastbootLib.lib  @/home/vivy/gbl_root_canoe/edk2/Build/RELEASE_CLANG35/AARCH64/QcomModulePkg/Library/FastbootLib/FastbootLib/OUTPUT/object_files.lst
make[2]: Leaving directory '/home/vivy/gbl_root_canoe/edk2/Build/RELEASE_CLANG35/AARCH64/QcomModulePkg/Library/FastbootLib/FastbootLib'
Building ... /home/vivy/gbl_root_canoe/edk2/ArmPkg/Library/ArmArchTimerLib/ArmArchTimerLib.inf [AARCH64]
make[2]: Entering directory '/home/vivy/gbl_root_canoe/edk2/Build/RELEASE_CLANG35/AARCH64/ArmPkg/Library/ArmArchTimerLib/ArmArchTimerLib'
"/usr/bin/clang" -g -fshort-wchar -fno-strict-aliasing -Wall -Werror -Wno-array-bounds -c -include AutoGen.h -mlittle-endian -fno-short-enums -save-temps -fverbose-asm -fsigned-char -ffunction-sections -fdata-sections -fomit-frame-pointer -fno-builtin -Wno-address -fno-asynchronous-unwind-tables -target aarch64-linux-gnu -mcmodel=small -mstrict-align -Wno-parentheses-equality -Wno-tautological-compare -Wno-tautological-constant-out-of-range-compare -Wno-empty-body -D=__FORTIFY_SOURCE -D_FORTIFY_SOURCE=2 -O2 -Wno-shift-negative-value -fstack-protector-all -Wno-varargs -fno-common -Wno-misleading-indentation -Wno-unknown-warning-option  -mtune=cortex-a53 -Oz -DZ_SOLO -DPRODUCT_NAME=\"canoe\" -DENABLE_UPDATE_PARTITIONS_CMDS -DENABLE_BOOT_CMD -DENABLE_DEVICE_CRITICAL_LOCK_UNLOCK_CMDS -DAUTO_PATCH_ABL -DDISABLE_PATCH_2 -DDISABLE_PATCH_3 -DDISABLE_PATCH_4 -DDISABLE_PATCH_5 -DDISABLE_PATCH_6 -DDISABLE_PATCH_7 -DDISABLE_PATCH_8 -DDISABLE_PATCH_9 -DINIT_BIN='"/init"' -DVERIFIED_BOOT_ENABLED -DBASE_ADDRESS=0x80000000 -DREMOVE_CARVEOUT_REGION -DQSPA_BOOTCONFIG_ENABLE  -c -o /home/vivy/gbl_root_canoe/edk2/Build/RELEASE_CLANG35/AARCH64/ArmPkg/Library/ArmArchTimerLib/ArmArchTimerLib/OUTPUT/./ArmArchTimerLib.obj @/home/vivy/gbl_root_canoe/edk2/Build/RELEASE_CLANG35/AARCH64/ArmPkg/Library/ArmArchTimerLib/ArmArchTimerLib/OUTPUT/inc.lst /home/vivy/gbl_root_canoe/edk2/ArmPkg/Library/ArmArchTimerLib/ArmArchTimerLib.c
ArmArchTimerLib.s:4:2: warning: inconsistent use of MD5 checksums
        .file   1 "/home/vivy/gbl_root_canoe/edk2" "ArmPkg/Library/ArmArchTimerLib/ArmArchTimerLib.c"
        ^
rm -f /home/vivy/gbl_root_canoe/edk2/Build/RELEASE_CLANG35/AARCH64/ArmPkg/Library/ArmArchTimerLib/ArmArchTimerLib/OUTPUT/ArmArchTimerLib.lib
"/usr/bin/llvm-ar" -cr /home/vivy/gbl_root_canoe/edk2/Build/RELEASE_CLANG35/AARCH64/ArmPkg/Library/ArmArchTimerLib/ArmArchTimerLib/OUTPUT/ArmArchTimerLib.lib  @/home/vivy/gbl_root_canoe/edk2/Build/RELEASE_CLANG35/AARCH64/ArmPkg/Library/ArmArchTimerLib/ArmArchTimerLib/OUTPUT/object_files.lst
make[2]: Leaving directory '/home/vivy/gbl_root_canoe/edk2/Build/RELEASE_CLANG35/AARCH64/ArmPkg/Library/ArmArchTimerLib/ArmArchTimerLib'
Building ... /home/vivy/gbl_root_canoe/edk2/EmbeddedPkg/Library/LibUfdt/LibUfdt.inf [AARCH64]
make[2]: Entering directory '/home/vivy/gbl_root_canoe/edk2/Build/RELEASE_CLANG35/AARCH64/EmbeddedPkg/Library/LibUfdt/LibUfdt'
"/usr/bin/clang" -g -fshort-wchar -fno-strict-aliasing -Wall -Werror -Wno-array-bounds -c -include AutoGen.h -mlittle-endian -fno-short-enums -save-temps -fverbose-asm -fsigned-char -ffunction-sections -fdata-sections -fomit-frame-pointer -fno-builtin -Wno-address -fno-asynchronous-unwind-tables -target aarch64-linux-gnu -mcmodel=small -mstrict-align -Wno-parentheses-equality -Wno-tautological-compare -Wno-tautological-constant-out-of-range-compare -Wno-empty-body -D=__FORTIFY_SOURCE -D_FORTIFY_SOURCE=2 -O2 -Wno-shift-negative-value -fstack-protector-all -Wno-varargs -fno-common -Wno-misleading-indentation -Wno-unknown-warning-option  -mtune=cortex-a53 -Oz -Wno-error -Oz -O2 -DZ_SOLO -DPRODUCT_NAME=\"canoe\" -DENABLE_UPDATE_PARTITIONS_CMDS -DENABLE_BOOT_CMD -DENABLE_DEVICE_CRITICAL_LOCK_UNLOCK_CMDS -DAUTO_PATCH_ABL -DDISABLE_PATCH_2 -DDISABLE_PATCH_3 -DDISABLE_PATCH_4 -DDISABLE_PATCH_5 -DDISABLE_PATCH_6 -DDISABLE_PATCH_7 -DDISABLE_PATCH_8 -DDISABLE_PATCH_9 -DINIT_BIN='"/init"' -DVERIFIED_BOOT_ENABLED -DBASE_ADDRESS=0x80000000 -DREMOVE_CARVEOUT_REGION -DQSPA_BOOTCONFIG_ENABLE  -c -o /home/vivy/gbl_root_canoe/edk2/Build/RELEASE_CLANG35/AARCH64/EmbeddedPkg/Library/LibUfdt/LibUfdt/OUTPUT/sysdeps/libufdt_sysdeps_vendor.obj @/home/vivy/gbl_root_canoe/edk2/Build/RELEASE_CLANG35/AARCH64/EmbeddedPkg/Library/LibUfdt/LibUfdt/OUTPUT/inc.lst /home/vivy/gbl_root_canoe/edk2/EmbeddedPkg/Library/LibUfdt/sysdeps/libufdt_sysdeps_vendor.c
libufdt_sysdeps_vendor.s:4:2: warning: inconsistent use of MD5 checksums
        .file   1 "/home/vivy/gbl_root_canoe/edk2" "EmbeddedPkg/Library/LibUfdt/sysdeps/libufdt_sysdeps_vendor.c"
        ^
"/usr/bin/clang" -g -fshort-wchar -fno-strict-aliasing -Wall -Werror -Wno-array-bounds -c -include AutoGen.h -mlittle-endian -fno-short-enums -save-temps -fverbose-asm -fsigned-char -ffunction-sections -fdata-sections -fomit-frame-pointer -fno-builtin -Wno-address -fno-asynchronous-unwind-tables -target aarch64-linux-gnu -mcmodel=small -mstrict-align -Wno-parentheses-equality -Wno-tautological-compare -Wno-tautological-constant-out-of-range-compare -Wno-empty-body -D=__FORTIFY_SOURCE -D_FORTIFY_SOURCE=2 -O2 -Wno-shift-negative-value -fstack-protector-all -Wno-varargs -fno-common -Wno-misleading-indentation -Wno-unknown-warning-option  -mtune=cortex-a53 -Oz -Wno-error -Oz -O2 -DZ_SOLO -DPRODUCT_NAME=\"canoe\" -DENABLE_UPDATE_PARTITIONS_CMDS -DENABLE_BOOT_CMD -DENABLE_DEVICE_CRITICAL_LOCK_UNLOCK_CMDS -DAUTO_PATCH_ABL -DDISABLE_PATCH_2 -DDISABLE_PATCH_3 -DDISABLE_PATCH_4 -DDISABLE_PATCH_5 -DDISABLE_PATCH_6 -DDISABLE_PATCH_7 -DDISABLE_PATCH_8 -DDISABLE_PATCH_9 -DINIT_BIN='"/init"' -DVERIFIED_BOOT_ENABLED -DBASE_ADDRESS=0x80000000 -DREMOVE_CARVEOUT_REGION -DQSPA_BOOTCONFIG_ENABLE  -c -o /home/vivy/gbl_root_canoe/edk2/Build/RELEASE_CLANG35/AARCH64/EmbeddedPkg/Library/LibUfdt/LibUfdt/OUTPUT/./ufdt_convert.obj @/home/vivy/gbl_root_canoe/edk2/Build/RELEASE_CLANG35/AARCH64/EmbeddedPkg/Library/LibUfdt/LibUfdt/OUTPUT/inc.lst /home/vivy/gbl_root_canoe/edk2/EmbeddedPkg/Library/LibUfdt/ufdt_convert.c
In file included from /home/vivy/gbl_root_canoe/edk2/EmbeddedPkg/Library/LibUfdt/ufdt_convert.c:3:
/home/vivy/gbl_root_canoe/edk2/EmbeddedPkg/Library/LibUfdt/fdt_internal.h:125:12: warning: unused function 'fast_fdt_sw_property' [-Wunused-function]
  125 | static int fast_fdt_sw_property(void *fdt, const char *name, const void *val,
      |            ^~~~~~~~~~~~~~~~~~~~
In file included from /home/vivy/gbl_root_canoe/edk2/EmbeddedPkg/Library/LibUfdt/ufdt_convert.c:4:
/home/vivy/gbl_root_canoe/edk2/EmbeddedPkg/Library/LibUfdt/ufdt_util.h:8:20: warning: unused function 'tag_name' [-Wunused-function]
    8 | static const char *tag_name(uint32_t tag) {
      |                    ^~~~~~~~
/home/vivy/gbl_root_canoe/edk2/EmbeddedPkg/Library/LibUfdt/ufdt_util.h:22:20: warning: unused function 'get_name' [-Wunused-function]
   22 | static const char *get_name(void *fdtp, struct ufdt_node *node) {
      |                    ^~~~~~~~
/home/vivy/gbl_root_canoe/edk2/EmbeddedPkg/Library/LibUfdt/ufdt_util.h:42:20: warning: unused function 'value_of' [-Wunused-function]
   42 | static const void *value_of(const struct ufdt_node *node) {
      |                    ^~~~~~~~
/home/vivy/gbl_root_canoe/edk2/EmbeddedPkg/Library/LibUfdt/ufdt_util.h:58:12: warning: unused function 'get_hash' [-Wunused-function]
   58 | static int get_hash(const char *str) { return get_hash_len(str, dto_strlen(str)); }
      |            ^~~~~~~~
5 warnings generated.
ufdt_convert.s:4:2: warning: inconsistent use of MD5 checksums
        .file   1 "/home/vivy/gbl_root_canoe/edk2" "EmbeddedPkg/Library/LibUfdt/ufdt_convert.c"
        ^
"/usr/bin/clang" -g -fshort-wchar -fno-strict-aliasing -Wall -Werror -Wno-array-bounds -c -include AutoGen.h -mlittle-endian -fno-short-enums -save-temps -fverbose-asm -fsigned-char -ffunction-sections -fdata-sections -fomit-frame-pointer -fno-builtin -Wno-address -fno-asynchronous-unwind-tables -target aarch64-linux-gnu -mcmodel=small -mstrict-align -Wno-parentheses-equality -Wno-tautological-compare -Wno-tautological-constant-out-of-range-compare -Wno-empty-body -D=__FORTIFY_SOURCE -D_FORTIFY_SOURCE=2 -O2 -Wno-shift-negative-value -fstack-protector-all -Wno-varargs -fno-common -Wno-misleading-indentation -Wno-unknown-warning-option  -mtune=cortex-a53 -Oz -Wno-error -Oz -O2 -DZ_SOLO -DPRODUCT_NAME=\"canoe\" -DENABLE_UPDATE_PARTITIONS_CMDS -DENABLE_BOOT_CMD -DENABLE_DEVICE_CRITICAL_LOCK_UNLOCK_CMDS -DAUTO_PATCH_ABL -DDISABLE_PATCH_2 -DDISABLE_PATCH_3 -DDISABLE_PATCH_4 -DDISABLE_PATCH_5 -DDISABLE_PATCH_6 -DDISABLE_PATCH_7 -DDISABLE_PATCH_8 -DDISABLE_PATCH_9 -DINIT_BIN='"/init"' -DVERIFIED_BOOT_ENABLED -DBASE_ADDRESS=0x80000000 -DREMOVE_CARVEOUT_REGION -DQSPA_BOOTCONFIG_ENABLE  -c -o /home/vivy/gbl_root_canoe/edk2/Build/RELEASE_CLANG35/AARCH64/EmbeddedPkg/Library/LibUfdt/LibUfdt/OUTPUT/./ufdt_node.obj @/home/vivy/gbl_root_canoe/edk2/Build/RELEASE_CLANG35/AARCH64/EmbeddedPkg/Library/LibUfdt/LibUfdt/OUTPUT/inc.lst /home/vivy/gbl_root_canoe/edk2/EmbeddedPkg/Library/LibUfdt/ufdt_node.c
In file included from /home/vivy/gbl_root_canoe/edk2/EmbeddedPkg/Library/LibUfdt/ufdt_node.c:2:
/home/vivy/gbl_root_canoe/edk2/EmbeddedPkg/Library/LibUfdt/ufdt_util.h:8:20: warning: unused function 'tag_name' [-Wunused-function]
    8 | static const char *tag_name(uint32_t tag) {
      |                    ^~~~~~~~
/home/vivy/gbl_root_canoe/edk2/EmbeddedPkg/Library/LibUfdt/ufdt_util.h:42:20: warning: unused function 'value_of' [-Wunused-function]
   42 | static const void *value_of(const struct ufdt_node *node) {
      |                    ^~~~~~~~
/home/vivy/gbl_root_canoe/edk2/EmbeddedPkg/Library/LibUfdt/ufdt_util.h:58:12: warning: unused function 'get_hash' [-Wunused-function]
   58 | static int get_hash(const char *str) { return get_hash_len(str, dto_strlen(str)); }
      |            ^~~~~~~~
3 warnings generated.
ufdt_node.s:4:2: warning: inconsistent use of MD5 checksums
        .file   1 "/home/vivy/gbl_root_canoe/edk2" "EmbeddedPkg/Library/LibUfdt/ufdt_node.c"
        ^
"/usr/bin/clang" -g -fshort-wchar -fno-strict-aliasing -Wall -Werror -Wno-array-bounds -c -include AutoGen.h -mlittle-endian -fno-short-enums -save-temps -fverbose-asm -fsigned-char -ffunction-sections -fdata-sections -fomit-frame-pointer -fno-builtin -Wno-address -fno-asynchronous-unwind-tables -target aarch64-linux-gnu -mcmodel=small -mstrict-align -Wno-parentheses-equality -Wno-tautological-compare -Wno-tautological-constant-out-of-range-compare -Wno-empty-body -D=__FORTIFY_SOURCE -D_FORTIFY_SOURCE=2 -O2 -Wno-shift-negative-value -fstack-protector-all -Wno-varargs -fno-common -Wno-misleading-indentation -Wno-unknown-warning-option  -mtune=cortex-a53 -Oz -Wno-error -Oz -O2 -DZ_SOLO -DPRODUCT_NAME=\"canoe\" -DENABLE_UPDATE_PARTITIONS_CMDS -DENABLE_BOOT_CMD -DENABLE_DEVICE_CRITICAL_LOCK_UNLOCK_CMDS -DAUTO_PATCH_ABL -DDISABLE_PATCH_2 -DDISABLE_PATCH_3 -DDISABLE_PATCH_4 -DDISABLE_PATCH_5 -DDISABLE_PATCH_6 -DDISABLE_PATCH_7 -DDISABLE_PATCH_8 -DDISABLE_PATCH_9 -DINIT_BIN='"/init"' -DVERIFIED_BOOT_ENABLED -DBASE_ADDRESS=0x80000000 -DREMOVE_CARVEOUT_REGION -DQSPA_BOOTCONFIG_ENABLE  -c -o /home/vivy/gbl_root_canoe/edk2/Build/RELEASE_CLANG35/AARCH64/EmbeddedPkg/Library/LibUfdt/LibUfdt/OUTPUT/./ufdt_node_dict.obj @/home/vivy/gbl_root_canoe/edk2/Build/RELEASE_CLANG35/AARCH64/EmbeddedPkg/Library/LibUfdt/LibUfdt/OUTPUT/inc.lst /home/vivy/gbl_root_canoe/edk2/EmbeddedPkg/Library/LibUfdt/ufdt_node_dict.c
In file included from /home/vivy/gbl_root_canoe/edk2/EmbeddedPkg/Library/LibUfdt/ufdt_node_dict.c:3:
In file included from /home/vivy/gbl_root_canoe/edk2/EmbeddedPkg/Library/LibUfdt/ufdt_util.h:5:
/home/vivy/gbl_root_canoe/edk2/EmbeddedPkg/Library/LibUfdt/fdt_internal.h:125:12: warning: unused function 'fast_fdt_sw_property' [-Wunused-function]
  125 | static int fast_fdt_sw_property(void *fdt, const char *name, const void *val,
      |            ^~~~~~~~~~~~~~~~~~~~
In file included from /home/vivy/gbl_root_canoe/edk2/EmbeddedPkg/Library/LibUfdt/ufdt_node_dict.c:3:
/home/vivy/gbl_root_canoe/edk2/EmbeddedPkg/Library/LibUfdt/ufdt_util.h:8:20: warning: unused function 'tag_name' [-Wunused-function]
    8 | static const char *tag_name(uint32_t tag) {
      |                    ^~~~~~~~
/home/vivy/gbl_root_canoe/edk2/EmbeddedPkg/Library/LibUfdt/ufdt_util.h:22:20: warning: unused function 'get_name' [-Wunused-function]
   22 | static const char *get_name(void *fdtp, struct ufdt_node *node) {
      |                    ^~~~~~~~
/home/vivy/gbl_root_canoe/edk2/EmbeddedPkg/Library/LibUfdt/ufdt_util.h:42:20: warning: unused function 'value_of' [-Wunused-function]
   42 | static const void *value_of(const struct ufdt_node *node) {
      |                    ^~~~~~~~
/home/vivy/gbl_root_canoe/edk2/EmbeddedPkg/Library/LibUfdt/ufdt_util.h:58:12: warning: unused function 'get_hash' [-Wunused-function]
   58 | static int get_hash(const char *str) { return get_hash_len(str, dto_strlen(str)); }
      |            ^~~~~~~~
5 warnings generated.
ufdt_node_dict.s:4:2: warning: inconsistent use of MD5 checksums
        .file   1 "/home/vivy/gbl_root_canoe/edk2" "EmbeddedPkg/Library/LibUfdt/ufdt_node_dict.c"
        ^
"/usr/bin/clang" -g -fshort-wchar -fno-strict-aliasing -Wall -Werror -Wno-array-bounds -c -include AutoGen.h -mlittle-endian -fno-short-enums -save-temps -fverbose-asm -fsigned-char -ffunction-sections -fdata-sections -fomit-frame-pointer -fno-builtin -Wno-address -fno-asynchronous-unwind-tables -target aarch64-linux-gnu -mcmodel=small -mstrict-align -Wno-parentheses-equality -Wno-tautological-compare -Wno-tautological-constant-out-of-range-compare -Wno-empty-body -D=__FORTIFY_SOURCE -D_FORTIFY_SOURCE=2 -O2 -Wno-shift-negative-value -fstack-protector-all -Wno-varargs -fno-common -Wno-misleading-indentation -Wno-unknown-warning-option  -mtune=cortex-a53 -Oz -Wno-error -Oz -O2 -DZ_SOLO -DPRODUCT_NAME=\"canoe\" -DENABLE_UPDATE_PARTITIONS_CMDS -DENABLE_BOOT_CMD -DENABLE_DEVICE_CRITICAL_LOCK_UNLOCK_CMDS -DAUTO_PATCH_ABL -DDISABLE_PATCH_2 -DDISABLE_PATCH_3 -DDISABLE_PATCH_4 -DDISABLE_PATCH_5 -DDISABLE_PATCH_6 -DDISABLE_PATCH_7 -DDISABLE_PATCH_8 -DDISABLE_PATCH_9 -DINIT_BIN='"/init"' -DVERIFIED_BOOT_ENABLED -DBASE_ADDRESS=0x80000000 -DREMOVE_CARVEOUT_REGION -DQSPA_BOOTCONFIG_ENABLE  -c -o /home/vivy/gbl_root_canoe/edk2/Build/RELEASE_CLANG35/AARCH64/EmbeddedPkg/Library/LibUfdt/LibUfdt/OUTPUT/./ufdt_overlay.obj @/home/vivy/gbl_root_canoe/edk2/Build/RELEASE_CLANG35/AARCH64/EmbeddedPkg/Library/LibUfdt/LibUfdt/OUTPUT/inc.lst /home/vivy/gbl_root_canoe/edk2/EmbeddedPkg/Library/LibUfdt/ufdt_overlay.c
ufdt_overlay.s:4:2: warning: inconsistent use of MD5 checksums
        .file   1 "/home/vivy/gbl_root_canoe/edk2" "EmbeddedPkg/Library/LibUfdt/ufdt_overlay.c"
        ^
rm -f /home/vivy/gbl_root_canoe/edk2/Build/RELEASE_CLANG35/AARCH64/EmbeddedPkg/Library/LibUfdt/LibUfdt/OUTPUT/LibUfdt.lib
"/usr/bin/llvm-ar" -cr /home/vivy/gbl_root_canoe/edk2/Build/RELEASE_CLANG35/AARCH64/EmbeddedPkg/Library/LibUfdt/LibUfdt/OUTPUT/LibUfdt.lib  @/home/vivy/gbl_root_canoe/edk2/Build/RELEASE_CLANG35/AARCH64/EmbeddedPkg/Library/LibUfdt/LibUfdt/OUTPUT/object_files.lst
make[2]: Leaving directory '/home/vivy/gbl_root_canoe/edk2/Build/RELEASE_CLANG35/AARCH64/EmbeddedPkg/Library/LibUfdt/LibUfdt'
Building ... /home/vivy/gbl_root_canoe/edk2/EmbeddedPkg/Library/FdtLib/FdtLib.inf [AARCH64]
make[2]: Entering directory '/home/vivy/gbl_root_canoe/edk2/Build/RELEASE_CLANG35/AARCH64/EmbeddedPkg/Library/FdtLib/FdtLib'
"/usr/bin/clang" -g -fshort-wchar -fno-strict-aliasing -Wall -Werror -Wno-array-bounds -c -include AutoGen.h -mlittle-endian -fno-short-enums -save-temps -fverbose-asm -fsigned-char -ffunction-sections -fdata-sections -fomit-frame-pointer -fno-builtin -Wno-address -fno-asynchronous-unwind-tables -target aarch64-linux-gnu -mcmodel=small -mstrict-align -Wno-parentheses-equality -Wno-tautological-compare -Wno-tautological-constant-out-of-range-compare -Wno-empty-body -D=__FORTIFY_SOURCE -D_FORTIFY_SOURCE=2 -O2 -Wno-shift-negative-value -fstack-protector-all -Wno-varargs -fno-common -Wno-misleading-indentation -Wno-unknown-warning-option  -mtune=cortex-a53 -Oz -Oz -O2 -DZ_SOLO -DPRODUCT_NAME=\"canoe\" -DENABLE_UPDATE_PARTITIONS_CMDS -DENABLE_BOOT_CMD -DENABLE_DEVICE_CRITICAL_LOCK_UNLOCK_CMDS -DAUTO_PATCH_ABL -DDISABLE_PATCH_2 -DDISABLE_PATCH_3 -DDISABLE_PATCH_4 -DDISABLE_PATCH_5 -DDISABLE_PATCH_6 -DDISABLE_PATCH_7 -DDISABLE_PATCH_8 -DDISABLE_PATCH_9 -DINIT_BIN='"/init"' -DVERIFIED_BOOT_ENABLED -DBASE_ADDRESS=0x80000000 -DREMOVE_CARVEOUT_REGION -DQSPA_BOOTCONFIG_ENABLE  -c -o /home/vivy/gbl_root_canoe/edk2/Build/RELEASE_CLANG35/AARCH64/EmbeddedPkg/Library/FdtLib/FdtLib/OUTPUT/./fdt.obj @/home/vivy/gbl_root_canoe/edk2/Build/RELEASE_CLANG35/AARCH64/EmbeddedPkg/Library/FdtLib/FdtLib/OUTPUT/inc.lst /home/vivy/gbl_root_canoe/edk2/EmbeddedPkg/Library/FdtLib/fdt.c
fdt.s:4:2: warning: inconsistent use of MD5 checksums
        .file   1 "/home/vivy/gbl_root_canoe/edk2" "MdePkg/Include/Library/BaseLib.h"
        ^
"/usr/bin/clang" -g -fshort-wchar -fno-strict-aliasing -Wall -Werror -Wno-array-bounds -c -include AutoGen.h -mlittle-endian -fno-short-enums -save-temps -fverbose-asm -fsigned-char -ffunction-sections -fdata-sections -fomit-frame-pointer -fno-builtin -Wno-address -fno-asynchronous-unwind-tables -target aarch64-linux-gnu -mcmodel=small -mstrict-align -Wno-parentheses-equality -Wno-tautological-compare -Wno-tautological-constant-out-of-range-compare -Wno-empty-body -D=__FORTIFY_SOURCE -D_FORTIFY_SOURCE=2 -O2 -Wno-shift-negative-value -fstack-protector-all -Wno-varargs -fno-common -Wno-misleading-indentation -Wno-unknown-warning-option  -mtune=cortex-a53 -Oz -Oz -O2 -DZ_SOLO -DPRODUCT_NAME=\"canoe\" -DENABLE_UPDATE_PARTITIONS_CMDS -DENABLE_BOOT_CMD -DENABLE_DEVICE_CRITICAL_LOCK_UNLOCK_CMDS -DAUTO_PATCH_ABL -DDISABLE_PATCH_2 -DDISABLE_PATCH_3 -DDISABLE_PATCH_4 -DDISABLE_PATCH_5 -DDISABLE_PATCH_6 -DDISABLE_PATCH_7 -DDISABLE_PATCH_8 -DDISABLE_PATCH_9 -DINIT_BIN='"/init"' -DVERIFIED_BOOT_ENABLED -DBASE_ADDRESS=0x80000000 -DREMOVE_CARVEOUT_REGION -DQSPA_BOOTCONFIG_ENABLE  -c -o /home/vivy/gbl_root_canoe/edk2/Build/RELEASE_CLANG35/AARCH64/EmbeddedPkg/Library/FdtLib/FdtLib/OUTPUT/./fdt_addresses.obj @/home/vivy/gbl_root_canoe/edk2/Build/RELEASE_CLANG35/AARCH64/EmbeddedPkg/Library/FdtLib/FdtLib/OUTPUT/inc.lst /home/vivy/gbl_root_canoe/edk2/EmbeddedPkg/Library/FdtLib/fdt_addresses.c
fdt_addresses.s:4:2: warning: inconsistent use of MD5 checksums
        .file   1 "/home/vivy/gbl_root_canoe/edk2" "EmbeddedPkg/Library/FdtLib/fdt_addresses.c"
        ^
"/usr/bin/clang" -g -fshort-wchar -fno-strict-aliasing -Wall -Werror -Wno-array-bounds -c -include AutoGen.h -mlittle-endian -fno-short-enums -save-temps -fverbose-asm -fsigned-char -ffunction-sections -fdata-sections -fomit-frame-pointer -fno-builtin -Wno-address -fno-asynchronous-unwind-tables -target aarch64-linux-gnu -mcmodel=small -mstrict-align -Wno-parentheses-equality -Wno-tautological-compare -Wno-tautological-constant-out-of-range-compare -Wno-empty-body -D=__FORTIFY_SOURCE -D_FORTIFY_SOURCE=2 -O2 -Wno-shift-negative-value -fstack-protector-all -Wno-varargs -fno-common -Wno-misleading-indentation -Wno-unknown-warning-option  -mtune=cortex-a53 -Oz -Oz -O2 -DZ_SOLO -DPRODUCT_NAME=\"canoe\" -DENABLE_UPDATE_PARTITIONS_CMDS -DENABLE_BOOT_CMD -DENABLE_DEVICE_CRITICAL_LOCK_UNLOCK_CMDS -DAUTO_PATCH_ABL -DDISABLE_PATCH_2 -DDISABLE_PATCH_3 -DDISABLE_PATCH_4 -DDISABLE_PATCH_5 -DDISABLE_PATCH_6 -DDISABLE_PATCH_7 -DDISABLE_PATCH_8 -DDISABLE_PATCH_9 -DINIT_BIN='"/init"' -DVERIFIED_BOOT_ENABLED -DBASE_ADDRESS=0x80000000 -DREMOVE_CARVEOUT_REGION -DQSPA_BOOTCONFIG_ENABLE  -c -o /home/vivy/gbl_root_canoe/edk2/Build/RELEASE_CLANG35/AARCH64/EmbeddedPkg/Library/FdtLib/FdtLib/OUTPUT/./fdt_empty_tree.obj @/home/vivy/gbl_root_canoe/edk2/Build/RELEASE_CLANG35/AARCH64/EmbeddedPkg/Library/FdtLib/FdtLib/OUTPUT/inc.lst /home/vivy/gbl_root_canoe/edk2/EmbeddedPkg/Library/FdtLib/fdt_empty_tree.c
fdt_empty_tree.s:4:2: warning: inconsistent use of MD5 checksums
        .file   1 "/home/vivy/gbl_root_canoe/edk2" "EmbeddedPkg/Library/FdtLib/fdt_empty_tree.c"
        ^
"/usr/bin/clang" -g -fshort-wchar -fno-strict-aliasing -Wall -Werror -Wno-array-bounds -c -include AutoGen.h -mlittle-endian -fno-short-enums -save-temps -fverbose-asm -fsigned-char -ffunction-sections -fdata-sections -fomit-frame-pointer -fno-builtin -Wno-address -fno-asynchronous-unwind-tables -target aarch64-linux-gnu -mcmodel=small -mstrict-align -Wno-parentheses-equality -Wno-tautological-compare -Wno-tautological-constant-out-of-range-compare -Wno-empty-body -D=__FORTIFY_SOURCE -D_FORTIFY_SOURCE=2 -O2 -Wno-shift-negative-value -fstack-protector-all -Wno-varargs -fno-common -Wno-misleading-indentation -Wno-unknown-warning-option  -mtune=cortex-a53 -Oz -Oz -O2 -DZ_SOLO -DPRODUCT_NAME=\"canoe\" -DENABLE_UPDATE_PARTITIONS_CMDS -DENABLE_BOOT_CMD -DENABLE_DEVICE_CRITICAL_LOCK_UNLOCK_CMDS -DAUTO_PATCH_ABL -DDISABLE_PATCH_2 -DDISABLE_PATCH_3 -DDISABLE_PATCH_4 -DDISABLE_PATCH_5 -DDISABLE_PATCH_6 -DDISABLE_PATCH_7 -DDISABLE_PATCH_8 -DDISABLE_PATCH_9 -DINIT_BIN='"/init"' -DVERIFIED_BOOT_ENABLED -DBASE_ADDRESS=0x80000000 -DREMOVE_CARVEOUT_REGION -DQSPA_BOOTCONFIG_ENABLE  -c -o /home/vivy/gbl_root_canoe/edk2/Build/RELEASE_CLANG35/AARCH64/EmbeddedPkg/Library/FdtLib/FdtLib/OUTPUT/./fdt_overlay.obj @/home/vivy/gbl_root_canoe/edk2/Build/RELEASE_CLANG35/AARCH64/EmbeddedPkg/Library/FdtLib/FdtLib/OUTPUT/inc.lst /home/vivy/gbl_root_canoe/edk2/EmbeddedPkg/Library/FdtLib/fdt_overlay.c
fdt_overlay.s:4:2: warning: inconsistent use of MD5 checksums
        .file   1 "/home/vivy/gbl_root_canoe/edk2" "EmbeddedPkg/Library/FdtLib/fdt_overlay.c"
        ^
"/usr/bin/clang" -g -fshort-wchar -fno-strict-aliasing -Wall -Werror -Wno-array-bounds -c -include AutoGen.h -mlittle-endian -fno-short-enums -save-temps -fverbose-asm -fsigned-char -ffunction-sections -fdata-sections -fomit-frame-pointer -fno-builtin -Wno-address -fno-asynchronous-unwind-tables -target aarch64-linux-gnu -mcmodel=small -mstrict-align -Wno-parentheses-equality -Wno-tautological-compare -Wno-tautological-constant-out-of-range-compare -Wno-empty-body -D=__FORTIFY_SOURCE -D_FORTIFY_SOURCE=2 -O2 -Wno-shift-negative-value -fstack-protector-all -Wno-varargs -fno-common -Wno-misleading-indentation -Wno-unknown-warning-option  -mtune=cortex-a53 -Oz -Oz -O2 -DZ_SOLO -DPRODUCT_NAME=\"canoe\" -DENABLE_UPDATE_PARTITIONS_CMDS -DENABLE_BOOT_CMD -DENABLE_DEVICE_CRITICAL_LOCK_UNLOCK_CMDS -DAUTO_PATCH_ABL -DDISABLE_PATCH_2 -DDISABLE_PATCH_3 -DDISABLE_PATCH_4 -DDISABLE_PATCH_5 -DDISABLE_PATCH_6 -DDISABLE_PATCH_7 -DDISABLE_PATCH_8 -DDISABLE_PATCH_9 -DINIT_BIN='"/init"' -DVERIFIED_BOOT_ENABLED -DBASE_ADDRESS=0x80000000 -DREMOVE_CARVEOUT_REGION -DQSPA_BOOTCONFIG_ENABLE  -c -o /home/vivy/gbl_root_canoe/edk2/Build/RELEASE_CLANG35/AARCH64/EmbeddedPkg/Library/FdtLib/FdtLib/OUTPUT/./fdt_ro.obj @/home/vivy/gbl_root_canoe/edk2/Build/RELEASE_CLANG35/AARCH64/EmbeddedPkg/Library/FdtLib/FdtLib/OUTPUT/inc.lst /home/vivy/gbl_root_canoe/edk2/EmbeddedPkg/Library/FdtLib/fdt_ro.c
fdt_ro.s:4:2: warning: inconsistent use of MD5 checksums
        .file   1 "/home/vivy/gbl_root_canoe/edk2" "EmbeddedPkg/Library/FdtLib/fdt_ro.c"
        ^
"/usr/bin/clang" -g -fshort-wchar -fno-strict-aliasing -Wall -Werror -Wno-array-bounds -c -include AutoGen.h -mlittle-endian -fno-short-enums -save-temps -fverbose-asm -fsigned-char -ffunction-sections -fdata-sections -fomit-frame-pointer -fno-builtin -Wno-address -fno-asynchronous-unwind-tables -target aarch64-linux-gnu -mcmodel=small -mstrict-align -Wno-parentheses-equality -Wno-tautological-compare -Wno-tautological-constant-out-of-range-compare -Wno-empty-body -D=__FORTIFY_SOURCE -D_FORTIFY_SOURCE=2 -O2 -Wno-shift-negative-value -fstack-protector-all -Wno-varargs -fno-common -Wno-misleading-indentation -Wno-unknown-warning-option  -mtune=cortex-a53 -Oz -Oz -O2 -DZ_SOLO -DPRODUCT_NAME=\"canoe\" -DENABLE_UPDATE_PARTITIONS_CMDS -DENABLE_BOOT_CMD -DENABLE_DEVICE_CRITICAL_LOCK_UNLOCK_CMDS -DAUTO_PATCH_ABL -DDISABLE_PATCH_2 -DDISABLE_PATCH_3 -DDISABLE_PATCH_4 -DDISABLE_PATCH_5 -DDISABLE_PATCH_6 -DDISABLE_PATCH_7 -DDISABLE_PATCH_8 -DDISABLE_PATCH_9 -DINIT_BIN='"/init"' -DVERIFIED_BOOT_ENABLED -DBASE_ADDRESS=0x80000000 -DREMOVE_CARVEOUT_REGION -DQSPA_BOOTCONFIG_ENABLE  -c -o /home/vivy/gbl_root_canoe/edk2/Build/RELEASE_CLANG35/AARCH64/EmbeddedPkg/Library/FdtLib/FdtLib/OUTPUT/./fdt_rw.obj @/home/vivy/gbl_root_canoe/edk2/Build/RELEASE_CLANG35/AARCH64/EmbeddedPkg/Library/FdtLib/FdtLib/OUTPUT/inc.lst /home/vivy/gbl_root_canoe/edk2/EmbeddedPkg/Library/FdtLib/fdt_rw.c
fdt_rw.s:4:2: warning: inconsistent use of MD5 checksums
        .file   1 "/home/vivy/gbl_root_canoe/edk2" "MdePkg/Include/Library/BaseLib.h"
        ^
"/usr/bin/clang" -g -fshort-wchar -fno-strict-aliasing -Wall -Werror -Wno-array-bounds -c -include AutoGen.h -mlittle-endian -fno-short-enums -save-temps -fverbose-asm -fsigned-char -ffunction-sections -fdata-sections -fomit-frame-pointer -fno-builtin -Wno-address -fno-asynchronous-unwind-tables -target aarch64-linux-gnu -mcmodel=small -mstrict-align -Wno-parentheses-equality -Wno-tautological-compare -Wno-tautological-constant-out-of-range-compare -Wno-empty-body -D=__FORTIFY_SOURCE -D_FORTIFY_SOURCE=2 -O2 -Wno-shift-negative-value -fstack-protector-all -Wno-varargs -fno-common -Wno-misleading-indentation -Wno-unknown-warning-option  -mtune=cortex-a53 -Oz -Oz -O2 -DZ_SOLO -DPRODUCT_NAME=\"canoe\" -DENABLE_UPDATE_PARTITIONS_CMDS -DENABLE_BOOT_CMD -DENABLE_DEVICE_CRITICAL_LOCK_UNLOCK_CMDS -DAUTO_PATCH_ABL -DDISABLE_PATCH_2 -DDISABLE_PATCH_3 -DDISABLE_PATCH_4 -DDISABLE_PATCH_5 -DDISABLE_PATCH_6 -DDISABLE_PATCH_7 -DDISABLE_PATCH_8 -DDISABLE_PATCH_9 -DINIT_BIN='"/init"' -DVERIFIED_BOOT_ENABLED -DBASE_ADDRESS=0x80000000 -DREMOVE_CARVEOUT_REGION -DQSPA_BOOTCONFIG_ENABLE  -c -o /home/vivy/gbl_root_canoe/edk2/Build/RELEASE_CLANG35/AARCH64/EmbeddedPkg/Library/FdtLib/FdtLib/OUTPUT/./fdt_strerror.obj @/home/vivy/gbl_root_canoe/edk2/Build/RELEASE_CLANG35/AARCH64/EmbeddedPkg/Library/FdtLib/FdtLib/OUTPUT/inc.lst /home/vivy/gbl_root_canoe/edk2/EmbeddedPkg/Library/FdtLib/fdt_strerror.c
fdt_strerror.s:4:2: warning: inconsistent use of MD5 checksums
        .file   1 "/home/vivy/gbl_root_canoe/edk2" "EmbeddedPkg/Library/FdtLib/fdt_strerror.c"
        ^
"/usr/bin/clang" -g -fshort-wchar -fno-strict-aliasing -Wall -Werror -Wno-array-bounds -c -include AutoGen.h -mlittle-endian -fno-short-enums -save-temps -fverbose-asm -fsigned-char -ffunction-sections -fdata-sections -fomit-frame-pointer -fno-builtin -Wno-address -fno-asynchronous-unwind-tables -target aarch64-linux-gnu -mcmodel=small -mstrict-align -Wno-parentheses-equality -Wno-tautological-compare -Wno-tautological-constant-out-of-range-compare -Wno-empty-body -D=__FORTIFY_SOURCE -D_FORTIFY_SOURCE=2 -O2 -Wno-shift-negative-value -fstack-protector-all -Wno-varargs -fno-common -Wno-misleading-indentation -Wno-unknown-warning-option  -mtune=cortex-a53 -Oz -Oz -O2 -DZ_SOLO -DPRODUCT_NAME=\"canoe\" -DENABLE_UPDATE_PARTITIONS_CMDS -DENABLE_BOOT_CMD -DENABLE_DEVICE_CRITICAL_LOCK_UNLOCK_CMDS -DAUTO_PATCH_ABL -DDISABLE_PATCH_2 -DDISABLE_PATCH_3 -DDISABLE_PATCH_4 -DDISABLE_PATCH_5 -DDISABLE_PATCH_6 -DDISABLE_PATCH_7 -DDISABLE_PATCH_8 -DDISABLE_PATCH_9 -DINIT_BIN='"/init"' -DVERIFIED_BOOT_ENABLED -DBASE_ADDRESS=0x80000000 -DREMOVE_CARVEOUT_REGION -DQSPA_BOOTCONFIG_ENABLE  -c -o /home/vivy/gbl_root_canoe/edk2/Build/RELEASE_CLANG35/AARCH64/EmbeddedPkg/Library/FdtLib/FdtLib/OUTPUT/./fdt_strtoul.obj @/home/vivy/gbl_root_canoe/edk2/Build/RELEASE_CLANG35/AARCH64/EmbeddedPkg/Library/FdtLib/FdtLib/OUTPUT/inc.lst /home/vivy/gbl_root_canoe/edk2/EmbeddedPkg/Library/FdtLib/fdt_strtoul.c
fdt_strtoul.s:4:2: warning: inconsistent use of MD5 checksums
        .file   1 "/home/vivy/gbl_root_canoe/edk2" "EmbeddedPkg/Library/FdtLib/fdt_strtoul.c"
        ^
"/usr/bin/clang" -g -fshort-wchar -fno-strict-aliasing -Wall -Werror -Wno-array-bounds -c -include AutoGen.h -mlittle-endian -fno-short-enums -save-temps -fverbose-asm -fsigned-char -ffunction-sections -fdata-sections -fomit-frame-pointer -fno-builtin -Wno-address -fno-asynchronous-unwind-tables -target aarch64-linux-gnu -mcmodel=small -mstrict-align -Wno-parentheses-equality -Wno-tautological-compare -Wno-tautological-constant-out-of-range-compare -Wno-empty-body -D=__FORTIFY_SOURCE -D_FORTIFY_SOURCE=2 -O2 -Wno-shift-negative-value -fstack-protector-all -Wno-varargs -fno-common -Wno-misleading-indentation -Wno-unknown-warning-option  -mtune=cortex-a53 -Oz -Oz -O2 -DZ_SOLO -DPRODUCT_NAME=\"canoe\" -DENABLE_UPDATE_PARTITIONS_CMDS -DENABLE_BOOT_CMD -DENABLE_DEVICE_CRITICAL_LOCK_UNLOCK_CMDS -DAUTO_PATCH_ABL -DDISABLE_PATCH_2 -DDISABLE_PATCH_3 -DDISABLE_PATCH_4 -DDISABLE_PATCH_5 -DDISABLE_PATCH_6 -DDISABLE_PATCH_7 -DDISABLE_PATCH_8 -DDISABLE_PATCH_9 -DINIT_BIN='"/init"' -DVERIFIED_BOOT_ENABLED -DBASE_ADDRESS=0x80000000 -DREMOVE_CARVEOUT_REGION -DQSPA_BOOTCONFIG_ENABLE  -c -o /home/vivy/gbl_root_canoe/edk2/Build/RELEASE_CLANG35/AARCH64/EmbeddedPkg/Library/FdtLib/FdtLib/OUTPUT/./fdt_sw.obj @/home/vivy/gbl_root_canoe/edk2/Build/RELEASE_CLANG35/AARCH64/EmbeddedPkg/Library/FdtLib/FdtLib/OUTPUT/inc.lst /home/vivy/gbl_root_canoe/edk2/EmbeddedPkg/Library/FdtLib/fdt_sw.c
fdt_sw.s:4:2: warning: inconsistent use of MD5 checksums
        .file   1 "/home/vivy/gbl_root_canoe/edk2" "MdePkg/Include/Library/BaseLib.h"
        ^
"/usr/bin/clang" -g -fshort-wchar -fno-strict-aliasing -Wall -Werror -Wno-array-bounds -c -include AutoGen.h -mlittle-endian -fno-short-enums -save-temps -fverbose-asm -fsigned-char -ffunction-sections -fdata-sections -fomit-frame-pointer -fno-builtin -Wno-address -fno-asynchronous-unwind-tables -target aarch64-linux-gnu -mcmodel=small -mstrict-align -Wno-parentheses-equality -Wno-tautological-compare -Wno-tautological-constant-out-of-range-compare -Wno-empty-body -D=__FORTIFY_SOURCE -D_FORTIFY_SOURCE=2 -O2 -Wno-shift-negative-value -fstack-protector-all -Wno-varargs -fno-common -Wno-misleading-indentation -Wno-unknown-warning-option  -mtune=cortex-a53 -Oz -Oz -O2 -DZ_SOLO -DPRODUCT_NAME=\"canoe\" -DENABLE_UPDATE_PARTITIONS_CMDS -DENABLE_BOOT_CMD -DENABLE_DEVICE_CRITICAL_LOCK_UNLOCK_CMDS -DAUTO_PATCH_ABL -DDISABLE_PATCH_2 -DDISABLE_PATCH_3 -DDISABLE_PATCH_4 -DDISABLE_PATCH_5 -DDISABLE_PATCH_6 -DDISABLE_PATCH_7 -DDISABLE_PATCH_8 -DDISABLE_PATCH_9 -DINIT_BIN='"/init"' -DVERIFIED_BOOT_ENABLED -DBASE_ADDRESS=0x80000000 -DREMOVE_CARVEOUT_REGION -DQSPA_BOOTCONFIG_ENABLE  -c -o /home/vivy/gbl_root_canoe/edk2/Build/RELEASE_CLANG35/AARCH64/EmbeddedPkg/Library/FdtLib/FdtLib/OUTPUT/./fdt_wip.obj @/home/vivy/gbl_root_canoe/edk2/Build/RELEASE_CLANG35/AARCH64/EmbeddedPkg/Library/FdtLib/FdtLib/OUTPUT/inc.lst /home/vivy/gbl_root_canoe/edk2/EmbeddedPkg/Library/FdtLib/fdt_wip.c
fdt_wip.s:4:2: warning: inconsistent use of MD5 checksums
        .file   1 "/home/vivy/gbl_root_canoe/edk2" "MdePkg/Include/Library/BaseLib.h"
        ^
rm -f /home/vivy/gbl_root_canoe/edk2/Build/RELEASE_CLANG35/AARCH64/EmbeddedPkg/Library/FdtLib/FdtLib/OUTPUT/FdtLib.lib
"/usr/bin/llvm-ar" -cr /home/vivy/gbl_root_canoe/edk2/Build/RELEASE_CLANG35/AARCH64/EmbeddedPkg/Library/FdtLib/FdtLib/OUTPUT/FdtLib.lib  @/home/vivy/gbl_root_canoe/edk2/Build/RELEASE_CLANG35/AARCH64/EmbeddedPkg/Library/FdtLib/FdtLib/OUTPUT/object_files.lst
make[2]: Leaving directory '/home/vivy/gbl_root_canoe/edk2/Build/RELEASE_CLANG35/AARCH64/EmbeddedPkg/Library/FdtLib/FdtLib'
Building ... /home/vivy/gbl_root_canoe/edk2/MdeModulePkg/Library/DxePerformanceLib/DxePerformanceLib.inf [AARCH64]
make[2]: Entering directory '/home/vivy/gbl_root_canoe/edk2/Build/RELEASE_CLANG35/AARCH64/MdeModulePkg/Library/DxePerformanceLib/DxePerformanceLib'
"/usr/bin/clang"  -g -fshort-wchar -fno-strict-aliasing -Wall -Werror -Wno-array-bounds -c -include AutoGen.h -mlittle-endian -fno-short-enums -save-temps -fverbose-asm -fsigned-char -ffunction-sections -fdata-sections -fomit-frame-pointer -fno-builtin -Wno-address -fno-asynchronous-unwind-tables -target aarch64-linux-gnu -mcmodel=small -mstrict-align -Wno-parentheses-equality -Wno-tautological-compare -Wno-tautological-constant-out-of-range-compare -Wno-empty-body -D=__FORTIFY_SOURCE -D_FORTIFY_SOURCE=2 -O2 -Wno-shift-negative-value -fstack-protector-all -Wno-varargs -fno-common -Wno-misleading-indentation -Wno-unknown-warning-option  -mtune=cortex-a53 -Oz -DZ_SOLO -DPRODUCT_NAME=\"canoe\" -DENABLE_UPDATE_PARTITIONS_CMDS -DENABLE_BOOT_CMD -DENABLE_DEVICE_CRITICAL_LOCK_UNLOCK_CMDS -DAUTO_PATCH_ABL -DDISABLE_PATCH_2 -DDISABLE_PATCH_3 -DDISABLE_PATCH_4 -DDISABLE_PATCH_5 -DDISABLE_PATCH_6 -DDISABLE_PATCH_7 -DDISABLE_PATCH_8 -DDISABLE_PATCH_9 -DINIT_BIN='"/init"' -DVERIFIED_BOOT_ENABLED -DBASE_ADDRESS=0x80000000 -DREMOVE_CARVEOUT_REGION -DQSPA_BOOTCONFIG_ENABLE -o /home/vivy/gbl_root_canoe/edk2/Build/RELEASE_CLANG35/AARCH64/MdeModulePkg/Library/DxePerformanceLib/DxePerformanceLib/OUTPUT/./DxePerformanceLib.obj -I/home/vivy/gbl_root_canoe/edk2/MdeModulePkg/Library/DxePerformanceLib -I/home/vivy/gbl_root_canoe/edk2/Build/RELEASE_CLANG35/AARCH64/MdeModulePkg/Library/DxePerformanceLib/DxePerformanceLib/DEBUG -I/home/vivy/gbl_root_canoe/edk2/MdePkg -I/home/vivy/gbl_root_canoe/edk2/MdePkg/Include -I/home/vivy/gbl_root_canoe/edk2/MdePkg/Include/AArch64 -I/home/vivy/gbl_root_canoe/edk2/MdeModulePkg -I/home/vivy/gbl_root_canoe/edk2/MdeModulePkg/Include /home/vivy/gbl_root_canoe/edk2/MdeModulePkg/Library/DxePerformanceLib/DxePerformanceLib.c
DxePerformanceLib.s:4:2: warning: inconsistent use of MD5 checksums
        .file   1 "/home/vivy/gbl_root_canoe/edk2" "MdePkg/Include/AArch64/ProcessorBind.h"
        ^
rm -f /home/vivy/gbl_root_canoe/edk2/Build/RELEASE_CLANG35/AARCH64/MdeModulePkg/Library/DxePerformanceLib/DxePerformanceLib/OUTPUT/DxePerformanceLib.lib
"/usr/bin/llvm-ar" -cr /home/vivy/gbl_root_canoe/edk2/Build/RELEASE_CLANG35/AARCH64/MdeModulePkg/Library/DxePerformanceLib/DxePerformanceLib/OUTPUT/DxePerformanceLib.lib  @/home/vivy/gbl_root_canoe/edk2/Build/RELEASE_CLANG35/AARCH64/MdeModulePkg/Library/DxePerformanceLib/DxePerformanceLib/OUTPUT/object_files.lst
make[2]: Leaving directory '/home/vivy/gbl_root_canoe/edk2/Build/RELEASE_CLANG35/AARCH64/MdeModulePkg/Library/DxePerformanceLib/DxePerformanceLib'
Building ... /home/vivy/gbl_root_canoe/edk2/MdePkg/Library/DxeHobLib/DxeHobLib.inf [AARCH64]
make[2]: Entering directory '/home/vivy/gbl_root_canoe/edk2/Build/RELEASE_CLANG35/AARCH64/MdePkg/Library/DxeHobLib/DxeHobLib'
"/usr/bin/clang"  -g -fshort-wchar -fno-strict-aliasing -Wall -Werror -Wno-array-bounds -c -include AutoGen.h -mlittle-endian -fno-short-enums -save-temps -fverbose-asm -fsigned-char -ffunction-sections -fdata-sections -fomit-frame-pointer -fno-builtin -Wno-address -fno-asynchronous-unwind-tables -target aarch64-linux-gnu -mcmodel=small -mstrict-align -Wno-parentheses-equality -Wno-tautological-compare -Wno-tautological-constant-out-of-range-compare -Wno-empty-body -D=__FORTIFY_SOURCE -D_FORTIFY_SOURCE=2 -O2 -Wno-shift-negative-value -fstack-protector-all -Wno-varargs -fno-common -Wno-misleading-indentation -Wno-unknown-warning-option  -mtune=cortex-a53 -Oz -DZ_SOLO -DPRODUCT_NAME=\"canoe\" -DENABLE_UPDATE_PARTITIONS_CMDS -DENABLE_BOOT_CMD -DENABLE_DEVICE_CRITICAL_LOCK_UNLOCK_CMDS -DAUTO_PATCH_ABL -DDISABLE_PATCH_2 -DDISABLE_PATCH_3 -DDISABLE_PATCH_4 -DDISABLE_PATCH_5 -DDISABLE_PATCH_6 -DDISABLE_PATCH_7 -DDISABLE_PATCH_8 -DDISABLE_PATCH_9 -DINIT_BIN='"/init"' -DVERIFIED_BOOT_ENABLED -DBASE_ADDRESS=0x80000000 -DREMOVE_CARVEOUT_REGION -DQSPA_BOOTCONFIG_ENABLE -o /home/vivy/gbl_root_canoe/edk2/Build/RELEASE_CLANG35/AARCH64/MdePkg/Library/DxeHobLib/DxeHobLib/OUTPUT/./HobLib.obj -I/home/vivy/gbl_root_canoe/edk2/MdePkg/Library/DxeHobLib -I/home/vivy/gbl_root_canoe/edk2/Build/RELEASE_CLANG35/AARCH64/MdePkg/Library/DxeHobLib/DxeHobLib/DEBUG -I/home/vivy/gbl_root_canoe/edk2/MdePkg -I/home/vivy/gbl_root_canoe/edk2/MdePkg/Include -I/home/vivy/gbl_root_canoe/edk2/MdePkg/Include/AArch64 /home/vivy/gbl_root_canoe/edk2/MdePkg/Library/DxeHobLib/HobLib.c
HobLib.s:4:2: warning: inconsistent use of MD5 checksums
        .file   1 "/home/vivy/gbl_root_canoe/edk2" "MdePkg/Library/DxeHobLib/HobLib.c"
        ^
rm -f /home/vivy/gbl_root_canoe/edk2/Build/RELEASE_CLANG35/AARCH64/MdePkg/Library/DxeHobLib/DxeHobLib/OUTPUT/DxeHobLib.lib
"/usr/bin/llvm-ar" -cr /home/vivy/gbl_root_canoe/edk2/Build/RELEASE_CLANG35/AARCH64/MdePkg/Library/DxeHobLib/DxeHobLib/OUTPUT/DxeHobLib.lib  @/home/vivy/gbl_root_canoe/edk2/Build/RELEASE_CLANG35/AARCH64/MdePkg/Library/DxeHobLib/DxeHobLib/OUTPUT/object_files.lst
make[2]: Leaving directory '/home/vivy/gbl_root_canoe/edk2/Build/RELEASE_CLANG35/AARCH64/MdePkg/Library/DxeHobLib/DxeHobLib'
Building ... /home/vivy/gbl_root_canoe/edk2/ArmPkg/Library/ArmSmcLib/ArmSmcLib.inf [AARCH64]
make[2]: Entering directory '/home/vivy/gbl_root_canoe/edk2/Build/RELEASE_CLANG35/AARCH64/ArmPkg/Library/ArmSmcLib/ArmSmcLib'
Trim --asm-file -o /home/vivy/gbl_root_canoe/edk2/Build/RELEASE_CLANG35/AARCH64/ArmPkg/Library/ArmSmcLib/ArmSmcLib/OUTPUT/AArch64/ArmSmc.i -i /home/vivy/gbl_root_canoe/edk2/Build/RELEASE_CLANG35/AARCH64/ArmPkg/Library/ArmSmcLib/ArmSmcLib/OUTPUT/inc.lst /home/vivy/gbl_root_canoe/edk2/ArmPkg/Library/ArmSmcLib/AArch64/ArmSmc.S
/home/vivy/gbl_root_canoe/edk2/BaseTools/BinWrappers/PosixLike/../../Source/Python/Trim/Trim.py:31: SyntaxWarning: invalid escape sequence '\s'
  gLineControlDirective = re.compile('^\s*#(?:line)?\s+([0-9]+)\s+"*([^"]*)"')
/home/vivy/gbl_root_canoe/edk2/BaseTools/BinWrappers/PosixLike/../../Source/Python/Trim/Trim.py:33: SyntaxWarning: invalid escape sequence '\s'
  gTypedefPattern = re.compile("^\s*typedef\s+struct(\s+\w+)?\s*[{]*$", re.MULTILINE)
/home/vivy/gbl_root_canoe/edk2/BaseTools/BinWrappers/PosixLike/../../Source/Python/Trim/Trim.py:35: SyntaxWarning: invalid escape sequence '\s'
  gPragmaPattern = re.compile("^\s*#pragma\s+pack", re.MULTILINE)
/home/vivy/gbl_root_canoe/edk2/BaseTools/BinWrappers/PosixLike/../../Source/Python/Trim/Trim.py:37: SyntaxWarning: invalid escape sequence '\s'
  gTypedef_SinglePattern = re.compile("^\s*typedef", re.MULTILINE)
/home/vivy/gbl_root_canoe/edk2/BaseTools/BinWrappers/PosixLike/../../Source/Python/Trim/Trim.py:39: SyntaxWarning: invalid escape sequence '\s'
  gTypedef_MulPattern = re.compile("^\s*(typedef)?\s+(struct|union)(\s+\w+)?\s*[{]*$", re.MULTILINE)
/home/vivy/gbl_root_canoe/edk2/BaseTools/BinWrappers/PosixLike/../../Source/Python/Trim/Trim.py:54: SyntaxWarning: invalid escape sequence '\s'
  gAslIncludePattern = re.compile("^(\s*)[iI]nclude\s*\(\"?([^\"\(\)]+)\"\)", re.MULTILINE)
"/usr/bin/clang"  -E -x assembler-with-cpp -include /home/vivy/gbl_root_canoe/edk2/Build/RELEASE_CLANG35/AARCH64/ArmPkg/Library/ArmSmcLib/ArmSmcLib/DEBUG/AutoGen.h -Wno-shift-negative-value -fstack-protector-all -Wno-varargs -fno-common -Wno-misleading-indentation -Wno-unknown-warning-option  -I/home/vivy/gbl_root_canoe/edk2/ArmPkg/Library/ArmSmcLib/AArch64 -I/home/vivy/gbl_root_canoe/edk2/ArmPkg/Library/ArmSmcLib -I/home/vivy/gbl_root_canoe/edk2/Build/RELEASE_CLANG35/AARCH64/ArmPkg/Library/ArmSmcLib/ArmSmcLib/DEBUG -I/home/vivy/gbl_root_canoe/edk2/MdePkg -I/home/vivy/gbl_root_canoe/edk2/MdePkg/Include -I/home/vivy/gbl_root_canoe/edk2/MdePkg/Include/AArch64 -I/home/vivy/gbl_root_canoe/edk2/ArmPkg -I/home/vivy/gbl_root_canoe/edk2/ArmPkg/Include /home/vivy/gbl_root_canoe/edk2/ArmPkg/Library/ArmSmcLib/AArch64/ArmSmc.S > /home/vivy/gbl_root_canoe/edk2/Build/RELEASE_CLANG35/AARCH64/ArmPkg/Library/ArmSmcLib/ArmSmcLib/OUTPUT/AArch64/ArmSmc.ii
Trim --trim-long --source-code -o /home/vivy/gbl_root_canoe/edk2/Build/RELEASE_CLANG35/AARCH64/ArmPkg/Library/ArmSmcLib/ArmSmcLib/OUTPUT/AArch64/ArmSmc.iiii /home/vivy/gbl_root_canoe/edk2/Build/RELEASE_CLANG35/AARCH64/ArmPkg/Library/ArmSmcLib/ArmSmcLib/OUTPUT/AArch64/ArmSmc.ii
/home/vivy/gbl_root_canoe/edk2/BaseTools/BinWrappers/PosixLike/../../Source/Python/Trim/Trim.py:31: SyntaxWarning: invalid escape sequence '\s'
  gLineControlDirective = re.compile('^\s*#(?:line)?\s+([0-9]+)\s+"*([^"]*)"')
/home/vivy/gbl_root_canoe/edk2/BaseTools/BinWrappers/PosixLike/../../Source/Python/Trim/Trim.py:33: SyntaxWarning: invalid escape sequence '\s'
  gTypedefPattern = re.compile("^\s*typedef\s+struct(\s+\w+)?\s*[{]*$", re.MULTILINE)
/home/vivy/gbl_root_canoe/edk2/BaseTools/BinWrappers/PosixLike/../../Source/Python/Trim/Trim.py:35: SyntaxWarning: invalid escape sequence '\s'
  gPragmaPattern = re.compile("^\s*#pragma\s+pack", re.MULTILINE)
/home/vivy/gbl_root_canoe/edk2/BaseTools/BinWrappers/PosixLike/../../Source/Python/Trim/Trim.py:37: SyntaxWarning: invalid escape sequence '\s'
  gTypedef_SinglePattern = re.compile("^\s*typedef", re.MULTILINE)
/home/vivy/gbl_root_canoe/edk2/BaseTools/BinWrappers/PosixLike/../../Source/Python/Trim/Trim.py:39: SyntaxWarning: invalid escape sequence '\s'
  gTypedef_MulPattern = re.compile("^\s*(typedef)?\s+(struct|union)(\s+\w+)?\s*[{]*$", re.MULTILINE)
/home/vivy/gbl_root_canoe/edk2/BaseTools/BinWrappers/PosixLike/../../Source/Python/Trim/Trim.py:54: SyntaxWarning: invalid escape sequence '\s'
  gAslIncludePattern = re.compile("^(\s*)[iI]nclude\s*\(\"?([^\"\(\)]+)\"\)", re.MULTILINE)
"/usr/bin/clang" -c -x assembler -imacros /home/vivy/gbl_root_canoe/edk2/Build/RELEASE_CLANG35/AARCH64/ArmPkg/Library/ArmSmcLib/ArmSmcLib/DEBUG/AutoGen.h -target aarch64-linux-gnu   -o /home/vivy/gbl_root_canoe/edk2/Build/RELEASE_CLANG35/AARCH64/ArmPkg/Library/ArmSmcLib/ArmSmcLib/OUTPUT/AArch64/ArmSmc.obj -I/home/vivy/gbl_root_canoe/edk2/ArmPkg/Library/ArmSmcLib/AArch64 -I/home/vivy/gbl_root_canoe/edk2/ArmPkg/Library/ArmSmcLib -I/home/vivy/gbl_root_canoe/edk2/Build/RELEASE_CLANG35/AARCH64/ArmPkg/Library/ArmSmcLib/ArmSmcLib/DEBUG -I/home/vivy/gbl_root_canoe/edk2/MdePkg -I/home/vivy/gbl_root_canoe/edk2/MdePkg/Include -I/home/vivy/gbl_root_canoe/edk2/MdePkg/Include/AArch64 -I/home/vivy/gbl_root_canoe/edk2/ArmPkg -I/home/vivy/gbl_root_canoe/edk2/ArmPkg/Include /home/vivy/gbl_root_canoe/edk2/Build/RELEASE_CLANG35/AARCH64/ArmPkg/Library/ArmSmcLib/ArmSmcLib/OUTPUT/AArch64/ArmSmc.iiii
clang: warning: argument unused during compilation: '-imacros /home/vivy/gbl_root_canoe/edk2/Build/RELEASE_CLANG35/AARCH64/ArmPkg/Library/ArmSmcLib/ArmSmcLib/DEBUG/AutoGen.h' [-Wunused-command-line-argument]
rm -f /home/vivy/gbl_root_canoe/edk2/Build/RELEASE_CLANG35/AARCH64/ArmPkg/Library/ArmSmcLib/ArmSmcLib/OUTPUT/ArmSmcLib.lib
"/usr/bin/llvm-ar" -cr /home/vivy/gbl_root_canoe/edk2/Build/RELEASE_CLANG35/AARCH64/ArmPkg/Library/ArmSmcLib/ArmSmcLib/OUTPUT/ArmSmcLib.lib  @/home/vivy/gbl_root_canoe/edk2/Build/RELEASE_CLANG35/AARCH64/ArmPkg/Library/ArmSmcLib/ArmSmcLib/OUTPUT/object_files.lst
make[2]: Leaving directory '/home/vivy/gbl_root_canoe/edk2/Build/RELEASE_CLANG35/AARCH64/ArmPkg/Library/ArmSmcLib/ArmSmcLib'
Building ... /home/vivy/gbl_root_canoe/edk2/ArmPkg/Library/ArmCacheMaintenanceLib/ArmCacheMaintenanceLib.inf [AARCH64]
make[2]: Entering directory '/home/vivy/gbl_root_canoe/edk2/Build/RELEASE_CLANG35/AARCH64/ArmPkg/Library/ArmCacheMaintenanceLib/ArmCacheMaintenanceLib'
"/usr/bin/clang" -g -fshort-wchar -fno-strict-aliasing -Wall -Werror -Wno-array-bounds -c -include AutoGen.h -mlittle-endian -fno-short-enums -save-temps -fverbose-asm -fsigned-char -ffunction-sections -fdata-sections -fomit-frame-pointer -fno-builtin -Wno-address -fno-asynchronous-unwind-tables -target aarch64-linux-gnu -mcmodel=small -mstrict-align -Wno-parentheses-equality -Wno-tautological-compare -Wno-tautological-constant-out-of-range-compare -Wno-empty-body -D=__FORTIFY_SOURCE -D_FORTIFY_SOURCE=2 -O2 -Wno-shift-negative-value -fstack-protector-all -Wno-varargs -fno-common -Wno-misleading-indentation -Wno-unknown-warning-option  -mtune=cortex-a53 -Oz -DZ_SOLO -DPRODUCT_NAME=\"canoe\" -DENABLE_UPDATE_PARTITIONS_CMDS -DENABLE_BOOT_CMD -DENABLE_DEVICE_CRITICAL_LOCK_UNLOCK_CMDS -DAUTO_PATCH_ABL -DDISABLE_PATCH_2 -DDISABLE_PATCH_3 -DDISABLE_PATCH_4 -DDISABLE_PATCH_5 -DDISABLE_PATCH_6 -DDISABLE_PATCH_7 -DDISABLE_PATCH_8 -DDISABLE_PATCH_9 -DINIT_BIN='"/init"' -DVERIFIED_BOOT_ENABLED -DBASE_ADDRESS=0x80000000 -DREMOVE_CARVEOUT_REGION -DQSPA_BOOTCONFIG_ENABLE  -c -o /home/vivy/gbl_root_canoe/edk2/Build/RELEASE_CLANG35/AARCH64/ArmPkg/Library/ArmCacheMaintenanceLib/ArmCacheMaintenanceLib/OUTPUT/./ArmCacheMaintenanceLib.obj @/home/vivy/gbl_root_canoe/edk2/Build/RELEASE_CLANG35/AARCH64/ArmPkg/Library/ArmCacheMaintenanceLib/ArmCacheMaintenanceLib/OUTPUT/inc.lst /home/vivy/gbl_root_canoe/edk2/ArmPkg/Library/ArmCacheMaintenanceLib/ArmCacheMaintenanceLib.c
ArmCacheMaintenanceLib.s:4:2: warning: inconsistent use of MD5 checksums
        .file   1 "/home/vivy/gbl_root_canoe/edk2" "ArmPkg/Library/ArmCacheMaintenanceLib/ArmCacheMaintenanceLib.c"
        ^
rm -f /home/vivy/gbl_root_canoe/edk2/Build/RELEASE_CLANG35/AARCH64/ArmPkg/Library/ArmCacheMaintenanceLib/ArmCacheMaintenanceLib/OUTPUT/ArmCacheMaintenanceLib.lib
"/usr/bin/llvm-ar" -cr /home/vivy/gbl_root_canoe/edk2/Build/RELEASE_CLANG35/AARCH64/ArmPkg/Library/ArmCacheMaintenanceLib/ArmCacheMaintenanceLib/OUTPUT/ArmCacheMaintenanceLib.lib  @/home/vivy/gbl_root_canoe/edk2/Build/RELEASE_CLANG35/AARCH64/ArmPkg/Library/ArmCacheMaintenanceLib/ArmCacheMaintenanceLib/OUTPUT/object_files.lst
make[2]: Leaving directory '/home/vivy/gbl_root_canoe/edk2/Build/RELEASE_CLANG35/AARCH64/ArmPkg/Library/ArmCacheMaintenanceLib/ArmCacheMaintenanceLib'
Building ... /home/vivy/gbl_root_canoe/edk2/MdePkg/Library/DxeServicesTableLib/DxeServicesTableLib.inf [AARCH64]
make[2]: Entering directory '/home/vivy/gbl_root_canoe/edk2/Build/RELEASE_CLANG35/AARCH64/MdePkg/Library/DxeServicesTableLib/DxeServicesTableLib'
"/usr/bin/clang"  -g -fshort-wchar -fno-strict-aliasing -Wall -Werror -Wno-array-bounds -c -include AutoGen.h -mlittle-endian -fno-short-enums -save-temps -fverbose-asm -fsigned-char -ffunction-sections -fdata-sections -fomit-frame-pointer -fno-builtin -Wno-address -fno-asynchronous-unwind-tables -target aarch64-linux-gnu -mcmodel=small -mstrict-align -Wno-parentheses-equality -Wno-tautological-compare -Wno-tautological-constant-out-of-range-compare -Wno-empty-body -D=__FORTIFY_SOURCE -D_FORTIFY_SOURCE=2 -O2 -Wno-shift-negative-value -fstack-protector-all -Wno-varargs -fno-common -Wno-misleading-indentation -Wno-unknown-warning-option  -mtune=cortex-a53 -Oz -DZ_SOLO -DPRODUCT_NAME=\"canoe\" -DENABLE_UPDATE_PARTITIONS_CMDS -DENABLE_BOOT_CMD -DENABLE_DEVICE_CRITICAL_LOCK_UNLOCK_CMDS -DAUTO_PATCH_ABL -DDISABLE_PATCH_2 -DDISABLE_PATCH_3 -DDISABLE_PATCH_4 -DDISABLE_PATCH_5 -DDISABLE_PATCH_6 -DDISABLE_PATCH_7 -DDISABLE_PATCH_8 -DDISABLE_PATCH_9 -DINIT_BIN='"/init"' -DVERIFIED_BOOT_ENABLED -DBASE_ADDRESS=0x80000000 -DREMOVE_CARVEOUT_REGION -DQSPA_BOOTCONFIG_ENABLE -o /home/vivy/gbl_root_canoe/edk2/Build/RELEASE_CLANG35/AARCH64/MdePkg/Library/DxeServicesTableLib/DxeServicesTableLib/OUTPUT/./DxeServicesTableLib.obj -I/home/vivy/gbl_root_canoe/edk2/MdePkg/Library/DxeServicesTableLib -I/home/vivy/gbl_root_canoe/edk2/Build/RELEASE_CLANG35/AARCH64/MdePkg/Library/DxeServicesTableLib/DxeServicesTableLib/DEBUG -I/home/vivy/gbl_root_canoe/edk2/MdePkg -I/home/vivy/gbl_root_canoe/edk2/MdePkg/Include -I/home/vivy/gbl_root_canoe/edk2/MdePkg/Include/AArch64 /home/vivy/gbl_root_canoe/edk2/MdePkg/Library/DxeServicesTableLib/DxeServicesTableLib.c
DxeServicesTableLib.s:4:2: warning: inconsistent use of MD5 checksums
        .file   1 "/home/vivy/gbl_root_canoe/edk2" "MdePkg/Include/AArch64/ProcessorBind.h"
        ^
rm -f /home/vivy/gbl_root_canoe/edk2/Build/RELEASE_CLANG35/AARCH64/MdePkg/Library/DxeServicesTableLib/DxeServicesTableLib/OUTPUT/DxeServicesTableLib.lib
"/usr/bin/llvm-ar" -cr /home/vivy/gbl_root_canoe/edk2/Build/RELEASE_CLANG35/AARCH64/MdePkg/Library/DxeServicesTableLib/DxeServicesTableLib/OUTPUT/DxeServicesTableLib.lib  @/home/vivy/gbl_root_canoe/edk2/Build/RELEASE_CLANG35/AARCH64/MdePkg/Library/DxeServicesTableLib/DxeServicesTableLib/OUTPUT/object_files.lst
make[2]: Leaving directory '/home/vivy/gbl_root_canoe/edk2/Build/RELEASE_CLANG35/AARCH64/MdePkg/Library/DxeServicesTableLib/DxeServicesTableLib'
Building ... /home/vivy/gbl_root_canoe/edk2/MdePkg/Library/DxeExtractGuidedSectionLib/DxeExtractGuidedSectionLib.inf [AARCH64]
make[2]: Entering directory '/home/vivy/gbl_root_canoe/edk2/Build/RELEASE_CLANG35/AARCH64/MdePkg/Library/DxeExtractGuidedSectionLib/DxeExtractGuidedSectionLib'
"/usr/bin/clang"  -g -fshort-wchar -fno-strict-aliasing -Wall -Werror -Wno-array-bounds -c -include AutoGen.h -mlittle-endian -fno-short-enums -save-temps -fverbose-asm -fsigned-char -ffunction-sections -fdata-sections -fomit-frame-pointer -fno-builtin -Wno-address -fno-asynchronous-unwind-tables -target aarch64-linux-gnu -mcmodel=small -mstrict-align -Wno-parentheses-equality -Wno-tautological-compare -Wno-tautological-constant-out-of-range-compare -Wno-empty-body -D=__FORTIFY_SOURCE -D_FORTIFY_SOURCE=2 -O2 -Wno-shift-negative-value -fstack-protector-all -Wno-varargs -fno-common -Wno-misleading-indentation -Wno-unknown-warning-option  -mtune=cortex-a53 -Oz -DZ_SOLO -DPRODUCT_NAME=\"canoe\" -DENABLE_UPDATE_PARTITIONS_CMDS -DENABLE_BOOT_CMD -DENABLE_DEVICE_CRITICAL_LOCK_UNLOCK_CMDS -DAUTO_PATCH_ABL -DDISABLE_PATCH_2 -DDISABLE_PATCH_3 -DDISABLE_PATCH_4 -DDISABLE_PATCH_5 -DDISABLE_PATCH_6 -DDISABLE_PATCH_7 -DDISABLE_PATCH_8 -DDISABLE_PATCH_9 -DINIT_BIN='"/init"' -DVERIFIED_BOOT_ENABLED -DBASE_ADDRESS=0x80000000 -DREMOVE_CARVEOUT_REGION -DQSPA_BOOTCONFIG_ENABLE -o /home/vivy/gbl_root_canoe/edk2/Build/RELEASE_CLANG35/AARCH64/MdePkg/Library/DxeExtractGuidedSectionLib/DxeExtractGuidedSectionLib/OUTPUT/./DxeExtractGuidedSectionLib.obj -I/home/vivy/gbl_root_canoe/edk2/MdePkg/Library/DxeExtractGuidedSectionLib -I/home/vivy/gbl_root_canoe/edk2/Build/RELEASE_CLANG35/AARCH64/MdePkg/Library/DxeExtractGuidedSectionLib/DxeExtractGuidedSectionLib/DEBUG -I/home/vivy/gbl_root_canoe/edk2/MdePkg -I/home/vivy/gbl_root_canoe/edk2/MdePkg/Include -I/home/vivy/gbl_root_canoe/edk2/MdePkg/Include/AArch64 /home/vivy/gbl_root_canoe/edk2/MdePkg/Library/DxeExtractGuidedSectionLib/DxeExtractGuidedSectionLib.c
DxeExtractGuidedSectionLib.s:4:2: warning: inconsistent use of MD5 checksums
        .file   1 "/home/vivy/gbl_root_canoe/edk2" "MdePkg/Include/AArch64/ProcessorBind.h"
        ^
rm -f /home/vivy/gbl_root_canoe/edk2/Build/RELEASE_CLANG35/AARCH64/MdePkg/Library/DxeExtractGuidedSectionLib/DxeExtractGuidedSectionLib/OUTPUT/DxeExtractGuidedSectionLib.lib
"/usr/bin/llvm-ar" -cr /home/vivy/gbl_root_canoe/edk2/Build/RELEASE_CLANG35/AARCH64/MdePkg/Library/DxeExtractGuidedSectionLib/DxeExtractGuidedSectionLib/OUTPUT/DxeExtractGuidedSectionLib.lib  @/home/vivy/gbl_root_canoe/edk2/Build/RELEASE_CLANG35/AARCH64/MdePkg/Library/DxeExtractGuidedSectionLib/DxeExtractGuidedSectionLib/OUTPUT/object_files.lst
make[2]: Leaving directory '/home/vivy/gbl_root_canoe/edk2/Build/RELEASE_CLANG35/AARCH64/MdePkg/Library/DxeExtractGuidedSectionLib/DxeExtractGuidedSectionLib'
Building ... /home/vivy/gbl_root_canoe/edk2/MdePkg/Library/UefiApplicationEntryPoint/UefiApplicationEntryPoint.inf [AARCH64]
make[2]: Entering directory '/home/vivy/gbl_root_canoe/edk2/Build/RELEASE_CLANG35/AARCH64/MdePkg/Library/UefiApplicationEntryPoint/UefiApplicationEntryPoint'
"/usr/bin/clang"  -g -fshort-wchar -fno-strict-aliasing -Wall -Werror -Wno-array-bounds -c -include AutoGen.h -mlittle-endian -fno-short-enums -save-temps -fverbose-asm -fsigned-char -ffunction-sections -fdata-sections -fomit-frame-pointer -fno-builtin -Wno-address -fno-asynchronous-unwind-tables -target aarch64-linux-gnu -mcmodel=small -mstrict-align -Wno-parentheses-equality -Wno-tautological-compare -Wno-tautological-constant-out-of-range-compare -Wno-empty-body -D=__FORTIFY_SOURCE -D_FORTIFY_SOURCE=2 -O2 -Wno-shift-negative-value -fstack-protector-all -Wno-varargs -fno-common -Wno-misleading-indentation -Wno-unknown-warning-option  -mtune=cortex-a53 -Oz -DZ_SOLO -DPRODUCT_NAME=\"canoe\" -DENABLE_UPDATE_PARTITIONS_CMDS -DENABLE_BOOT_CMD -DENABLE_DEVICE_CRITICAL_LOCK_UNLOCK_CMDS -DAUTO_PATCH_ABL -DDISABLE_PATCH_2 -DDISABLE_PATCH_3 -DDISABLE_PATCH_4 -DDISABLE_PATCH_5 -DDISABLE_PATCH_6 -DDISABLE_PATCH_7 -DDISABLE_PATCH_8 -DDISABLE_PATCH_9 -DINIT_BIN='"/init"' -DVERIFIED_BOOT_ENABLED -DBASE_ADDRESS=0x80000000 -DREMOVE_CARVEOUT_REGION -DQSPA_BOOTCONFIG_ENABLE -o /home/vivy/gbl_root_canoe/edk2/Build/RELEASE_CLANG35/AARCH64/MdePkg/Library/UefiApplicationEntryPoint/UefiApplicationEntryPoint/OUTPUT/./ApplicationEntryPoint.obj -I/home/vivy/gbl_root_canoe/edk2/MdePkg/Library/UefiApplicationEntryPoint -I/home/vivy/gbl_root_canoe/edk2/Build/RELEASE_CLANG35/AARCH64/MdePkg/Library/UefiApplicationEntryPoint/UefiApplicationEntryPoint/DEBUG -I/home/vivy/gbl_root_canoe/edk2/MdePkg -I/home/vivy/gbl_root_canoe/edk2/MdePkg/Include -I/home/vivy/gbl_root_canoe/edk2/MdePkg/Include/AArch64 /home/vivy/gbl_root_canoe/edk2/MdePkg/Library/UefiApplicationEntryPoint/ApplicationEntryPoint.c
ApplicationEntryPoint.s:4:2: warning: inconsistent use of MD5 checksums
        .file   1 "/home/vivy/gbl_root_canoe/edk2" "MdePkg/Include/Uefi/UefiMultiPhase.h"
        ^
rm -f /home/vivy/gbl_root_canoe/edk2/Build/RELEASE_CLANG35/AARCH64/MdePkg/Library/UefiApplicationEntryPoint/UefiApplicationEntryPoint/OUTPUT/UefiApplicationEntryPoint.lib
"/usr/bin/llvm-ar" -cr /home/vivy/gbl_root_canoe/edk2/Build/RELEASE_CLANG35/AARCH64/MdePkg/Library/UefiApplicationEntryPoint/UefiApplicationEntryPoint/OUTPUT/UefiApplicationEntryPoint.lib  @/home/vivy/gbl_root_canoe/edk2/Build/RELEASE_CLANG35/AARCH64/MdePkg/Library/UefiApplicationEntryPoint/UefiApplicationEntryPoint/OUTPUT/object_files.lst
make[2]: Leaving directory '/home/vivy/gbl_root_canoe/edk2/Build/RELEASE_CLANG35/AARCH64/MdePkg/Library/UefiApplicationEntryPoint/UefiApplicationEntryPoint'
Building ... /home/vivy/gbl_root_canoe/edk2/QcomModulePkg/Library/StackCanary/StackCanary.inf [AARCH64]
make[2]: Entering directory '/home/vivy/gbl_root_canoe/edk2/Build/RELEASE_CLANG35/AARCH64/QcomModulePkg/Library/StackCanary/StackCanary'
"/usr/bin/clang" -g -fshort-wchar -fno-strict-aliasing -Wall -Werror -Wno-array-bounds -c -include AutoGen.h -mlittle-endian -fno-short-enums -save-temps -fverbose-asm -fsigned-char -ffunction-sections -fdata-sections -fomit-frame-pointer -fno-builtin -Wno-address -fno-asynchronous-unwind-tables -target aarch64-linux-gnu -mcmodel=small -mstrict-align -Wno-parentheses-equality -Wno-tautological-compare -Wno-tautological-constant-out-of-range-compare -Wno-empty-body -D=__FORTIFY_SOURCE -D_FORTIFY_SOURCE=2 -O2 -Wno-shift-negative-value -fstack-protector-all -Wno-varargs -fno-common -Wno-misleading-indentation -Wno-unknown-warning-option  -mtune=cortex-a53 -Oz    -fno-stack-protector   -DZ_SOLO -DPRODUCT_NAME=\"canoe\" -DENABLE_UPDATE_PARTITIONS_CMDS -DENABLE_BOOT_CMD -DENABLE_DEVICE_CRITICAL_LOCK_UNLOCK_CMDS -DAUTO_PATCH_ABL -DDISABLE_PATCH_2 -DDISABLE_PATCH_3 -DDISABLE_PATCH_4 -DDISABLE_PATCH_5 -DDISABLE_PATCH_6 -DDISABLE_PATCH_7 -DDISABLE_PATCH_8 -DDISABLE_PATCH_9 -DINIT_BIN='"/init"' -DVERIFIED_BOOT_ENABLED -DBASE_ADDRESS=0x80000000 -DREMOVE_CARVEOUT_REGION -DQSPA_BOOTCONFIG_ENABLE  -c -o /home/vivy/gbl_root_canoe/edk2/Build/RELEASE_CLANG35/AARCH64/QcomModulePkg/Library/StackCanary/StackCanary/OUTPUT/./StackCanary.obj @/home/vivy/gbl_root_canoe/edk2/Build/RELEASE_CLANG35/AARCH64/QcomModulePkg/Library/StackCanary/StackCanary/OUTPUT/inc.lst /home/vivy/gbl_root_canoe/edk2/QcomModulePkg/Library/StackCanary/StackCanary.c
StackCanary.s:4:2: warning: inconsistent use of MD5 checksums
        .file   1 "/home/vivy/gbl_root_canoe/edk2" "MdePkg/Include/AArch64/ProcessorBind.h"
        ^
rm -f /home/vivy/gbl_root_canoe/edk2/Build/RELEASE_CLANG35/AARCH64/QcomModulePkg/Library/StackCanary/StackCanary/OUTPUT/StackCanary.lib
"/usr/bin/llvm-ar" -cr /home/vivy/gbl_root_canoe/edk2/Build/RELEASE_CLANG35/AARCH64/QcomModulePkg/Library/StackCanary/StackCanary/OUTPUT/StackCanary.lib  @/home/vivy/gbl_root_canoe/edk2/Build/RELEASE_CLANG35/AARCH64/QcomModulePkg/Library/StackCanary/StackCanary/OUTPUT/object_files.lst
make[2]: Leaving directory '/home/vivy/gbl_root_canoe/edk2/Build/RELEASE_CLANG35/AARCH64/QcomModulePkg/Library/StackCanary/StackCanary'
Building ... /home/vivy/gbl_root_canoe/edk2/ArmPkg/Library/CompilerIntrinsicsLib/CompilerIntrinsicsLib.inf [AARCH64]
make[2]: Entering directory '/home/vivy/gbl_root_canoe/edk2/Build/RELEASE_CLANG35/AARCH64/ArmPkg/Library/CompilerIntrinsicsLib/CompilerIntrinsicsLib'
Trim --asm-file -o /home/vivy/gbl_root_canoe/edk2/Build/RELEASE_CLANG35/AARCH64/ArmPkg/Library/CompilerIntrinsicsLib/CompilerIntrinsicsLib/OUTPUT/AArch64/ashlti3.i -i /home/vivy/gbl_root_canoe/edk2/Build/RELEASE_CLANG35/AARCH64/ArmPkg/Library/CompilerIntrinsicsLib/CompilerIntrinsicsLib/OUTPUT/inc.lst /home/vivy/gbl_root_canoe/edk2/ArmPkg/Library/CompilerIntrinsicsLib/AArch64/ashlti3.S
/home/vivy/gbl_root_canoe/edk2/BaseTools/BinWrappers/PosixLike/../../Source/Python/Trim/Trim.py:31: SyntaxWarning: invalid escape sequence '\s'
  gLineControlDirective = re.compile('^\s*#(?:line)?\s+([0-9]+)\s+"*([^"]*)"')
/home/vivy/gbl_root_canoe/edk2/BaseTools/BinWrappers/PosixLike/../../Source/Python/Trim/Trim.py:33: SyntaxWarning: invalid escape sequence '\s'
  gTypedefPattern = re.compile("^\s*typedef\s+struct(\s+\w+)?\s*[{]*$", re.MULTILINE)
/home/vivy/gbl_root_canoe/edk2/BaseTools/BinWrappers/PosixLike/../../Source/Python/Trim/Trim.py:35: SyntaxWarning: invalid escape sequence '\s'
  gPragmaPattern = re.compile("^\s*#pragma\s+pack", re.MULTILINE)
/home/vivy/gbl_root_canoe/edk2/BaseTools/BinWrappers/PosixLike/../../Source/Python/Trim/Trim.py:37: SyntaxWarning: invalid escape sequence '\s'
  gTypedef_SinglePattern = re.compile("^\s*typedef", re.MULTILINE)
/home/vivy/gbl_root_canoe/edk2/BaseTools/BinWrappers/PosixLike/../../Source/Python/Trim/Trim.py:39: SyntaxWarning: invalid escape sequence '\s'
  gTypedef_MulPattern = re.compile("^\s*(typedef)?\s+(struct|union)(\s+\w+)?\s*[{]*$", re.MULTILINE)
/home/vivy/gbl_root_canoe/edk2/BaseTools/BinWrappers/PosixLike/../../Source/Python/Trim/Trim.py:54: SyntaxWarning: invalid escape sequence '\s'
  gAslIncludePattern = re.compile("^(\s*)[iI]nclude\s*\(\"?([^\"\(\)]+)\"\)", re.MULTILINE)
"/usr/bin/clang"  -E -x assembler-with-cpp -include /home/vivy/gbl_root_canoe/edk2/Build/RELEASE_CLANG35/AARCH64/ArmPkg/Library/CompilerIntrinsicsLib/CompilerIntrinsicsLib/DEBUG/AutoGen.h -Wno-shift-negative-value -fstack-protector-all -Wno-varargs -fno-common -Wno-misleading-indentation -Wno-unknown-warning-option  -I/home/vivy/gbl_root_canoe/edk2/ArmPkg/Library/CompilerIntrinsicsLib/AArch64 -I/home/vivy/gbl_root_canoe/edk2/ArmPkg/Library/CompilerIntrinsicsLib -I/home/vivy/gbl_root_canoe/edk2/Build/RELEASE_CLANG35/AARCH64/ArmPkg/Library/CompilerIntrinsicsLib/CompilerIntrinsicsLib/DEBUG -I/home/vivy/gbl_root_canoe/edk2/MdePkg -I/home/vivy/gbl_root_canoe/edk2/MdePkg/Include -I/home/vivy/gbl_root_canoe/edk2/MdePkg/Include/AArch64 -I/home/vivy/gbl_root_canoe/edk2/ArmPkg -I/home/vivy/gbl_root_canoe/edk2/ArmPkg/Include /home/vivy/gbl_root_canoe/edk2/ArmPkg/Library/CompilerIntrinsicsLib/AArch64/ashlti3.S > /home/vivy/gbl_root_canoe/edk2/Build/RELEASE_CLANG35/AARCH64/ArmPkg/Library/CompilerIntrinsicsLib/CompilerIntrinsicsLib/OUTPUT/AArch64/ashlti3.ii
Trim --trim-long --source-code -o /home/vivy/gbl_root_canoe/edk2/Build/RELEASE_CLANG35/AARCH64/ArmPkg/Library/CompilerIntrinsicsLib/CompilerIntrinsicsLib/OUTPUT/AArch64/ashlti3.iiii /home/vivy/gbl_root_canoe/edk2/Build/RELEASE_CLANG35/AARCH64/ArmPkg/Library/CompilerIntrinsicsLib/CompilerIntrinsicsLib/OUTPUT/AArch64/ashlti3.ii
/home/vivy/gbl_root_canoe/edk2/BaseTools/BinWrappers/PosixLike/../../Source/Python/Trim/Trim.py:31: SyntaxWarning: invalid escape sequence '\s'
  gLineControlDirective = re.compile('^\s*#(?:line)?\s+([0-9]+)\s+"*([^"]*)"')
/home/vivy/gbl_root_canoe/edk2/BaseTools/BinWrappers/PosixLike/../../Source/Python/Trim/Trim.py:33: SyntaxWarning: invalid escape sequence '\s'
  gTypedefPattern = re.compile("^\s*typedef\s+struct(\s+\w+)?\s*[{]*$", re.MULTILINE)
/home/vivy/gbl_root_canoe/edk2/BaseTools/BinWrappers/PosixLike/../../Source/Python/Trim/Trim.py:35: SyntaxWarning: invalid escape sequence '\s'
  gPragmaPattern = re.compile("^\s*#pragma\s+pack", re.MULTILINE)
/home/vivy/gbl_root_canoe/edk2/BaseTools/BinWrappers/PosixLike/../../Source/Python/Trim/Trim.py:37: SyntaxWarning: invalid escape sequence '\s'
  gTypedef_SinglePattern = re.compile("^\s*typedef", re.MULTILINE)
/home/vivy/gbl_root_canoe/edk2/BaseTools/BinWrappers/PosixLike/../../Source/Python/Trim/Trim.py:39: SyntaxWarning: invalid escape sequence '\s'
  gTypedef_MulPattern = re.compile("^\s*(typedef)?\s+(struct|union)(\s+\w+)?\s*[{]*$", re.MULTILINE)
/home/vivy/gbl_root_canoe/edk2/BaseTools/BinWrappers/PosixLike/../../Source/Python/Trim/Trim.py:54: SyntaxWarning: invalid escape sequence '\s'
  gAslIncludePattern = re.compile("^(\s*)[iI]nclude\s*\(\"?([^\"\(\)]+)\"\)", re.MULTILINE)
"/usr/bin/clang" -c -x assembler -imacros /home/vivy/gbl_root_canoe/edk2/Build/RELEASE_CLANG35/AARCH64/ArmPkg/Library/CompilerIntrinsicsLib/CompilerIntrinsicsLib/DEBUG/AutoGen.h -target aarch64-linux-gnu   -o /home/vivy/gbl_root_canoe/edk2/Build/RELEASE_CLANG35/AARCH64/ArmPkg/Library/CompilerIntrinsicsLib/CompilerIntrinsicsLib/OUTPUT/AArch64/ashlti3.obj -I/home/vivy/gbl_root_canoe/edk2/ArmPkg/Library/CompilerIntrinsicsLib/AArch64 -I/home/vivy/gbl_root_canoe/edk2/ArmPkg/Library/CompilerIntrinsicsLib -I/home/vivy/gbl_root_canoe/edk2/Build/RELEASE_CLANG35/AARCH64/ArmPkg/Library/CompilerIntrinsicsLib/CompilerIntrinsicsLib/DEBUG -I/home/vivy/gbl_root_canoe/edk2/MdePkg -I/home/vivy/gbl_root_canoe/edk2/MdePkg/Include -I/home/vivy/gbl_root_canoe/edk2/MdePkg/Include/AArch64 -I/home/vivy/gbl_root_canoe/edk2/ArmPkg -I/home/vivy/gbl_root_canoe/edk2/ArmPkg/Include /home/vivy/gbl_root_canoe/edk2/Build/RELEASE_CLANG35/AARCH64/ArmPkg/Library/CompilerIntrinsicsLib/CompilerIntrinsicsLib/OUTPUT/AArch64/ashlti3.iiii
clang: warning: argument unused during compilation: '-imacros /home/vivy/gbl_root_canoe/edk2/Build/RELEASE_CLANG35/AARCH64/ArmPkg/Library/CompilerIntrinsicsLib/CompilerIntrinsicsLib/DEBUG/AutoGen.h' [-Wunused-command-line-argument]
"/usr/bin/clang" -g -fshort-wchar -fno-strict-aliasing -Wall -Werror -Wno-array-bounds -c -include AutoGen.h -mlittle-endian -fno-short-enums -save-temps -fverbose-asm -fsigned-char -ffunction-sections -fdata-sections -fomit-frame-pointer -fno-builtin -Wno-address -fno-asynchronous-unwind-tables -target aarch64-linux-gnu -mcmodel=small -mstrict-align -Wno-parentheses-equality -Wno-tautological-compare -Wno-tautological-constant-out-of-range-compare -Wno-empty-body -D=__FORTIFY_SOURCE -D_FORTIFY_SOURCE=2 -O2 -Wno-shift-negative-value -fstack-protector-all -Wno-varargs -fno-common -Wno-misleading-indentation -Wno-unknown-warning-option  -mtune=cortex-a53 -Oz -DZ_SOLO -DPRODUCT_NAME=\"canoe\" -DENABLE_UPDATE_PARTITIONS_CMDS -DENABLE_BOOT_CMD -DENABLE_DEVICE_CRITICAL_LOCK_UNLOCK_CMDS -DAUTO_PATCH_ABL -DDISABLE_PATCH_2 -DDISABLE_PATCH_3 -DDISABLE_PATCH_4 -DDISABLE_PATCH_5 -DDISABLE_PATCH_6 -DDISABLE_PATCH_7 -DDISABLE_PATCH_8 -DDISABLE_PATCH_9 -DINIT_BIN='"/init"' -DVERIFIED_BOOT_ENABLED -DBASE_ADDRESS=0x80000000 -DREMOVE_CARVEOUT_REGION -DQSPA_BOOTCONFIG_ENABLE  -c -o /home/vivy/gbl_root_canoe/edk2/Build/RELEASE_CLANG35/AARCH64/ArmPkg/Library/CompilerIntrinsicsLib/CompilerIntrinsicsLib/OUTPUT/./memcpy.obj @/home/vivy/gbl_root_canoe/edk2/Build/RELEASE_CLANG35/AARCH64/ArmPkg/Library/CompilerIntrinsicsLib/CompilerIntrinsicsLib/OUTPUT/inc.lst /home/vivy/gbl_root_canoe/edk2/ArmPkg/Library/CompilerIntrinsicsLib/memcpy.c
memcpy.s:10:2: warning: inconsistent use of MD5 checksums
        .file   1 "/home/vivy/gbl_root_canoe/edk2" "ArmPkg/Library/CompilerIntrinsicsLib/memcpy.c"
        ^
"/usr/bin/clang" -g -fshort-wchar -fno-strict-aliasing -Wall -Werror -Wno-array-bounds -c -include AutoGen.h -mlittle-endian -fno-short-enums -save-temps -fverbose-asm -fsigned-char -ffunction-sections -fdata-sections -fomit-frame-pointer -fno-builtin -Wno-address -fno-asynchronous-unwind-tables -target aarch64-linux-gnu -mcmodel=small -mstrict-align -Wno-parentheses-equality -Wno-tautological-compare -Wno-tautological-constant-out-of-range-compare -Wno-empty-body -D=__FORTIFY_SOURCE -D_FORTIFY_SOURCE=2 -O2 -Wno-shift-negative-value -fstack-protector-all -Wno-varargs -fno-common -Wno-misleading-indentation -Wno-unknown-warning-option  -mtune=cortex-a53 -Oz -DZ_SOLO -DPRODUCT_NAME=\"canoe\" -DENABLE_UPDATE_PARTITIONS_CMDS -DENABLE_BOOT_CMD -DENABLE_DEVICE_CRITICAL_LOCK_UNLOCK_CMDS -DAUTO_PATCH_ABL -DDISABLE_PATCH_2 -DDISABLE_PATCH_3 -DDISABLE_PATCH_4 -DDISABLE_PATCH_5 -DDISABLE_PATCH_6 -DDISABLE_PATCH_7 -DDISABLE_PATCH_8 -DDISABLE_PATCH_9 -DINIT_BIN='"/init"' -DVERIFIED_BOOT_ENABLED -DBASE_ADDRESS=0x80000000 -DREMOVE_CARVEOUT_REGION -DQSPA_BOOTCONFIG_ENABLE  -c -o /home/vivy/gbl_root_canoe/edk2/Build/RELEASE_CLANG35/AARCH64/ArmPkg/Library/CompilerIntrinsicsLib/CompilerIntrinsicsLib/OUTPUT/./memset.obj @/home/vivy/gbl_root_canoe/edk2/Build/RELEASE_CLANG35/AARCH64/ArmPkg/Library/CompilerIntrinsicsLib/CompilerIntrinsicsLib/OUTPUT/inc.lst /home/vivy/gbl_root_canoe/edk2/ArmPkg/Library/CompilerIntrinsicsLib/memset.c
memset.s:9:2: warning: inconsistent use of MD5 checksums
        .file   1 "/home/vivy/gbl_root_canoe/edk2" "ArmPkg/Library/CompilerIntrinsicsLib/memset.c"
        ^
rm -f /home/vivy/gbl_root_canoe/edk2/Build/RELEASE_CLANG35/AARCH64/ArmPkg/Library/CompilerIntrinsicsLib/CompilerIntrinsicsLib/OUTPUT/CompilerIntrinsicsLib.lib
"/usr/bin/llvm-ar" -cr /home/vivy/gbl_root_canoe/edk2/Build/RELEASE_CLANG35/AARCH64/ArmPkg/Library/CompilerIntrinsicsLib/CompilerIntrinsicsLib/OUTPUT/CompilerIntrinsicsLib.lib  @/home/vivy/gbl_root_canoe/edk2/Build/RELEASE_CLANG35/AARCH64/ArmPkg/Library/CompilerIntrinsicsLib/CompilerIntrinsicsLib/OUTPUT/object_files.lst
make[2]: Leaving directory '/home/vivy/gbl_root_canoe/edk2/Build/RELEASE_CLANG35/AARCH64/ArmPkg/Library/CompilerIntrinsicsLib/CompilerIntrinsicsLib'
Building ... /home/vivy/gbl_root_canoe/edk2/ArmPkg/Library/ArmGenericTimerPhyCounterLib/ArmGenericTimerPhyCounterLib.inf [AARCH64]
make[2]: Entering directory '/home/vivy/gbl_root_canoe/edk2/Build/RELEASE_CLANG35/AARCH64/ArmPkg/Library/ArmGenericTimerPhyCounterLib/ArmGenericTimerPhyCounterLib'
"/usr/bin/clang" -g -fshort-wchar -fno-strict-aliasing -Wall -Werror -Wno-array-bounds -c -include AutoGen.h -mlittle-endian -fno-short-enums -save-temps -fverbose-asm -fsigned-char -ffunction-sections -fdata-sections -fomit-frame-pointer -fno-builtin -Wno-address -fno-asynchronous-unwind-tables -target aarch64-linux-gnu -mcmodel=small -mstrict-align -Wno-parentheses-equality -Wno-tautological-compare -Wno-tautological-constant-out-of-range-compare -Wno-empty-body -D=__FORTIFY_SOURCE -D_FORTIFY_SOURCE=2 -O2 -Wno-shift-negative-value -fstack-protector-all -Wno-varargs -fno-common -Wno-misleading-indentation -Wno-unknown-warning-option  -mtune=cortex-a53 -Oz -DZ_SOLO -DPRODUCT_NAME=\"canoe\" -DENABLE_UPDATE_PARTITIONS_CMDS -DENABLE_BOOT_CMD -DENABLE_DEVICE_CRITICAL_LOCK_UNLOCK_CMDS -DAUTO_PATCH_ABL -DDISABLE_PATCH_2 -DDISABLE_PATCH_3 -DDISABLE_PATCH_4 -DDISABLE_PATCH_5 -DDISABLE_PATCH_6 -DDISABLE_PATCH_7 -DDISABLE_PATCH_8 -DDISABLE_PATCH_9 -DINIT_BIN='"/init"' -DVERIFIED_BOOT_ENABLED -DBASE_ADDRESS=0x80000000 -DREMOVE_CARVEOUT_REGION -DQSPA_BOOTCONFIG_ENABLE  -c -o /home/vivy/gbl_root_canoe/edk2/Build/RELEASE_CLANG35/AARCH64/ArmPkg/Library/ArmGenericTimerPhyCounterLib/ArmGenericTimerPhyCounterLib/OUTPUT/./ArmGenericTimerPhyCounterLib.obj @/home/vivy/gbl_root_canoe/edk2/Build/RELEASE_CLANG35/AARCH64/ArmPkg/Library/ArmGenericTimerPhyCounterLib/ArmGenericTimerPhyCounterLib/OUTPUT/inc.lst /home/vivy/gbl_root_canoe/edk2/ArmPkg/Library/ArmGenericTimerPhyCounterLib/ArmGenericTimerPhyCounterLib.c
ArmGenericTimerPhyCounterLib.s:10:2: warning: inconsistent use of MD5 checksums
        .file   1 "/home/vivy/gbl_root_canoe/edk2" "ArmPkg/Library/ArmGenericTimerPhyCounterLib/ArmGenericTimerPhyCounterLib.c"
        ^
rm -f /home/vivy/gbl_root_canoe/edk2/Build/RELEASE_CLANG35/AARCH64/ArmPkg/Library/ArmGenericTimerPhyCounterLib/ArmGenericTimerPhyCounterLib/OUTPUT/ArmGenericTimerPhyCounterLib.lib
"/usr/bin/llvm-ar" -cr /home/vivy/gbl_root_canoe/edk2/Build/RELEASE_CLANG35/AARCH64/ArmPkg/Library/ArmGenericTimerPhyCounterLib/ArmGenericTimerPhyCounterLib/OUTPUT/ArmGenericTimerPhyCounterLib.lib  @/home/vivy/gbl_root_canoe/edk2/Build/RELEASE_CLANG35/AARCH64/ArmPkg/Library/ArmGenericTimerPhyCounterLib/ArmGenericTimerPhyCounterLib/OUTPUT/object_files.lst
make[2]: Leaving directory '/home/vivy/gbl_root_canoe/edk2/Build/RELEASE_CLANG35/AARCH64/ArmPkg/Library/ArmGenericTimerPhyCounterLib/ArmGenericTimerPhyCounterLib'
Building ... /home/vivy/gbl_root_canoe/edk2/MdePkg/Library/UefiLib/UefiLib.inf [AARCH64]
make[2]: Entering directory '/home/vivy/gbl_root_canoe/edk2/Build/RELEASE_CLANG35/AARCH64/MdePkg/Library/UefiLib/UefiLib'
"/usr/bin/clang"  -g -fshort-wchar -fno-strict-aliasing -Wall -Werror -Wno-array-bounds -c -include AutoGen.h -mlittle-endian -fno-short-enums -save-temps -fverbose-asm -fsigned-char -ffunction-sections -fdata-sections -fomit-frame-pointer -fno-builtin -Wno-address -fno-asynchronous-unwind-tables -target aarch64-linux-gnu -mcmodel=small -mstrict-align -Wno-parentheses-equality -Wno-tautological-compare -Wno-tautological-constant-out-of-range-compare -Wno-empty-body -D=__FORTIFY_SOURCE -D_FORTIFY_SOURCE=2 -O2 -Wno-shift-negative-value -fstack-protector-all -Wno-varargs -fno-common -Wno-misleading-indentation -Wno-unknown-warning-option  -mtune=cortex-a53 -Oz -DZ_SOLO -DPRODUCT_NAME=\"canoe\" -DENABLE_UPDATE_PARTITIONS_CMDS -DENABLE_BOOT_CMD -DENABLE_DEVICE_CRITICAL_LOCK_UNLOCK_CMDS -DAUTO_PATCH_ABL -DDISABLE_PATCH_2 -DDISABLE_PATCH_3 -DDISABLE_PATCH_4 -DDISABLE_PATCH_5 -DDISABLE_PATCH_6 -DDISABLE_PATCH_7 -DDISABLE_PATCH_8 -DDISABLE_PATCH_9 -DINIT_BIN='"/init"' -DVERIFIED_BOOT_ENABLED -DBASE_ADDRESS=0x80000000 -DREMOVE_CARVEOUT_REGION -DQSPA_BOOTCONFIG_ENABLE -o /home/vivy/gbl_root_canoe/edk2/Build/RELEASE_CLANG35/AARCH64/MdePkg/Library/UefiLib/UefiLib/OUTPUT/./Acpi.obj -I/home/vivy/gbl_root_canoe/edk2/MdePkg/Library/UefiLib -I/home/vivy/gbl_root_canoe/edk2/Build/RELEASE_CLANG35/AARCH64/MdePkg/Library/UefiLib/UefiLib/DEBUG -I/home/vivy/gbl_root_canoe/edk2/MdePkg -I/home/vivy/gbl_root_canoe/edk2/MdePkg/Include -I/home/vivy/gbl_root_canoe/edk2/MdePkg/Include/AArch64 /home/vivy/gbl_root_canoe/edk2/MdePkg/Library/UefiLib/Acpi.c
Acpi.s:4:2: warning: inconsistent use of MD5 checksums
        .file   1 "/home/vivy/gbl_root_canoe/edk2" "MdePkg/Library/UefiLib/Acpi.c"
        ^
"/usr/bin/clang"  -g -fshort-wchar -fno-strict-aliasing -Wall -Werror -Wno-array-bounds -c -include AutoGen.h -mlittle-endian -fno-short-enums -save-temps -fverbose-asm -fsigned-char -ffunction-sections -fdata-sections -fomit-frame-pointer -fno-builtin -Wno-address -fno-asynchronous-unwind-tables -target aarch64-linux-gnu -mcmodel=small -mstrict-align -Wno-parentheses-equality -Wno-tautological-compare -Wno-tautological-constant-out-of-range-compare -Wno-empty-body -D=__FORTIFY_SOURCE -D_FORTIFY_SOURCE=2 -O2 -Wno-shift-negative-value -fstack-protector-all -Wno-varargs -fno-common -Wno-misleading-indentation -Wno-unknown-warning-option  -mtune=cortex-a53 -Oz -DZ_SOLO -DPRODUCT_NAME=\"canoe\" -DENABLE_UPDATE_PARTITIONS_CMDS -DENABLE_BOOT_CMD -DENABLE_DEVICE_CRITICAL_LOCK_UNLOCK_CMDS -DAUTO_PATCH_ABL -DDISABLE_PATCH_2 -DDISABLE_PATCH_3 -DDISABLE_PATCH_4 -DDISABLE_PATCH_5 -DDISABLE_PATCH_6 -DDISABLE_PATCH_7 -DDISABLE_PATCH_8 -DDISABLE_PATCH_9 -DINIT_BIN='"/init"' -DVERIFIED_BOOT_ENABLED -DBASE_ADDRESS=0x80000000 -DREMOVE_CARVEOUT_REGION -DQSPA_BOOTCONFIG_ENABLE -o /home/vivy/gbl_root_canoe/edk2/Build/RELEASE_CLANG35/AARCH64/MdePkg/Library/UefiLib/UefiLib/OUTPUT/./Console.obj -I/home/vivy/gbl_root_canoe/edk2/MdePkg/Library/UefiLib -I/home/vivy/gbl_root_canoe/edk2/Build/RELEASE_CLANG35/AARCH64/MdePkg/Library/UefiLib/UefiLib/DEBUG -I/home/vivy/gbl_root_canoe/edk2/MdePkg -I/home/vivy/gbl_root_canoe/edk2/MdePkg/Include -I/home/vivy/gbl_root_canoe/edk2/MdePkg/Include/AArch64 /home/vivy/gbl_root_canoe/edk2/MdePkg/Library/UefiLib/Console.c
Console.s:4:2: warning: inconsistent use of MD5 checksums
        .file   1 "/home/vivy/gbl_root_canoe/edk2" "MdePkg/Include/AArch64/ProcessorBind.h"
        ^
"/usr/bin/clang"  -g -fshort-wchar -fno-strict-aliasing -Wall -Werror -Wno-array-bounds -c -include AutoGen.h -mlittle-endian -fno-short-enums -save-temps -fverbose-asm -fsigned-char -ffunction-sections -fdata-sections -fomit-frame-pointer -fno-builtin -Wno-address -fno-asynchronous-unwind-tables -target aarch64-linux-gnu -mcmodel=small -mstrict-align -Wno-parentheses-equality -Wno-tautological-compare -Wno-tautological-constant-out-of-range-compare -Wno-empty-body -D=__FORTIFY_SOURCE -D_FORTIFY_SOURCE=2 -O2 -Wno-shift-negative-value -fstack-protector-all -Wno-varargs -fno-common -Wno-misleading-indentation -Wno-unknown-warning-option  -mtune=cortex-a53 -Oz -DZ_SOLO -DPRODUCT_NAME=\"canoe\" -DENABLE_UPDATE_PARTITIONS_CMDS -DENABLE_BOOT_CMD -DENABLE_DEVICE_CRITICAL_LOCK_UNLOCK_CMDS -DAUTO_PATCH_ABL -DDISABLE_PATCH_2 -DDISABLE_PATCH_3 -DDISABLE_PATCH_4 -DDISABLE_PATCH_5 -DDISABLE_PATCH_6 -DDISABLE_PATCH_7 -DDISABLE_PATCH_8 -DDISABLE_PATCH_9 -DINIT_BIN='"/init"' -DVERIFIED_BOOT_ENABLED -DBASE_ADDRESS=0x80000000 -DREMOVE_CARVEOUT_REGION -DQSPA_BOOTCONFIG_ENABLE -o /home/vivy/gbl_root_canoe/edk2/Build/RELEASE_CLANG35/AARCH64/MdePkg/Library/UefiLib/UefiLib/OUTPUT/./UefiDriverModel.obj -I/home/vivy/gbl_root_canoe/edk2/MdePkg/Library/UefiLib -I/home/vivy/gbl_root_canoe/edk2/Build/RELEASE_CLANG35/AARCH64/MdePkg/Library/UefiLib/UefiLib/DEBUG -I/home/vivy/gbl_root_canoe/edk2/MdePkg -I/home/vivy/gbl_root_canoe/edk2/MdePkg/Include -I/home/vivy/gbl_root_canoe/edk2/MdePkg/Include/AArch64 /home/vivy/gbl_root_canoe/edk2/MdePkg/Library/UefiLib/UefiDriverModel.c
UefiDriverModel.s:4:2: warning: inconsistent use of MD5 checksums
        .file   1 "/home/vivy/gbl_root_canoe/edk2" "MdePkg/Library/UefiLib/UefiDriverModel.c"
        ^
"/usr/bin/clang"  -g -fshort-wchar -fno-strict-aliasing -Wall -Werror -Wno-array-bounds -c -include AutoGen.h -mlittle-endian -fno-short-enums -save-temps -fverbose-asm -fsigned-char -ffunction-sections -fdata-sections -fomit-frame-pointer -fno-builtin -Wno-address -fno-asynchronous-unwind-tables -target aarch64-linux-gnu -mcmodel=small -mstrict-align -Wno-parentheses-equality -Wno-tautological-compare -Wno-tautological-constant-out-of-range-compare -Wno-empty-body -D=__FORTIFY_SOURCE -D_FORTIFY_SOURCE=2 -O2 -Wno-shift-negative-value -fstack-protector-all -Wno-varargs -fno-common -Wno-misleading-indentation -Wno-unknown-warning-option  -mtune=cortex-a53 -Oz -DZ_SOLO -DPRODUCT_NAME=\"canoe\" -DENABLE_UPDATE_PARTITIONS_CMDS -DENABLE_BOOT_CMD -DENABLE_DEVICE_CRITICAL_LOCK_UNLOCK_CMDS -DAUTO_PATCH_ABL -DDISABLE_PATCH_2 -DDISABLE_PATCH_3 -DDISABLE_PATCH_4 -DDISABLE_PATCH_5 -DDISABLE_PATCH_6 -DDISABLE_PATCH_7 -DDISABLE_PATCH_8 -DDISABLE_PATCH_9 -DINIT_BIN='"/init"' -DVERIFIED_BOOT_ENABLED -DBASE_ADDRESS=0x80000000 -DREMOVE_CARVEOUT_REGION -DQSPA_BOOTCONFIG_ENABLE -o /home/vivy/gbl_root_canoe/edk2/Build/RELEASE_CLANG35/AARCH64/MdePkg/Library/UefiLib/UefiLib/OUTPUT/./UefiLib.obj -I/home/vivy/gbl_root_canoe/edk2/MdePkg/Library/UefiLib -I/home/vivy/gbl_root_canoe/edk2/Build/RELEASE_CLANG35/AARCH64/MdePkg/Library/UefiLib/UefiLib/DEBUG -I/home/vivy/gbl_root_canoe/edk2/MdePkg -I/home/vivy/gbl_root_canoe/edk2/MdePkg/Include -I/home/vivy/gbl_root_canoe/edk2/MdePkg/Include/AArch64 /home/vivy/gbl_root_canoe/edk2/MdePkg/Library/UefiLib/UefiLib.c
UefiLib.s:4:2: warning: inconsistent use of MD5 checksums
        .file   1 "/home/vivy/gbl_root_canoe/edk2" "MdePkg/Library/UefiLib/UefiLib.c"
        ^
"/usr/bin/clang"  -g -fshort-wchar -fno-strict-aliasing -Wall -Werror -Wno-array-bounds -c -include AutoGen.h -mlittle-endian -fno-short-enums -save-temps -fverbose-asm -fsigned-char -ffunction-sections -fdata-sections -fomit-frame-pointer -fno-builtin -Wno-address -fno-asynchronous-unwind-tables -target aarch64-linux-gnu -mcmodel=small -mstrict-align -Wno-parentheses-equality -Wno-tautological-compare -Wno-tautological-constant-out-of-range-compare -Wno-empty-body -D=__FORTIFY_SOURCE -D_FORTIFY_SOURCE=2 -O2 -Wno-shift-negative-value -fstack-protector-all -Wno-varargs -fno-common -Wno-misleading-indentation -Wno-unknown-warning-option  -mtune=cortex-a53 -Oz -DZ_SOLO -DPRODUCT_NAME=\"canoe\" -DENABLE_UPDATE_PARTITIONS_CMDS -DENABLE_BOOT_CMD -DENABLE_DEVICE_CRITICAL_LOCK_UNLOCK_CMDS -DAUTO_PATCH_ABL -DDISABLE_PATCH_2 -DDISABLE_PATCH_3 -DDISABLE_PATCH_4 -DDISABLE_PATCH_5 -DDISABLE_PATCH_6 -DDISABLE_PATCH_7 -DDISABLE_PATCH_8 -DDISABLE_PATCH_9 -DINIT_BIN='"/init"' -DVERIFIED_BOOT_ENABLED -DBASE_ADDRESS=0x80000000 -DREMOVE_CARVEOUT_REGION -DQSPA_BOOTCONFIG_ENABLE -o /home/vivy/gbl_root_canoe/edk2/Build/RELEASE_CLANG35/AARCH64/MdePkg/Library/UefiLib/UefiLib/OUTPUT/./UefiLibPrint.obj -I/home/vivy/gbl_root_canoe/edk2/MdePkg/Library/UefiLib -I/home/vivy/gbl_root_canoe/edk2/Build/RELEASE_CLANG35/AARCH64/MdePkg/Library/UefiLib/UefiLib/DEBUG -I/home/vivy/gbl_root_canoe/edk2/MdePkg -I/home/vivy/gbl_root_canoe/edk2/MdePkg/Include -I/home/vivy/gbl_root_canoe/edk2/MdePkg/Include/AArch64 /home/vivy/gbl_root_canoe/edk2/MdePkg/Library/UefiLib/UefiLibPrint.c
UefiLibPrint.s:4:2: warning: inconsistent use of MD5 checksums
        .file   1 "/home/vivy/gbl_root_canoe/edk2" "MdePkg/Include/AArch64/ProcessorBind.h"
        ^
"/usr/bin/clang"  -g -fshort-wchar -fno-strict-aliasing -Wall -Werror -Wno-array-bounds -c -include AutoGen.h -mlittle-endian -fno-short-enums -save-temps -fverbose-asm -fsigned-char -ffunction-sections -fdata-sections -fomit-frame-pointer -fno-builtin -Wno-address -fno-asynchronous-unwind-tables -target aarch64-linux-gnu -mcmodel=small -mstrict-align -Wno-parentheses-equality -Wno-tautological-compare -Wno-tautological-constant-out-of-range-compare -Wno-empty-body -D=__FORTIFY_SOURCE -D_FORTIFY_SOURCE=2 -O2 -Wno-shift-negative-value -fstack-protector-all -Wno-varargs -fno-common -Wno-misleading-indentation -Wno-unknown-warning-option  -mtune=cortex-a53 -Oz -DZ_SOLO -DPRODUCT_NAME=\"canoe\" -DENABLE_UPDATE_PARTITIONS_CMDS -DENABLE_BOOT_CMD -DENABLE_DEVICE_CRITICAL_LOCK_UNLOCK_CMDS -DAUTO_PATCH_ABL -DDISABLE_PATCH_2 -DDISABLE_PATCH_3 -DDISABLE_PATCH_4 -DDISABLE_PATCH_5 -DDISABLE_PATCH_6 -DDISABLE_PATCH_7 -DDISABLE_PATCH_8 -DDISABLE_PATCH_9 -DINIT_BIN='"/init"' -DVERIFIED_BOOT_ENABLED -DBASE_ADDRESS=0x80000000 -DREMOVE_CARVEOUT_REGION -DQSPA_BOOTCONFIG_ENABLE -o /home/vivy/gbl_root_canoe/edk2/Build/RELEASE_CLANG35/AARCH64/MdePkg/Library/UefiLib/UefiLib/OUTPUT/./UefiNotTiano.obj -I/home/vivy/gbl_root_canoe/edk2/MdePkg/Library/UefiLib -I/home/vivy/gbl_root_canoe/edk2/Build/RELEASE_CLANG35/AARCH64/MdePkg/Library/UefiLib/UefiLib/DEBUG -I/home/vivy/gbl_root_canoe/edk2/MdePkg -I/home/vivy/gbl_root_canoe/edk2/MdePkg/Include -I/home/vivy/gbl_root_canoe/edk2/MdePkg/Include/AArch64 /home/vivy/gbl_root_canoe/edk2/MdePkg/Library/UefiLib/UefiNotTiano.c
UefiNotTiano.s:4:2: warning: inconsistent use of MD5 checksums
        .file   1 "/home/vivy/gbl_root_canoe/edk2" "MdePkg/Library/UefiLib/UefiNotTiano.c"
        ^
rm -f /home/vivy/gbl_root_canoe/edk2/Build/RELEASE_CLANG35/AARCH64/MdePkg/Library/UefiLib/UefiLib/OUTPUT/UefiLib.lib
"/usr/bin/llvm-ar" -cr /home/vivy/gbl_root_canoe/edk2/Build/RELEASE_CLANG35/AARCH64/MdePkg/Library/UefiLib/UefiLib/OUTPUT/UefiLib.lib  @/home/vivy/gbl_root_canoe/edk2/Build/RELEASE_CLANG35/AARCH64/MdePkg/Library/UefiLib/UefiLib/OUTPUT/object_files.lst
make[2]: Leaving directory '/home/vivy/gbl_root_canoe/edk2/Build/RELEASE_CLANG35/AARCH64/MdePkg/Library/UefiLib/UefiLib'
Building ... /home/vivy/gbl_root_canoe/edk2/MdePkg/Library/BaseMemoryLib/BaseMemoryLib.inf [AARCH64]
make[2]: Entering directory '/home/vivy/gbl_root_canoe/edk2/Build/RELEASE_CLANG35/AARCH64/MdePkg/Library/BaseMemoryLib/BaseMemoryLib'
"/usr/bin/clang" -g -fshort-wchar -fno-strict-aliasing -Wall -Werror -Wno-array-bounds -c -include AutoGen.h -mlittle-endian -fno-short-enums -save-temps -fverbose-asm -fsigned-char -ffunction-sections -fdata-sections -fomit-frame-pointer -fno-builtin -Wno-address -fno-asynchronous-unwind-tables -target aarch64-linux-gnu -mcmodel=small -mstrict-align -Wno-parentheses-equality -Wno-tautological-compare -Wno-tautological-constant-out-of-range-compare -Wno-empty-body -D=__FORTIFY_SOURCE -D_FORTIFY_SOURCE=2 -O2 -Wno-shift-negative-value -fstack-protector-all -Wno-varargs -fno-common -Wno-misleading-indentation -Wno-unknown-warning-option  -mtune=cortex-a53 -Oz -DZ_SOLO -DPRODUCT_NAME=\"canoe\" -DENABLE_UPDATE_PARTITIONS_CMDS -DENABLE_BOOT_CMD -DENABLE_DEVICE_CRITICAL_LOCK_UNLOCK_CMDS -DAUTO_PATCH_ABL -DDISABLE_PATCH_2 -DDISABLE_PATCH_3 -DDISABLE_PATCH_4 -DDISABLE_PATCH_5 -DDISABLE_PATCH_6 -DDISABLE_PATCH_7 -DDISABLE_PATCH_8 -DDISABLE_PATCH_9 -DINIT_BIN='"/init"' -DVERIFIED_BOOT_ENABLED -DBASE_ADDRESS=0x80000000 -DREMOVE_CARVEOUT_REGION -DQSPA_BOOTCONFIG_ENABLE  -c -o /home/vivy/gbl_root_canoe/edk2/Build/RELEASE_CLANG35/AARCH64/MdePkg/Library/BaseMemoryLib/BaseMemoryLib/OUTPUT/./CompareMemWrapper.obj @/home/vivy/gbl_root_canoe/edk2/Build/RELEASE_CLANG35/AARCH64/MdePkg/Library/BaseMemoryLib/BaseMemoryLib/OUTPUT/inc.lst /home/vivy/gbl_root_canoe/edk2/MdePkg/Library/BaseMemoryLib/CompareMemWrapper.c
CompareMemWrapper.s:4:2: warning: inconsistent use of MD5 checksums
        .file   1 "/home/vivy/gbl_root_canoe/edk2" "MdePkg/Library/BaseMemoryLib/CompareMemWrapper.c"
        ^
"/usr/bin/clang" -g -fshort-wchar -fno-strict-aliasing -Wall -Werror -Wno-array-bounds -c -include AutoGen.h -mlittle-endian -fno-short-enums -save-temps -fverbose-asm -fsigned-char -ffunction-sections -fdata-sections -fomit-frame-pointer -fno-builtin -Wno-address -fno-asynchronous-unwind-tables -target aarch64-linux-gnu -mcmodel=small -mstrict-align -Wno-parentheses-equality -Wno-tautological-compare -Wno-tautological-constant-out-of-range-compare -Wno-empty-body -D=__FORTIFY_SOURCE -D_FORTIFY_SOURCE=2 -O2 -Wno-shift-negative-value -fstack-protector-all -Wno-varargs -fno-common -Wno-misleading-indentation -Wno-unknown-warning-option  -mtune=cortex-a53 -Oz -DZ_SOLO -DPRODUCT_NAME=\"canoe\" -DENABLE_UPDATE_PARTITIONS_CMDS -DENABLE_BOOT_CMD -DENABLE_DEVICE_CRITICAL_LOCK_UNLOCK_CMDS -DAUTO_PATCH_ABL -DDISABLE_PATCH_2 -DDISABLE_PATCH_3 -DDISABLE_PATCH_4 -DDISABLE_PATCH_5 -DDISABLE_PATCH_6 -DDISABLE_PATCH_7 -DDISABLE_PATCH_8 -DDISABLE_PATCH_9 -DINIT_BIN='"/init"' -DVERIFIED_BOOT_ENABLED -DBASE_ADDRESS=0x80000000 -DREMOVE_CARVEOUT_REGION -DQSPA_BOOTCONFIG_ENABLE  -c -o /home/vivy/gbl_root_canoe/edk2/Build/RELEASE_CLANG35/AARCH64/MdePkg/Library/BaseMemoryLib/BaseMemoryLib/OUTPUT/./CopyMem.obj @/home/vivy/gbl_root_canoe/edk2/Build/RELEASE_CLANG35/AARCH64/MdePkg/Library/BaseMemoryLib/BaseMemoryLib/OUTPUT/inc.lst /home/vivy/gbl_root_canoe/edk2/MdePkg/Library/BaseMemoryLib/CopyMem.c
CopyMem.s:4:2: warning: inconsistent use of MD5 checksums
        .file   1 "/home/vivy/gbl_root_canoe/edk2" "MdePkg/Include/AArch64/ProcessorBind.h"
        ^
"/usr/bin/clang" -g -fshort-wchar -fno-strict-aliasing -Wall -Werror -Wno-array-bounds -c -include AutoGen.h -mlittle-endian -fno-short-enums -save-temps -fverbose-asm -fsigned-char -ffunction-sections -fdata-sections -fomit-frame-pointer -fno-builtin -Wno-address -fno-asynchronous-unwind-tables -target aarch64-linux-gnu -mcmodel=small -mstrict-align -Wno-parentheses-equality -Wno-tautological-compare -Wno-tautological-constant-out-of-range-compare -Wno-empty-body -D=__FORTIFY_SOURCE -D_FORTIFY_SOURCE=2 -O2 -Wno-shift-negative-value -fstack-protector-all -Wno-varargs -fno-common -Wno-misleading-indentation -Wno-unknown-warning-option  -mtune=cortex-a53 -Oz -DZ_SOLO -DPRODUCT_NAME=\"canoe\" -DENABLE_UPDATE_PARTITIONS_CMDS -DENABLE_BOOT_CMD -DENABLE_DEVICE_CRITICAL_LOCK_UNLOCK_CMDS -DAUTO_PATCH_ABL -DDISABLE_PATCH_2 -DDISABLE_PATCH_3 -DDISABLE_PATCH_4 -DDISABLE_PATCH_5 -DDISABLE_PATCH_6 -DDISABLE_PATCH_7 -DDISABLE_PATCH_8 -DDISABLE_PATCH_9 -DINIT_BIN='"/init"' -DVERIFIED_BOOT_ENABLED -DBASE_ADDRESS=0x80000000 -DREMOVE_CARVEOUT_REGION -DQSPA_BOOTCONFIG_ENABLE  -c -o /home/vivy/gbl_root_canoe/edk2/Build/RELEASE_CLANG35/AARCH64/MdePkg/Library/BaseMemoryLib/BaseMemoryLib/OUTPUT/./CopyMemWrapper.obj @/home/vivy/gbl_root_canoe/edk2/Build/RELEASE_CLANG35/AARCH64/MdePkg/Library/BaseMemoryLib/BaseMemoryLib/OUTPUT/inc.lst /home/vivy/gbl_root_canoe/edk2/MdePkg/Library/BaseMemoryLib/CopyMemWrapper.c
CopyMemWrapper.s:4:2: warning: inconsistent use of MD5 checksums
        .file   1 "/home/vivy/gbl_root_canoe/edk2" "MdePkg/Library/BaseMemoryLib/CopyMemWrapper.c"
        ^
"/usr/bin/clang" -g -fshort-wchar -fno-strict-aliasing -Wall -Werror -Wno-array-bounds -c -include AutoGen.h -mlittle-endian -fno-short-enums -save-temps -fverbose-asm -fsigned-char -ffunction-sections -fdata-sections -fomit-frame-pointer -fno-builtin -Wno-address -fno-asynchronous-unwind-tables -target aarch64-linux-gnu -mcmodel=small -mstrict-align -Wno-parentheses-equality -Wno-tautological-compare -Wno-tautological-constant-out-of-range-compare -Wno-empty-body -D=__FORTIFY_SOURCE -D_FORTIFY_SOURCE=2 -O2 -Wno-shift-negative-value -fstack-protector-all -Wno-varargs -fno-common -Wno-misleading-indentation -Wno-unknown-warning-option  -mtune=cortex-a53 -Oz -DZ_SOLO -DPRODUCT_NAME=\"canoe\" -DENABLE_UPDATE_PARTITIONS_CMDS -DENABLE_BOOT_CMD -DENABLE_DEVICE_CRITICAL_LOCK_UNLOCK_CMDS -DAUTO_PATCH_ABL -DDISABLE_PATCH_2 -DDISABLE_PATCH_3 -DDISABLE_PATCH_4 -DDISABLE_PATCH_5 -DDISABLE_PATCH_6 -DDISABLE_PATCH_7 -DDISABLE_PATCH_8 -DDISABLE_PATCH_9 -DINIT_BIN='"/init"' -DVERIFIED_BOOT_ENABLED -DBASE_ADDRESS=0x80000000 -DREMOVE_CARVEOUT_REGION -DQSPA_BOOTCONFIG_ENABLE  -c -o /home/vivy/gbl_root_canoe/edk2/Build/RELEASE_CLANG35/AARCH64/MdePkg/Library/BaseMemoryLib/BaseMemoryLib/OUTPUT/./IsZeroBufferWrapper.obj @/home/vivy/gbl_root_canoe/edk2/Build/RELEASE_CLANG35/AARCH64/MdePkg/Library/BaseMemoryLib/BaseMemoryLib/OUTPUT/inc.lst /home/vivy/gbl_root_canoe/edk2/MdePkg/Library/BaseMemoryLib/IsZeroBufferWrapper.c
IsZeroBufferWrapper.s:4:2: warning: inconsistent use of MD5 checksums
        .file   1 "/home/vivy/gbl_root_canoe/edk2" "MdePkg/Library/BaseMemoryLib/IsZeroBufferWrapper.c"
        ^
"/usr/bin/clang" -g -fshort-wchar -fno-strict-aliasing -Wall -Werror -Wno-array-bounds -c -include AutoGen.h -mlittle-endian -fno-short-enums -save-temps -fverbose-asm -fsigned-char -ffunction-sections -fdata-sections -fomit-frame-pointer -fno-builtin -Wno-address -fno-asynchronous-unwind-tables -target aarch64-linux-gnu -mcmodel=small -mstrict-align -Wno-parentheses-equality -Wno-tautological-compare -Wno-tautological-constant-out-of-range-compare -Wno-empty-body -D=__FORTIFY_SOURCE -D_FORTIFY_SOURCE=2 -O2 -Wno-shift-negative-value -fstack-protector-all -Wno-varargs -fno-common -Wno-misleading-indentation -Wno-unknown-warning-option  -mtune=cortex-a53 -Oz -DZ_SOLO -DPRODUCT_NAME=\"canoe\" -DENABLE_UPDATE_PARTITIONS_CMDS -DENABLE_BOOT_CMD -DENABLE_DEVICE_CRITICAL_LOCK_UNLOCK_CMDS -DAUTO_PATCH_ABL -DDISABLE_PATCH_2 -DDISABLE_PATCH_3 -DDISABLE_PATCH_4 -DDISABLE_PATCH_5 -DDISABLE_PATCH_6 -DDISABLE_PATCH_7 -DDISABLE_PATCH_8 -DDISABLE_PATCH_9 -DINIT_BIN='"/init"' -DVERIFIED_BOOT_ENABLED -DBASE_ADDRESS=0x80000000 -DREMOVE_CARVEOUT_REGION -DQSPA_BOOTCONFIG_ENABLE  -c -o /home/vivy/gbl_root_canoe/edk2/Build/RELEASE_CLANG35/AARCH64/MdePkg/Library/BaseMemoryLib/BaseMemoryLib/OUTPUT/./MemLibGeneric.obj @/home/vivy/gbl_root_canoe/edk2/Build/RELEASE_CLANG35/AARCH64/MdePkg/Library/BaseMemoryLib/BaseMemoryLib/OUTPUT/inc.lst /home/vivy/gbl_root_canoe/edk2/MdePkg/Library/BaseMemoryLib/MemLibGeneric.c
MemLibGeneric.s:4:2: warning: inconsistent use of MD5 checksums
        .file   1 "/home/vivy/gbl_root_canoe/edk2" "MdePkg/Include/AArch64/ProcessorBind.h"
        ^
"/usr/bin/clang" -g -fshort-wchar -fno-strict-aliasing -Wall -Werror -Wno-array-bounds -c -include AutoGen.h -mlittle-endian -fno-short-enums -save-temps -fverbose-asm -fsigned-char -ffunction-sections -fdata-sections -fomit-frame-pointer -fno-builtin -Wno-address -fno-asynchronous-unwind-tables -target aarch64-linux-gnu -mcmodel=small -mstrict-align -Wno-parentheses-equality -Wno-tautological-compare -Wno-tautological-constant-out-of-range-compare -Wno-empty-body -D=__FORTIFY_SOURCE -D_FORTIFY_SOURCE=2 -O2 -Wno-shift-negative-value -fstack-protector-all -Wno-varargs -fno-common -Wno-misleading-indentation -Wno-unknown-warning-option  -mtune=cortex-a53 -Oz -DZ_SOLO -DPRODUCT_NAME=\"canoe\" -DENABLE_UPDATE_PARTITIONS_CMDS -DENABLE_BOOT_CMD -DENABLE_DEVICE_CRITICAL_LOCK_UNLOCK_CMDS -DAUTO_PATCH_ABL -DDISABLE_PATCH_2 -DDISABLE_PATCH_3 -DDISABLE_PATCH_4 -DDISABLE_PATCH_5 -DDISABLE_PATCH_6 -DDISABLE_PATCH_7 -DDISABLE_PATCH_8 -DDISABLE_PATCH_9 -DINIT_BIN='"/init"' -DVERIFIED_BOOT_ENABLED -DBASE_ADDRESS=0x80000000 -DREMOVE_CARVEOUT_REGION -DQSPA_BOOTCONFIG_ENABLE  -c -o /home/vivy/gbl_root_canoe/edk2/Build/RELEASE_CLANG35/AARCH64/MdePkg/Library/BaseMemoryLib/BaseMemoryLib/OUTPUT/./MemLibGuid.obj @/home/vivy/gbl_root_canoe/edk2/Build/RELEASE_CLANG35/AARCH64/MdePkg/Library/BaseMemoryLib/BaseMemoryLib/OUTPUT/inc.lst /home/vivy/gbl_root_canoe/edk2/MdePkg/Library/BaseMemoryLib/MemLibGuid.c
MemLibGuid.s:4:2: warning: inconsistent use of MD5 checksums
        .file   1 "/home/vivy/gbl_root_canoe/edk2" "MdePkg/Library/BaseMemoryLib/MemLibGuid.c"
        ^
"/usr/bin/clang" -g -fshort-wchar -fno-strict-aliasing -Wall -Werror -Wno-array-bounds -c -include AutoGen.h -mlittle-endian -fno-short-enums -save-temps -fverbose-asm -fsigned-char -ffunction-sections -fdata-sections -fomit-frame-pointer -fno-builtin -Wno-address -fno-asynchronous-unwind-tables -target aarch64-linux-gnu -mcmodel=small -mstrict-align -Wno-parentheses-equality -Wno-tautological-compare -Wno-tautological-constant-out-of-range-compare -Wno-empty-body -D=__FORTIFY_SOURCE -D_FORTIFY_SOURCE=2 -O2 -Wno-shift-negative-value -fstack-protector-all -Wno-varargs -fno-common -Wno-misleading-indentation -Wno-unknown-warning-option  -mtune=cortex-a53 -Oz -DZ_SOLO -DPRODUCT_NAME=\"canoe\" -DENABLE_UPDATE_PARTITIONS_CMDS -DENABLE_BOOT_CMD -DENABLE_DEVICE_CRITICAL_LOCK_UNLOCK_CMDS -DAUTO_PATCH_ABL -DDISABLE_PATCH_2 -DDISABLE_PATCH_3 -DDISABLE_PATCH_4 -DDISABLE_PATCH_5 -DDISABLE_PATCH_6 -DDISABLE_PATCH_7 -DDISABLE_PATCH_8 -DDISABLE_PATCH_9 -DINIT_BIN='"/init"' -DVERIFIED_BOOT_ENABLED -DBASE_ADDRESS=0x80000000 -DREMOVE_CARVEOUT_REGION -DQSPA_BOOTCONFIG_ENABLE  -c -o /home/vivy/gbl_root_canoe/edk2/Build/RELEASE_CLANG35/AARCH64/MdePkg/Library/BaseMemoryLib/BaseMemoryLib/OUTPUT/./ScanMem16Wrapper.obj @/home/vivy/gbl_root_canoe/edk2/Build/RELEASE_CLANG35/AARCH64/MdePkg/Library/BaseMemoryLib/BaseMemoryLib/OUTPUT/inc.lst /home/vivy/gbl_root_canoe/edk2/MdePkg/Library/BaseMemoryLib/ScanMem16Wrapper.c
ScanMem16Wrapper.s:4:2: warning: inconsistent use of MD5 checksums
        .file   1 "/home/vivy/gbl_root_canoe/edk2" "MdePkg/Library/BaseMemoryLib/ScanMem16Wrapper.c"
        ^
"/usr/bin/clang" -g -fshort-wchar -fno-strict-aliasing -Wall -Werror -Wno-array-bounds -c -include AutoGen.h -mlittle-endian -fno-short-enums -save-temps -fverbose-asm -fsigned-char -ffunction-sections -fdata-sections -fomit-frame-pointer -fno-builtin -Wno-address -fno-asynchronous-unwind-tables -target aarch64-linux-gnu -mcmodel=small -mstrict-align -Wno-parentheses-equality -Wno-tautological-compare -Wno-tautological-constant-out-of-range-compare -Wno-empty-body -D=__FORTIFY_SOURCE -D_FORTIFY_SOURCE=2 -O2 -Wno-shift-negative-value -fstack-protector-all -Wno-varargs -fno-common -Wno-misleading-indentation -Wno-unknown-warning-option  -mtune=cortex-a53 -Oz -DZ_SOLO -DPRODUCT_NAME=\"canoe\" -DENABLE_UPDATE_PARTITIONS_CMDS -DENABLE_BOOT_CMD -DENABLE_DEVICE_CRITICAL_LOCK_UNLOCK_CMDS -DAUTO_PATCH_ABL -DDISABLE_PATCH_2 -DDISABLE_PATCH_3 -DDISABLE_PATCH_4 -DDISABLE_PATCH_5 -DDISABLE_PATCH_6 -DDISABLE_PATCH_7 -DDISABLE_PATCH_8 -DDISABLE_PATCH_9 -DINIT_BIN='"/init"' -DVERIFIED_BOOT_ENABLED -DBASE_ADDRESS=0x80000000 -DREMOVE_CARVEOUT_REGION -DQSPA_BOOTCONFIG_ENABLE  -c -o /home/vivy/gbl_root_canoe/edk2/Build/RELEASE_CLANG35/AARCH64/MdePkg/Library/BaseMemoryLib/BaseMemoryLib/OUTPUT/./ScanMem32Wrapper.obj @/home/vivy/gbl_root_canoe/edk2/Build/RELEASE_CLANG35/AARCH64/MdePkg/Library/BaseMemoryLib/BaseMemoryLib/OUTPUT/inc.lst /home/vivy/gbl_root_canoe/edk2/MdePkg/Library/BaseMemoryLib/ScanMem32Wrapper.c
ScanMem32Wrapper.s:4:2: warning: inconsistent use of MD5 checksums
        .file   1 "/home/vivy/gbl_root_canoe/edk2" "MdePkg/Library/BaseMemoryLib/ScanMem32Wrapper.c"
        ^
"/usr/bin/clang" -g -fshort-wchar -fno-strict-aliasing -Wall -Werror -Wno-array-bounds -c -include AutoGen.h -mlittle-endian -fno-short-enums -save-temps -fverbose-asm -fsigned-char -ffunction-sections -fdata-sections -fomit-frame-pointer -fno-builtin -Wno-address -fno-asynchronous-unwind-tables -target aarch64-linux-gnu -mcmodel=small -mstrict-align -Wno-parentheses-equality -Wno-tautological-compare -Wno-tautological-constant-out-of-range-compare -Wno-empty-body -D=__FORTIFY_SOURCE -D_FORTIFY_SOURCE=2 -O2 -Wno-shift-negative-value -fstack-protector-all -Wno-varargs -fno-common -Wno-misleading-indentation -Wno-unknown-warning-option  -mtune=cortex-a53 -Oz -DZ_SOLO -DPRODUCT_NAME=\"canoe\" -DENABLE_UPDATE_PARTITIONS_CMDS -DENABLE_BOOT_CMD -DENABLE_DEVICE_CRITICAL_LOCK_UNLOCK_CMDS -DAUTO_PATCH_ABL -DDISABLE_PATCH_2 -DDISABLE_PATCH_3 -DDISABLE_PATCH_4 -DDISABLE_PATCH_5 -DDISABLE_PATCH_6 -DDISABLE_PATCH_7 -DDISABLE_PATCH_8 -DDISABLE_PATCH_9 -DINIT_BIN='"/init"' -DVERIFIED_BOOT_ENABLED -DBASE_ADDRESS=0x80000000 -DREMOVE_CARVEOUT_REGION -DQSPA_BOOTCONFIG_ENABLE  -c -o /home/vivy/gbl_root_canoe/edk2/Build/RELEASE_CLANG35/AARCH64/MdePkg/Library/BaseMemoryLib/BaseMemoryLib/OUTPUT/./ScanMem64Wrapper.obj @/home/vivy/gbl_root_canoe/edk2/Build/RELEASE_CLANG35/AARCH64/MdePkg/Library/BaseMemoryLib/BaseMemoryLib/OUTPUT/inc.lst /home/vivy/gbl_root_canoe/edk2/MdePkg/Library/BaseMemoryLib/ScanMem64Wrapper.c
ScanMem64Wrapper.s:4:2: warning: inconsistent use of MD5 checksums
        .file   1 "/home/vivy/gbl_root_canoe/edk2" "MdePkg/Library/BaseMemoryLib/ScanMem64Wrapper.c"
        ^
"/usr/bin/clang" -g -fshort-wchar -fno-strict-aliasing -Wall -Werror -Wno-array-bounds -c -include AutoGen.h -mlittle-endian -fno-short-enums -save-temps -fverbose-asm -fsigned-char -ffunction-sections -fdata-sections -fomit-frame-pointer -fno-builtin -Wno-address -fno-asynchronous-unwind-tables -target aarch64-linux-gnu -mcmodel=small -mstrict-align -Wno-parentheses-equality -Wno-tautological-compare -Wno-tautological-constant-out-of-range-compare -Wno-empty-body -D=__FORTIFY_SOURCE -D_FORTIFY_SOURCE=2 -O2 -Wno-shift-negative-value -fstack-protector-all -Wno-varargs -fno-common -Wno-misleading-indentation -Wno-unknown-warning-option  -mtune=cortex-a53 -Oz -DZ_SOLO -DPRODUCT_NAME=\"canoe\" -DENABLE_UPDATE_PARTITIONS_CMDS -DENABLE_BOOT_CMD -DENABLE_DEVICE_CRITICAL_LOCK_UNLOCK_CMDS -DAUTO_PATCH_ABL -DDISABLE_PATCH_2 -DDISABLE_PATCH_3 -DDISABLE_PATCH_4 -DDISABLE_PATCH_5 -DDISABLE_PATCH_6 -DDISABLE_PATCH_7 -DDISABLE_PATCH_8 -DDISABLE_PATCH_9 -DINIT_BIN='"/init"' -DVERIFIED_BOOT_ENABLED -DBASE_ADDRESS=0x80000000 -DREMOVE_CARVEOUT_REGION -DQSPA_BOOTCONFIG_ENABLE  -c -o /home/vivy/gbl_root_canoe/edk2/Build/RELEASE_CLANG35/AARCH64/MdePkg/Library/BaseMemoryLib/BaseMemoryLib/OUTPUT/./ScanMem8Wrapper.obj @/home/vivy/gbl_root_canoe/edk2/Build/RELEASE_CLANG35/AARCH64/MdePkg/Library/BaseMemoryLib/BaseMemoryLib/OUTPUT/inc.lst /home/vivy/gbl_root_canoe/edk2/MdePkg/Library/BaseMemoryLib/ScanMem8Wrapper.c
ScanMem8Wrapper.s:4:2: warning: inconsistent use of MD5 checksums
        .file   1 "/home/vivy/gbl_root_canoe/edk2" "MdePkg/Library/BaseMemoryLib/ScanMem8Wrapper.c"
        ^
"/usr/bin/clang" -g -fshort-wchar -fno-strict-aliasing -Wall -Werror -Wno-array-bounds -c -include AutoGen.h -mlittle-endian -fno-short-enums -save-temps -fverbose-asm -fsigned-char -ffunction-sections -fdata-sections -fomit-frame-pointer -fno-builtin -Wno-address -fno-asynchronous-unwind-tables -target aarch64-linux-gnu -mcmodel=small -mstrict-align -Wno-parentheses-equality -Wno-tautological-compare -Wno-tautological-constant-out-of-range-compare -Wno-empty-body -D=__FORTIFY_SOURCE -D_FORTIFY_SOURCE=2 -O2 -Wno-shift-negative-value -fstack-protector-all -Wno-varargs -fno-common -Wno-misleading-indentation -Wno-unknown-warning-option  -mtune=cortex-a53 -Oz -DZ_SOLO -DPRODUCT_NAME=\"canoe\" -DENABLE_UPDATE_PARTITIONS_CMDS -DENABLE_BOOT_CMD -DENABLE_DEVICE_CRITICAL_LOCK_UNLOCK_CMDS -DAUTO_PATCH_ABL -DDISABLE_PATCH_2 -DDISABLE_PATCH_3 -DDISABLE_PATCH_4 -DDISABLE_PATCH_5 -DDISABLE_PATCH_6 -DDISABLE_PATCH_7 -DDISABLE_PATCH_8 -DDISABLE_PATCH_9 -DINIT_BIN='"/init"' -DVERIFIED_BOOT_ENABLED -DBASE_ADDRESS=0x80000000 -DREMOVE_CARVEOUT_REGION -DQSPA_BOOTCONFIG_ENABLE  -c -o /home/vivy/gbl_root_canoe/edk2/Build/RELEASE_CLANG35/AARCH64/MdePkg/Library/BaseMemoryLib/BaseMemoryLib/OUTPUT/./SetMem.obj @/home/vivy/gbl_root_canoe/edk2/Build/RELEASE_CLANG35/AARCH64/MdePkg/Library/BaseMemoryLib/BaseMemoryLib/OUTPUT/inc.lst /home/vivy/gbl_root_canoe/edk2/MdePkg/Library/BaseMemoryLib/SetMem.c
SetMem.s:4:2: warning: inconsistent use of MD5 checksums
        .file   1 "/home/vivy/gbl_root_canoe/edk2" "MdePkg/Include/AArch64/ProcessorBind.h"
        ^
"/usr/bin/clang" -g -fshort-wchar -fno-strict-aliasing -Wall -Werror -Wno-array-bounds -c -include AutoGen.h -mlittle-endian -fno-short-enums -save-temps -fverbose-asm -fsigned-char -ffunction-sections -fdata-sections -fomit-frame-pointer -fno-builtin -Wno-address -fno-asynchronous-unwind-tables -target aarch64-linux-gnu -mcmodel=small -mstrict-align -Wno-parentheses-equality -Wno-tautological-compare -Wno-tautological-constant-out-of-range-compare -Wno-empty-body -D=__FORTIFY_SOURCE -D_FORTIFY_SOURCE=2 -O2 -Wno-shift-negative-value -fstack-protector-all -Wno-varargs -fno-common -Wno-misleading-indentation -Wno-unknown-warning-option  -mtune=cortex-a53 -Oz -DZ_SOLO -DPRODUCT_NAME=\"canoe\" -DENABLE_UPDATE_PARTITIONS_CMDS -DENABLE_BOOT_CMD -DENABLE_DEVICE_CRITICAL_LOCK_UNLOCK_CMDS -DAUTO_PATCH_ABL -DDISABLE_PATCH_2 -DDISABLE_PATCH_3 -DDISABLE_PATCH_4 -DDISABLE_PATCH_5 -DDISABLE_PATCH_6 -DDISABLE_PATCH_7 -DDISABLE_PATCH_8 -DDISABLE_PATCH_9 -DINIT_BIN='"/init"' -DVERIFIED_BOOT_ENABLED -DBASE_ADDRESS=0x80000000 -DREMOVE_CARVEOUT_REGION -DQSPA_BOOTCONFIG_ENABLE  -c -o /home/vivy/gbl_root_canoe/edk2/Build/RELEASE_CLANG35/AARCH64/MdePkg/Library/BaseMemoryLib/BaseMemoryLib/OUTPUT/./SetMem16Wrapper.obj @/home/vivy/gbl_root_canoe/edk2/Build/RELEASE_CLANG35/AARCH64/MdePkg/Library/BaseMemoryLib/BaseMemoryLib/OUTPUT/inc.lst /home/vivy/gbl_root_canoe/edk2/MdePkg/Library/BaseMemoryLib/SetMem16Wrapper.c
SetMem16Wrapper.s:4:2: warning: inconsistent use of MD5 checksums
        .file   1 "/home/vivy/gbl_root_canoe/edk2" "MdePkg/Library/BaseMemoryLib/SetMem16Wrapper.c"
        ^
"/usr/bin/clang" -g -fshort-wchar -fno-strict-aliasing -Wall -Werror -Wno-array-bounds -c -include AutoGen.h -mlittle-endian -fno-short-enums -save-temps -fverbose-asm -fsigned-char -ffunction-sections -fdata-sections -fomit-frame-pointer -fno-builtin -Wno-address -fno-asynchronous-unwind-tables -target aarch64-linux-gnu -mcmodel=small -mstrict-align -Wno-parentheses-equality -Wno-tautological-compare -Wno-tautological-constant-out-of-range-compare -Wno-empty-body -D=__FORTIFY_SOURCE -D_FORTIFY_SOURCE=2 -O2 -Wno-shift-negative-value -fstack-protector-all -Wno-varargs -fno-common -Wno-misleading-indentation -Wno-unknown-warning-option  -mtune=cortex-a53 -Oz -DZ_SOLO -DPRODUCT_NAME=\"canoe\" -DENABLE_UPDATE_PARTITIONS_CMDS -DENABLE_BOOT_CMD -DENABLE_DEVICE_CRITICAL_LOCK_UNLOCK_CMDS -DAUTO_PATCH_ABL -DDISABLE_PATCH_2 -DDISABLE_PATCH_3 -DDISABLE_PATCH_4 -DDISABLE_PATCH_5 -DDISABLE_PATCH_6 -DDISABLE_PATCH_7 -DDISABLE_PATCH_8 -DDISABLE_PATCH_9 -DINIT_BIN='"/init"' -DVERIFIED_BOOT_ENABLED -DBASE_ADDRESS=0x80000000 -DREMOVE_CARVEOUT_REGION -DQSPA_BOOTCONFIG_ENABLE  -c -o /home/vivy/gbl_root_canoe/edk2/Build/RELEASE_CLANG35/AARCH64/MdePkg/Library/BaseMemoryLib/BaseMemoryLib/OUTPUT/./SetMem32Wrapper.obj @/home/vivy/gbl_root_canoe/edk2/Build/RELEASE_CLANG35/AARCH64/MdePkg/Library/BaseMemoryLib/BaseMemoryLib/OUTPUT/inc.lst /home/vivy/gbl_root_canoe/edk2/MdePkg/Library/BaseMemoryLib/SetMem32Wrapper.c
SetMem32Wrapper.s:4:2: warning: inconsistent use of MD5 checksums
        .file   1 "/home/vivy/gbl_root_canoe/edk2" "MdePkg/Library/BaseMemoryLib/SetMem32Wrapper.c"
        ^
"/usr/bin/clang" -g -fshort-wchar -fno-strict-aliasing -Wall -Werror -Wno-array-bounds -c -include AutoGen.h -mlittle-endian -fno-short-enums -save-temps -fverbose-asm -fsigned-char -ffunction-sections -fdata-sections -fomit-frame-pointer -fno-builtin -Wno-address -fno-asynchronous-unwind-tables -target aarch64-linux-gnu -mcmodel=small -mstrict-align -Wno-parentheses-equality -Wno-tautological-compare -Wno-tautological-constant-out-of-range-compare -Wno-empty-body -D=__FORTIFY_SOURCE -D_FORTIFY_SOURCE=2 -O2 -Wno-shift-negative-value -fstack-protector-all -Wno-varargs -fno-common -Wno-misleading-indentation -Wno-unknown-warning-option  -mtune=cortex-a53 -Oz -DZ_SOLO -DPRODUCT_NAME=\"canoe\" -DENABLE_UPDATE_PARTITIONS_CMDS -DENABLE_BOOT_CMD -DENABLE_DEVICE_CRITICAL_LOCK_UNLOCK_CMDS -DAUTO_PATCH_ABL -DDISABLE_PATCH_2 -DDISABLE_PATCH_3 -DDISABLE_PATCH_4 -DDISABLE_PATCH_5 -DDISABLE_PATCH_6 -DDISABLE_PATCH_7 -DDISABLE_PATCH_8 -DDISABLE_PATCH_9 -DINIT_BIN='"/init"' -DVERIFIED_BOOT_ENABLED -DBASE_ADDRESS=0x80000000 -DREMOVE_CARVEOUT_REGION -DQSPA_BOOTCONFIG_ENABLE  -c -o /home/vivy/gbl_root_canoe/edk2/Build/RELEASE_CLANG35/AARCH64/MdePkg/Library/BaseMemoryLib/BaseMemoryLib/OUTPUT/./SetMem64Wrapper.obj @/home/vivy/gbl_root_canoe/edk2/Build/RELEASE_CLANG35/AARCH64/MdePkg/Library/BaseMemoryLib/BaseMemoryLib/OUTPUT/inc.lst /home/vivy/gbl_root_canoe/edk2/MdePkg/Library/BaseMemoryLib/SetMem64Wrapper.c
SetMem64Wrapper.s:4:2: warning: inconsistent use of MD5 checksums
        .file   1 "/home/vivy/gbl_root_canoe/edk2" "MdePkg/Library/BaseMemoryLib/SetMem64Wrapper.c"
        ^
"/usr/bin/clang" -g -fshort-wchar -fno-strict-aliasing -Wall -Werror -Wno-array-bounds -c -include AutoGen.h -mlittle-endian -fno-short-enums -save-temps -fverbose-asm -fsigned-char -ffunction-sections -fdata-sections -fomit-frame-pointer -fno-builtin -Wno-address -fno-asynchronous-unwind-tables -target aarch64-linux-gnu -mcmodel=small -mstrict-align -Wno-parentheses-equality -Wno-tautological-compare -Wno-tautological-constant-out-of-range-compare -Wno-empty-body -D=__FORTIFY_SOURCE -D_FORTIFY_SOURCE=2 -O2 -Wno-shift-negative-value -fstack-protector-all -Wno-varargs -fno-common -Wno-misleading-indentation -Wno-unknown-warning-option  -mtune=cortex-a53 -Oz -DZ_SOLO -DPRODUCT_NAME=\"canoe\" -DENABLE_UPDATE_PARTITIONS_CMDS -DENABLE_BOOT_CMD -DENABLE_DEVICE_CRITICAL_LOCK_UNLOCK_CMDS -DAUTO_PATCH_ABL -DDISABLE_PATCH_2 -DDISABLE_PATCH_3 -DDISABLE_PATCH_4 -DDISABLE_PATCH_5 -DDISABLE_PATCH_6 -DDISABLE_PATCH_7 -DDISABLE_PATCH_8 -DDISABLE_PATCH_9 -DINIT_BIN='"/init"' -DVERIFIED_BOOT_ENABLED -DBASE_ADDRESS=0x80000000 -DREMOVE_CARVEOUT_REGION -DQSPA_BOOTCONFIG_ENABLE  -c -o /home/vivy/gbl_root_canoe/edk2/Build/RELEASE_CLANG35/AARCH64/MdePkg/Library/BaseMemoryLib/BaseMemoryLib/OUTPUT/./SetMemWrapper.obj @/home/vivy/gbl_root_canoe/edk2/Build/RELEASE_CLANG35/AARCH64/MdePkg/Library/BaseMemoryLib/BaseMemoryLib/OUTPUT/inc.lst /home/vivy/gbl_root_canoe/edk2/MdePkg/Library/BaseMemoryLib/SetMemWrapper.c
SetMemWrapper.s:4:2: warning: inconsistent use of MD5 checksums
        .file   1 "/home/vivy/gbl_root_canoe/edk2" "MdePkg/Library/BaseMemoryLib/SetMemWrapper.c"
        ^
"/usr/bin/clang" -g -fshort-wchar -fno-strict-aliasing -Wall -Werror -Wno-array-bounds -c -include AutoGen.h -mlittle-endian -fno-short-enums -save-temps -fverbose-asm -fsigned-char -ffunction-sections -fdata-sections -fomit-frame-pointer -fno-builtin -Wno-address -fno-asynchronous-unwind-tables -target aarch64-linux-gnu -mcmodel=small -mstrict-align -Wno-parentheses-equality -Wno-tautological-compare -Wno-tautological-constant-out-of-range-compare -Wno-empty-body -D=__FORTIFY_SOURCE -D_FORTIFY_SOURCE=2 -O2 -Wno-shift-negative-value -fstack-protector-all -Wno-varargs -fno-common -Wno-misleading-indentation -Wno-unknown-warning-option  -mtune=cortex-a53 -Oz -DZ_SOLO -DPRODUCT_NAME=\"canoe\" -DENABLE_UPDATE_PARTITIONS_CMDS -DENABLE_BOOT_CMD -DENABLE_DEVICE_CRITICAL_LOCK_UNLOCK_CMDS -DAUTO_PATCH_ABL -DDISABLE_PATCH_2 -DDISABLE_PATCH_3 -DDISABLE_PATCH_4 -DDISABLE_PATCH_5 -DDISABLE_PATCH_6 -DDISABLE_PATCH_7 -DDISABLE_PATCH_8 -DDISABLE_PATCH_9 -DINIT_BIN='"/init"' -DVERIFIED_BOOT_ENABLED -DBASE_ADDRESS=0x80000000 -DREMOVE_CARVEOUT_REGION -DQSPA_BOOTCONFIG_ENABLE  -c -o /home/vivy/gbl_root_canoe/edk2/Build/RELEASE_CLANG35/AARCH64/MdePkg/Library/BaseMemoryLib/BaseMemoryLib/OUTPUT/./ZeroMemWrapper.obj @/home/vivy/gbl_root_canoe/edk2/Build/RELEASE_CLANG35/AARCH64/MdePkg/Library/BaseMemoryLib/BaseMemoryLib/OUTPUT/inc.lst /home/vivy/gbl_root_canoe/edk2/MdePkg/Library/BaseMemoryLib/ZeroMemWrapper.c
ZeroMemWrapper.s:4:2: warning: inconsistent use of MD5 checksums
        .file   1 "/home/vivy/gbl_root_canoe/edk2" "MdePkg/Library/BaseMemoryLib/ZeroMemWrapper.c"
        ^
rm -f /home/vivy/gbl_root_canoe/edk2/Build/RELEASE_CLANG35/AARCH64/MdePkg/Library/BaseMemoryLib/BaseMemoryLib/OUTPUT/BaseMemoryLib.lib
"/usr/bin/llvm-ar" -cr /home/vivy/gbl_root_canoe/edk2/Build/RELEASE_CLANG35/AARCH64/MdePkg/Library/BaseMemoryLib/BaseMemoryLib/OUTPUT/BaseMemoryLib.lib  @/home/vivy/gbl_root_canoe/edk2/Build/RELEASE_CLANG35/AARCH64/MdePkg/Library/BaseMemoryLib/BaseMemoryLib/OUTPUT/object_files.lst
make[2]: Leaving directory '/home/vivy/gbl_root_canoe/edk2/Build/RELEASE_CLANG35/AARCH64/MdePkg/Library/BaseMemoryLib/BaseMemoryLib'
Building ... /home/vivy/gbl_root_canoe/edk2/ArmPkg/Library/ArmLib/ArmBaseLib.inf [AARCH64]
make[2]: Entering directory '/home/vivy/gbl_root_canoe/edk2/Build/RELEASE_CLANG35/AARCH64/ArmPkg/Library/ArmLib/ArmBaseLib'
Trim --asm-file -o /home/vivy/gbl_root_canoe/edk2/Build/RELEASE_CLANG35/AARCH64/ArmPkg/Library/ArmLib/ArmBaseLib/OUTPUT/AArch64/AArch64ArchTimerSupport.i -i /home/vivy/gbl_root_canoe/edk2/Build/RELEASE_CLANG35/AARCH64/ArmPkg/Library/ArmLib/ArmBaseLib/OUTPUT/inc.lst /home/vivy/gbl_root_canoe/edk2/ArmPkg/Library/ArmLib/AArch64/AArch64ArchTimerSupport.S
/home/vivy/gbl_root_canoe/edk2/BaseTools/BinWrappers/PosixLike/../../Source/Python/Trim/Trim.py:31: SyntaxWarning: invalid escape sequence '\s'
  gLineControlDirective = re.compile('^\s*#(?:line)?\s+([0-9]+)\s+"*([^"]*)"')
/home/vivy/gbl_root_canoe/edk2/BaseTools/BinWrappers/PosixLike/../../Source/Python/Trim/Trim.py:33: SyntaxWarning: invalid escape sequence '\s'
  gTypedefPattern = re.compile("^\s*typedef\s+struct(\s+\w+)?\s*[{]*$", re.MULTILINE)
/home/vivy/gbl_root_canoe/edk2/BaseTools/BinWrappers/PosixLike/../../Source/Python/Trim/Trim.py:35: SyntaxWarning: invalid escape sequence '\s'
  gPragmaPattern = re.compile("^\s*#pragma\s+pack", re.MULTILINE)
/home/vivy/gbl_root_canoe/edk2/BaseTools/BinWrappers/PosixLike/../../Source/Python/Trim/Trim.py:37: SyntaxWarning: invalid escape sequence '\s'
  gTypedef_SinglePattern = re.compile("^\s*typedef", re.MULTILINE)
/home/vivy/gbl_root_canoe/edk2/BaseTools/BinWrappers/PosixLike/../../Source/Python/Trim/Trim.py:39: SyntaxWarning: invalid escape sequence '\s'
  gTypedef_MulPattern = re.compile("^\s*(typedef)?\s+(struct|union)(\s+\w+)?\s*[{]*$", re.MULTILINE)
/home/vivy/gbl_root_canoe/edk2/BaseTools/BinWrappers/PosixLike/../../Source/Python/Trim/Trim.py:54: SyntaxWarning: invalid escape sequence '\s'
  gAslIncludePattern = re.compile("^(\s*)[iI]nclude\s*\(\"?([^\"\(\)]+)\"\)", re.MULTILINE)
"/usr/bin/clang"  -E -x assembler-with-cpp -include /home/vivy/gbl_root_canoe/edk2/Build/RELEASE_CLANG35/AARCH64/ArmPkg/Library/ArmLib/ArmBaseLib/DEBUG/AutoGen.h -Wno-shift-negative-value -fstack-protector-all -Wno-varargs -fno-common -Wno-misleading-indentation -Wno-unknown-warning-option  -I/home/vivy/gbl_root_canoe/edk2/ArmPkg/Library/ArmLib/AArch64 -I/home/vivy/gbl_root_canoe/edk2/ArmPkg/Library/ArmLib -I/home/vivy/gbl_root_canoe/edk2/Build/RELEASE_CLANG35/AARCH64/ArmPkg/Library/ArmLib/ArmBaseLib/DEBUG -I/home/vivy/gbl_root_canoe/edk2/ArmPkg -I/home/vivy/gbl_root_canoe/edk2/ArmPkg/Include -I/home/vivy/gbl_root_canoe/edk2/MdePkg -I/home/vivy/gbl_root_canoe/edk2/MdePkg/Include -I/home/vivy/gbl_root_canoe/edk2/MdePkg/Include/AArch64 /home/vivy/gbl_root_canoe/edk2/ArmPkg/Library/ArmLib/AArch64/AArch64ArchTimerSupport.S > /home/vivy/gbl_root_canoe/edk2/Build/RELEASE_CLANG35/AARCH64/ArmPkg/Library/ArmLib/ArmBaseLib/OUTPUT/AArch64/AArch64ArchTimerSupport.ii
Trim --trim-long --source-code -o /home/vivy/gbl_root_canoe/edk2/Build/RELEASE_CLANG35/AARCH64/ArmPkg/Library/ArmLib/ArmBaseLib/OUTPUT/AArch64/AArch64ArchTimerSupport.iiii /home/vivy/gbl_root_canoe/edk2/Build/RELEASE_CLANG35/AARCH64/ArmPkg/Library/ArmLib/ArmBaseLib/OUTPUT/AArch64/AArch64ArchTimerSupport.ii
/home/vivy/gbl_root_canoe/edk2/BaseTools/BinWrappers/PosixLike/../../Source/Python/Trim/Trim.py:31: SyntaxWarning: invalid escape sequence '\s'
  gLineControlDirective = re.compile('^\s*#(?:line)?\s+([0-9]+)\s+"*([^"]*)"')
/home/vivy/gbl_root_canoe/edk2/BaseTools/BinWrappers/PosixLike/../../Source/Python/Trim/Trim.py:33: SyntaxWarning: invalid escape sequence '\s'
  gTypedefPattern = re.compile("^\s*typedef\s+struct(\s+\w+)?\s*[{]*$", re.MULTILINE)
/home/vivy/gbl_root_canoe/edk2/BaseTools/BinWrappers/PosixLike/../../Source/Python/Trim/Trim.py:35: SyntaxWarning: invalid escape sequence '\s'
  gPragmaPattern = re.compile("^\s*#pragma\s+pack", re.MULTILINE)
/home/vivy/gbl_root_canoe/edk2/BaseTools/BinWrappers/PosixLike/../../Source/Python/Trim/Trim.py:37: SyntaxWarning: invalid escape sequence '\s'
  gTypedef_SinglePattern = re.compile("^\s*typedef", re.MULTILINE)
/home/vivy/gbl_root_canoe/edk2/BaseTools/BinWrappers/PosixLike/../../Source/Python/Trim/Trim.py:39: SyntaxWarning: invalid escape sequence '\s'
  gTypedef_MulPattern = re.compile("^\s*(typedef)?\s+(struct|union)(\s+\w+)?\s*[{]*$", re.MULTILINE)
/home/vivy/gbl_root_canoe/edk2/BaseTools/BinWrappers/PosixLike/../../Source/Python/Trim/Trim.py:54: SyntaxWarning: invalid escape sequence '\s'
  gAslIncludePattern = re.compile("^(\s*)[iI]nclude\s*\(\"?([^\"\(\)]+)\"\)", re.MULTILINE)
"/usr/bin/clang" -c -x assembler -imacros /home/vivy/gbl_root_canoe/edk2/Build/RELEASE_CLANG35/AARCH64/ArmPkg/Library/ArmLib/ArmBaseLib/DEBUG/AutoGen.h -target aarch64-linux-gnu   -o /home/vivy/gbl_root_canoe/edk2/Build/RELEASE_CLANG35/AARCH64/ArmPkg/Library/ArmLib/ArmBaseLib/OUTPUT/AArch64/AArch64ArchTimerSupport.obj -I/home/vivy/gbl_root_canoe/edk2/ArmPkg/Library/ArmLib/AArch64 -I/home/vivy/gbl_root_canoe/edk2/ArmPkg/Library/ArmLib -I/home/vivy/gbl_root_canoe/edk2/Build/RELEASE_CLANG35/AARCH64/ArmPkg/Library/ArmLib/ArmBaseLib/DEBUG -I/home/vivy/gbl_root_canoe/edk2/ArmPkg -I/home/vivy/gbl_root_canoe/edk2/ArmPkg/Include -I/home/vivy/gbl_root_canoe/edk2/MdePkg -I/home/vivy/gbl_root_canoe/edk2/MdePkg/Include -I/home/vivy/gbl_root_canoe/edk2/MdePkg/Include/AArch64 /home/vivy/gbl_root_canoe/edk2/Build/RELEASE_CLANG35/AARCH64/ArmPkg/Library/ArmLib/ArmBaseLib/OUTPUT/AArch64/AArch64ArchTimerSupport.iiii
clang: warning: argument unused during compilation: '-imacros /home/vivy/gbl_root_canoe/edk2/Build/RELEASE_CLANG35/AARCH64/ArmPkg/Library/ArmLib/ArmBaseLib/DEBUG/AutoGen.h' [-Wunused-command-line-argument]
"/usr/bin/clang" -g -fshort-wchar -fno-strict-aliasing -Wall -Werror -Wno-array-bounds -c -include AutoGen.h -mlittle-endian -fno-short-enums -save-temps -fverbose-asm -fsigned-char -ffunction-sections -fdata-sections -fomit-frame-pointer -fno-builtin -Wno-address -fno-asynchronous-unwind-tables -target aarch64-linux-gnu -mcmodel=small -mstrict-align -Wno-parentheses-equality -Wno-tautological-compare -Wno-tautological-constant-out-of-range-compare -Wno-empty-body -D=__FORTIFY_SOURCE -D_FORTIFY_SOURCE=2 -O2 -Wno-shift-negative-value -fstack-protector-all -Wno-varargs -fno-common -Wno-misleading-indentation -Wno-unknown-warning-option  -mtune=cortex-a53 -Oz -DZ_SOLO -DPRODUCT_NAME=\"canoe\" -DENABLE_UPDATE_PARTITIONS_CMDS -DENABLE_BOOT_CMD -DENABLE_DEVICE_CRITICAL_LOCK_UNLOCK_CMDS -DAUTO_PATCH_ABL -DDISABLE_PATCH_2 -DDISABLE_PATCH_3 -DDISABLE_PATCH_4 -DDISABLE_PATCH_5 -DDISABLE_PATCH_6 -DDISABLE_PATCH_7 -DDISABLE_PATCH_8 -DDISABLE_PATCH_9 -DINIT_BIN='"/init"' -DVERIFIED_BOOT_ENABLED -DBASE_ADDRESS=0x80000000 -DREMOVE_CARVEOUT_REGION -DQSPA_BOOTCONFIG_ENABLE  -c -o /home/vivy/gbl_root_canoe/edk2/Build/RELEASE_CLANG35/AARCH64/ArmPkg/Library/ArmLib/ArmBaseLib/OUTPUT/AArch64/AArch64Lib.obj @/home/vivy/gbl_root_canoe/edk2/Build/RELEASE_CLANG35/AARCH64/ArmPkg/Library/ArmLib/ArmBaseLib/OUTPUT/inc.lst /home/vivy/gbl_root_canoe/edk2/ArmPkg/Library/ArmLib/AArch64/AArch64Lib.c
AArch64Lib.s:10:2: warning: inconsistent use of MD5 checksums
        .file   1 "/home/vivy/gbl_root_canoe/edk2" "ArmPkg/Library/ArmLib/AArch64/AArch64Lib.c"
        ^
Trim --asm-file -o /home/vivy/gbl_root_canoe/edk2/Build/RELEASE_CLANG35/AARCH64/ArmPkg/Library/ArmLib/ArmBaseLib/OUTPUT/AArch64/AArch64Support.i -i /home/vivy/gbl_root_canoe/edk2/Build/RELEASE_CLANG35/AARCH64/ArmPkg/Library/ArmLib/ArmBaseLib/OUTPUT/inc.lst /home/vivy/gbl_root_canoe/edk2/ArmPkg/Library/ArmLib/AArch64/AArch64Support.S
/home/vivy/gbl_root_canoe/edk2/BaseTools/BinWrappers/PosixLike/../../Source/Python/Trim/Trim.py:31: SyntaxWarning: invalid escape sequence '\s'
  gLineControlDirective = re.compile('^\s*#(?:line)?\s+([0-9]+)\s+"*([^"]*)"')
/home/vivy/gbl_root_canoe/edk2/BaseTools/BinWrappers/PosixLike/../../Source/Python/Trim/Trim.py:33: SyntaxWarning: invalid escape sequence '\s'
  gTypedefPattern = re.compile("^\s*typedef\s+struct(\s+\w+)?\s*[{]*$", re.MULTILINE)
/home/vivy/gbl_root_canoe/edk2/BaseTools/BinWrappers/PosixLike/../../Source/Python/Trim/Trim.py:35: SyntaxWarning: invalid escape sequence '\s'
  gPragmaPattern = re.compile("^\s*#pragma\s+pack", re.MULTILINE)
/home/vivy/gbl_root_canoe/edk2/BaseTools/BinWrappers/PosixLike/../../Source/Python/Trim/Trim.py:37: SyntaxWarning: invalid escape sequence '\s'
  gTypedef_SinglePattern = re.compile("^\s*typedef", re.MULTILINE)
/home/vivy/gbl_root_canoe/edk2/BaseTools/BinWrappers/PosixLike/../../Source/Python/Trim/Trim.py:39: SyntaxWarning: invalid escape sequence '\s'
  gTypedef_MulPattern = re.compile("^\s*(typedef)?\s+(struct|union)(\s+\w+)?\s*[{]*$", re.MULTILINE)
/home/vivy/gbl_root_canoe/edk2/BaseTools/BinWrappers/PosixLike/../../Source/Python/Trim/Trim.py:54: SyntaxWarning: invalid escape sequence '\s'
  gAslIncludePattern = re.compile("^(\s*)[iI]nclude\s*\(\"?([^\"\(\)]+)\"\)", re.MULTILINE)
"/usr/bin/clang"  -E -x assembler-with-cpp -include /home/vivy/gbl_root_canoe/edk2/Build/RELEASE_CLANG35/AARCH64/ArmPkg/Library/ArmLib/ArmBaseLib/DEBUG/AutoGen.h -Wno-shift-negative-value -fstack-protector-all -Wno-varargs -fno-common -Wno-misleading-indentation -Wno-unknown-warning-option  -I/home/vivy/gbl_root_canoe/edk2/ArmPkg/Library/ArmLib/AArch64 -I/home/vivy/gbl_root_canoe/edk2/ArmPkg/Library/ArmLib -I/home/vivy/gbl_root_canoe/edk2/Build/RELEASE_CLANG35/AARCH64/ArmPkg/Library/ArmLib/ArmBaseLib/DEBUG -I/home/vivy/gbl_root_canoe/edk2/ArmPkg -I/home/vivy/gbl_root_canoe/edk2/ArmPkg/Include -I/home/vivy/gbl_root_canoe/edk2/MdePkg -I/home/vivy/gbl_root_canoe/edk2/MdePkg/Include -I/home/vivy/gbl_root_canoe/edk2/MdePkg/Include/AArch64 /home/vivy/gbl_root_canoe/edk2/ArmPkg/Library/ArmLib/AArch64/AArch64Support.S > /home/vivy/gbl_root_canoe/edk2/Build/RELEASE_CLANG35/AARCH64/ArmPkg/Library/ArmLib/ArmBaseLib/OUTPUT/AArch64/AArch64Support.ii
Trim --trim-long --source-code -o /home/vivy/gbl_root_canoe/edk2/Build/RELEASE_CLANG35/AARCH64/ArmPkg/Library/ArmLib/ArmBaseLib/OUTPUT/AArch64/AArch64Support.iiii /home/vivy/gbl_root_canoe/edk2/Build/RELEASE_CLANG35/AARCH64/ArmPkg/Library/ArmLib/ArmBaseLib/OUTPUT/AArch64/AArch64Support.ii
/home/vivy/gbl_root_canoe/edk2/BaseTools/BinWrappers/PosixLike/../../Source/Python/Trim/Trim.py:31: SyntaxWarning: invalid escape sequence '\s'
  gLineControlDirective = re.compile('^\s*#(?:line)?\s+([0-9]+)\s+"*([^"]*)"')
/home/vivy/gbl_root_canoe/edk2/BaseTools/BinWrappers/PosixLike/../../Source/Python/Trim/Trim.py:33: SyntaxWarning: invalid escape sequence '\s'
  gTypedefPattern = re.compile("^\s*typedef\s+struct(\s+\w+)?\s*[{]*$", re.MULTILINE)
/home/vivy/gbl_root_canoe/edk2/BaseTools/BinWrappers/PosixLike/../../Source/Python/Trim/Trim.py:35: SyntaxWarning: invalid escape sequence '\s'
  gPragmaPattern = re.compile("^\s*#pragma\s+pack", re.MULTILINE)
/home/vivy/gbl_root_canoe/edk2/BaseTools/BinWrappers/PosixLike/../../Source/Python/Trim/Trim.py:37: SyntaxWarning: invalid escape sequence '\s'
  gTypedef_SinglePattern = re.compile("^\s*typedef", re.MULTILINE)
/home/vivy/gbl_root_canoe/edk2/BaseTools/BinWrappers/PosixLike/../../Source/Python/Trim/Trim.py:39: SyntaxWarning: invalid escape sequence '\s'
  gTypedef_MulPattern = re.compile("^\s*(typedef)?\s+(struct|union)(\s+\w+)?\s*[{]*$", re.MULTILINE)
/home/vivy/gbl_root_canoe/edk2/BaseTools/BinWrappers/PosixLike/../../Source/Python/Trim/Trim.py:54: SyntaxWarning: invalid escape sequence '\s'
  gAslIncludePattern = re.compile("^(\s*)[iI]nclude\s*\(\"?([^\"\(\)]+)\"\)", re.MULTILINE)
"/usr/bin/clang" -c -x assembler -imacros /home/vivy/gbl_root_canoe/edk2/Build/RELEASE_CLANG35/AARCH64/ArmPkg/Library/ArmLib/ArmBaseLib/DEBUG/AutoGen.h -target aarch64-linux-gnu   -o /home/vivy/gbl_root_canoe/edk2/Build/RELEASE_CLANG35/AARCH64/ArmPkg/Library/ArmLib/ArmBaseLib/OUTPUT/AArch64/AArch64Support.obj -I/home/vivy/gbl_root_canoe/edk2/ArmPkg/Library/ArmLib/AArch64 -I/home/vivy/gbl_root_canoe/edk2/ArmPkg/Library/ArmLib -I/home/vivy/gbl_root_canoe/edk2/Build/RELEASE_CLANG35/AARCH64/ArmPkg/Library/ArmLib/ArmBaseLib/DEBUG -I/home/vivy/gbl_root_canoe/edk2/ArmPkg -I/home/vivy/gbl_root_canoe/edk2/ArmPkg/Include -I/home/vivy/gbl_root_canoe/edk2/MdePkg -I/home/vivy/gbl_root_canoe/edk2/MdePkg/Include -I/home/vivy/gbl_root_canoe/edk2/MdePkg/Include/AArch64 /home/vivy/gbl_root_canoe/edk2/Build/RELEASE_CLANG35/AARCH64/ArmPkg/Library/ArmLib/ArmBaseLib/OUTPUT/AArch64/AArch64Support.iiii
clang: warning: argument unused during compilation: '-imacros /home/vivy/gbl_root_canoe/edk2/Build/RELEASE_CLANG35/AARCH64/ArmPkg/Library/ArmLib/ArmBaseLib/DEBUG/AutoGen.h' [-Wunused-command-line-argument]
Trim --asm-file -o /home/vivy/gbl_root_canoe/edk2/Build/RELEASE_CLANG35/AARCH64/ArmPkg/Library/ArmLib/ArmBaseLib/OUTPUT/AArch64/ArmLibSupport.i -i /home/vivy/gbl_root_canoe/edk2/Build/RELEASE_CLANG35/AARCH64/ArmPkg/Library/ArmLib/ArmBaseLib/OUTPUT/inc.lst /home/vivy/gbl_root_canoe/edk2/ArmPkg/Library/ArmLib/AArch64/ArmLibSupport.S
/home/vivy/gbl_root_canoe/edk2/BaseTools/BinWrappers/PosixLike/../../Source/Python/Trim/Trim.py:31: SyntaxWarning: invalid escape sequence '\s'
  gLineControlDirective = re.compile('^\s*#(?:line)?\s+([0-9]+)\s+"*([^"]*)"')
/home/vivy/gbl_root_canoe/edk2/BaseTools/BinWrappers/PosixLike/../../Source/Python/Trim/Trim.py:33: SyntaxWarning: invalid escape sequence '\s'
  gTypedefPattern = re.compile("^\s*typedef\s+struct(\s+\w+)?\s*[{]*$", re.MULTILINE)
/home/vivy/gbl_root_canoe/edk2/BaseTools/BinWrappers/PosixLike/../../Source/Python/Trim/Trim.py:35: SyntaxWarning: invalid escape sequence '\s'
  gPragmaPattern = re.compile("^\s*#pragma\s+pack", re.MULTILINE)
/home/vivy/gbl_root_canoe/edk2/BaseTools/BinWrappers/PosixLike/../../Source/Python/Trim/Trim.py:37: SyntaxWarning: invalid escape sequence '\s'
  gTypedef_SinglePattern = re.compile("^\s*typedef", re.MULTILINE)
/home/vivy/gbl_root_canoe/edk2/BaseTools/BinWrappers/PosixLike/../../Source/Python/Trim/Trim.py:39: SyntaxWarning: invalid escape sequence '\s'
  gTypedef_MulPattern = re.compile("^\s*(typedef)?\s+(struct|union)(\s+\w+)?\s*[{]*$", re.MULTILINE)
/home/vivy/gbl_root_canoe/edk2/BaseTools/BinWrappers/PosixLike/../../Source/Python/Trim/Trim.py:54: SyntaxWarning: invalid escape sequence '\s'
  gAslIncludePattern = re.compile("^(\s*)[iI]nclude\s*\(\"?([^\"\(\)]+)\"\)", re.MULTILINE)
"/usr/bin/clang"  -E -x assembler-with-cpp -include /home/vivy/gbl_root_canoe/edk2/Build/RELEASE_CLANG35/AARCH64/ArmPkg/Library/ArmLib/ArmBaseLib/DEBUG/AutoGen.h -Wno-shift-negative-value -fstack-protector-all -Wno-varargs -fno-common -Wno-misleading-indentation -Wno-unknown-warning-option  -I/home/vivy/gbl_root_canoe/edk2/ArmPkg/Library/ArmLib/AArch64 -I/home/vivy/gbl_root_canoe/edk2/ArmPkg/Library/ArmLib -I/home/vivy/gbl_root_canoe/edk2/Build/RELEASE_CLANG35/AARCH64/ArmPkg/Library/ArmLib/ArmBaseLib/DEBUG -I/home/vivy/gbl_root_canoe/edk2/ArmPkg -I/home/vivy/gbl_root_canoe/edk2/ArmPkg/Include -I/home/vivy/gbl_root_canoe/edk2/MdePkg -I/home/vivy/gbl_root_canoe/edk2/MdePkg/Include -I/home/vivy/gbl_root_canoe/edk2/MdePkg/Include/AArch64 /home/vivy/gbl_root_canoe/edk2/ArmPkg/Library/ArmLib/AArch64/ArmLibSupport.S > /home/vivy/gbl_root_canoe/edk2/Build/RELEASE_CLANG35/AARCH64/ArmPkg/Library/ArmLib/ArmBaseLib/OUTPUT/AArch64/ArmLibSupport.ii
Trim --trim-long --source-code -o /home/vivy/gbl_root_canoe/edk2/Build/RELEASE_CLANG35/AARCH64/ArmPkg/Library/ArmLib/ArmBaseLib/OUTPUT/AArch64/ArmLibSupport.iiii /home/vivy/gbl_root_canoe/edk2/Build/RELEASE_CLANG35/AARCH64/ArmPkg/Library/ArmLib/ArmBaseLib/OUTPUT/AArch64/ArmLibSupport.ii
/home/vivy/gbl_root_canoe/edk2/BaseTools/BinWrappers/PosixLike/../../Source/Python/Trim/Trim.py:31: SyntaxWarning: invalid escape sequence '\s'
  gLineControlDirective = re.compile('^\s*#(?:line)?\s+([0-9]+)\s+"*([^"]*)"')
/home/vivy/gbl_root_canoe/edk2/BaseTools/BinWrappers/PosixLike/../../Source/Python/Trim/Trim.py:33: SyntaxWarning: invalid escape sequence '\s'
  gTypedefPattern = re.compile("^\s*typedef\s+struct(\s+\w+)?\s*[{]*$", re.MULTILINE)
/home/vivy/gbl_root_canoe/edk2/BaseTools/BinWrappers/PosixLike/../../Source/Python/Trim/Trim.py:35: SyntaxWarning: invalid escape sequence '\s'
  gPragmaPattern = re.compile("^\s*#pragma\s+pack", re.MULTILINE)
/home/vivy/gbl_root_canoe/edk2/BaseTools/BinWrappers/PosixLike/../../Source/Python/Trim/Trim.py:37: SyntaxWarning: invalid escape sequence '\s'
  gTypedef_SinglePattern = re.compile("^\s*typedef", re.MULTILINE)
/home/vivy/gbl_root_canoe/edk2/BaseTools/BinWrappers/PosixLike/../../Source/Python/Trim/Trim.py:39: SyntaxWarning: invalid escape sequence '\s'
  gTypedef_MulPattern = re.compile("^\s*(typedef)?\s+(struct|union)(\s+\w+)?\s*[{]*$", re.MULTILINE)
/home/vivy/gbl_root_canoe/edk2/BaseTools/BinWrappers/PosixLike/../../Source/Python/Trim/Trim.py:54: SyntaxWarning: invalid escape sequence '\s'
  gAslIncludePattern = re.compile("^(\s*)[iI]nclude\s*\(\"?([^\"\(\)]+)\"\)", re.MULTILINE)
"/usr/bin/clang" -c -x assembler -imacros /home/vivy/gbl_root_canoe/edk2/Build/RELEASE_CLANG35/AARCH64/ArmPkg/Library/ArmLib/ArmBaseLib/DEBUG/AutoGen.h -target aarch64-linux-gnu   -o /home/vivy/gbl_root_canoe/edk2/Build/RELEASE_CLANG35/AARCH64/ArmPkg/Library/ArmLib/ArmBaseLib/OUTPUT/AArch64/ArmLibSupport.obj -I/home/vivy/gbl_root_canoe/edk2/ArmPkg/Library/ArmLib/AArch64 -I/home/vivy/gbl_root_canoe/edk2/ArmPkg/Library/ArmLib -I/home/vivy/gbl_root_canoe/edk2/Build/RELEASE_CLANG35/AARCH64/ArmPkg/Library/ArmLib/ArmBaseLib/DEBUG -I/home/vivy/gbl_root_canoe/edk2/ArmPkg -I/home/vivy/gbl_root_canoe/edk2/ArmPkg/Include -I/home/vivy/gbl_root_canoe/edk2/MdePkg -I/home/vivy/gbl_root_canoe/edk2/MdePkg/Include -I/home/vivy/gbl_root_canoe/edk2/MdePkg/Include/AArch64 /home/vivy/gbl_root_canoe/edk2/Build/RELEASE_CLANG35/AARCH64/ArmPkg/Library/ArmLib/ArmBaseLib/OUTPUT/AArch64/ArmLibSupport.iiii
clang: warning: argument unused during compilation: '-imacros /home/vivy/gbl_root_canoe/edk2/Build/RELEASE_CLANG35/AARCH64/ArmPkg/Library/ArmLib/ArmBaseLib/DEBUG/AutoGen.h' [-Wunused-command-line-argument]
Trim --asm-file -o /home/vivy/gbl_root_canoe/edk2/Build/RELEASE_CLANG35/AARCH64/ArmPkg/Library/ArmLib/ArmBaseLib/OUTPUT/AArch64/ArmLibSupportV8.i -i /home/vivy/gbl_root_canoe/edk2/Build/RELEASE_CLANG35/AARCH64/ArmPkg/Library/ArmLib/ArmBaseLib/OUTPUT/inc.lst /home/vivy/gbl_root_canoe/edk2/ArmPkg/Library/ArmLib/AArch64/ArmLibSupportV8.S
/home/vivy/gbl_root_canoe/edk2/BaseTools/BinWrappers/PosixLike/../../Source/Python/Trim/Trim.py:31: SyntaxWarning: invalid escape sequence '\s'
  gLineControlDirective = re.compile('^\s*#(?:line)?\s+([0-9]+)\s+"*([^"]*)"')
/home/vivy/gbl_root_canoe/edk2/BaseTools/BinWrappers/PosixLike/../../Source/Python/Trim/Trim.py:33: SyntaxWarning: invalid escape sequence '\s'
  gTypedefPattern = re.compile("^\s*typedef\s+struct(\s+\w+)?\s*[{]*$", re.MULTILINE)
/home/vivy/gbl_root_canoe/edk2/BaseTools/BinWrappers/PosixLike/../../Source/Python/Trim/Trim.py:35: SyntaxWarning: invalid escape sequence '\s'
  gPragmaPattern = re.compile("^\s*#pragma\s+pack", re.MULTILINE)
/home/vivy/gbl_root_canoe/edk2/BaseTools/BinWrappers/PosixLike/../../Source/Python/Trim/Trim.py:37: SyntaxWarning: invalid escape sequence '\s'
  gTypedef_SinglePattern = re.compile("^\s*typedef", re.MULTILINE)
/home/vivy/gbl_root_canoe/edk2/BaseTools/BinWrappers/PosixLike/../../Source/Python/Trim/Trim.py:39: SyntaxWarning: invalid escape sequence '\s'
  gTypedef_MulPattern = re.compile("^\s*(typedef)?\s+(struct|union)(\s+\w+)?\s*[{]*$", re.MULTILINE)
/home/vivy/gbl_root_canoe/edk2/BaseTools/BinWrappers/PosixLike/../../Source/Python/Trim/Trim.py:54: SyntaxWarning: invalid escape sequence '\s'
  gAslIncludePattern = re.compile("^(\s*)[iI]nclude\s*\(\"?([^\"\(\)]+)\"\)", re.MULTILINE)
"/usr/bin/clang"  -E -x assembler-with-cpp -include /home/vivy/gbl_root_canoe/edk2/Build/RELEASE_CLANG35/AARCH64/ArmPkg/Library/ArmLib/ArmBaseLib/DEBUG/AutoGen.h -Wno-shift-negative-value -fstack-protector-all -Wno-varargs -fno-common -Wno-misleading-indentation -Wno-unknown-warning-option  -I/home/vivy/gbl_root_canoe/edk2/ArmPkg/Library/ArmLib/AArch64 -I/home/vivy/gbl_root_canoe/edk2/ArmPkg/Library/ArmLib -I/home/vivy/gbl_root_canoe/edk2/Build/RELEASE_CLANG35/AARCH64/ArmPkg/Library/ArmLib/ArmBaseLib/DEBUG -I/home/vivy/gbl_root_canoe/edk2/ArmPkg -I/home/vivy/gbl_root_canoe/edk2/ArmPkg/Include -I/home/vivy/gbl_root_canoe/edk2/MdePkg -I/home/vivy/gbl_root_canoe/edk2/MdePkg/Include -I/home/vivy/gbl_root_canoe/edk2/MdePkg/Include/AArch64 /home/vivy/gbl_root_canoe/edk2/ArmPkg/Library/ArmLib/AArch64/ArmLibSupportV8.S > /home/vivy/gbl_root_canoe/edk2/Build/RELEASE_CLANG35/AARCH64/ArmPkg/Library/ArmLib/ArmBaseLib/OUTPUT/AArch64/ArmLibSupportV8.ii
Trim --trim-long --source-code -o /home/vivy/gbl_root_canoe/edk2/Build/RELEASE_CLANG35/AARCH64/ArmPkg/Library/ArmLib/ArmBaseLib/OUTPUT/AArch64/ArmLibSupportV8.iiii /home/vivy/gbl_root_canoe/edk2/Build/RELEASE_CLANG35/AARCH64/ArmPkg/Library/ArmLib/ArmBaseLib/OUTPUT/AArch64/ArmLibSupportV8.ii
/home/vivy/gbl_root_canoe/edk2/BaseTools/BinWrappers/PosixLike/../../Source/Python/Trim/Trim.py:31: SyntaxWarning: invalid escape sequence '\s'
  gLineControlDirective = re.compile('^\s*#(?:line)?\s+([0-9]+)\s+"*([^"]*)"')
/home/vivy/gbl_root_canoe/edk2/BaseTools/BinWrappers/PosixLike/../../Source/Python/Trim/Trim.py:33: SyntaxWarning: invalid escape sequence '\s'
  gTypedefPattern = re.compile("^\s*typedef\s+struct(\s+\w+)?\s*[{]*$", re.MULTILINE)
/home/vivy/gbl_root_canoe/edk2/BaseTools/BinWrappers/PosixLike/../../Source/Python/Trim/Trim.py:35: SyntaxWarning: invalid escape sequence '\s'
  gPragmaPattern = re.compile("^\s*#pragma\s+pack", re.MULTILINE)
/home/vivy/gbl_root_canoe/edk2/BaseTools/BinWrappers/PosixLike/../../Source/Python/Trim/Trim.py:37: SyntaxWarning: invalid escape sequence '\s'
  gTypedef_SinglePattern = re.compile("^\s*typedef", re.MULTILINE)
/home/vivy/gbl_root_canoe/edk2/BaseTools/BinWrappers/PosixLike/../../Source/Python/Trim/Trim.py:39: SyntaxWarning: invalid escape sequence '\s'
  gTypedef_MulPattern = re.compile("^\s*(typedef)?\s+(struct|union)(\s+\w+)?\s*[{]*$", re.MULTILINE)
/home/vivy/gbl_root_canoe/edk2/BaseTools/BinWrappers/PosixLike/../../Source/Python/Trim/Trim.py:54: SyntaxWarning: invalid escape sequence '\s'
  gAslIncludePattern = re.compile("^(\s*)[iI]nclude\s*\(\"?([^\"\(\)]+)\"\)", re.MULTILINE)
"/usr/bin/clang" -c -x assembler -imacros /home/vivy/gbl_root_canoe/edk2/Build/RELEASE_CLANG35/AARCH64/ArmPkg/Library/ArmLib/ArmBaseLib/DEBUG/AutoGen.h -target aarch64-linux-gnu   -o /home/vivy/gbl_root_canoe/edk2/Build/RELEASE_CLANG35/AARCH64/ArmPkg/Library/ArmLib/ArmBaseLib/OUTPUT/AArch64/ArmLibSupportV8.obj -I/home/vivy/gbl_root_canoe/edk2/ArmPkg/Library/ArmLib/AArch64 -I/home/vivy/gbl_root_canoe/edk2/ArmPkg/Library/ArmLib -I/home/vivy/gbl_root_canoe/edk2/Build/RELEASE_CLANG35/AARCH64/ArmPkg/Library/ArmLib/ArmBaseLib/DEBUG -I/home/vivy/gbl_root_canoe/edk2/ArmPkg -I/home/vivy/gbl_root_canoe/edk2/ArmPkg/Include -I/home/vivy/gbl_root_canoe/edk2/MdePkg -I/home/vivy/gbl_root_canoe/edk2/MdePkg/Include -I/home/vivy/gbl_root_canoe/edk2/MdePkg/Include/AArch64 /home/vivy/gbl_root_canoe/edk2/Build/RELEASE_CLANG35/AARCH64/ArmPkg/Library/ArmLib/ArmBaseLib/OUTPUT/AArch64/ArmLibSupportV8.iiii
clang: warning: argument unused during compilation: '-imacros /home/vivy/gbl_root_canoe/edk2/Build/RELEASE_CLANG35/AARCH64/ArmPkg/Library/ArmLib/ArmBaseLib/DEBUG/AutoGen.h' [-Wunused-command-line-argument]
"/usr/bin/clang" -g -fshort-wchar -fno-strict-aliasing -Wall -Werror -Wno-array-bounds -c -include AutoGen.h -mlittle-endian -fno-short-enums -save-temps -fverbose-asm -fsigned-char -ffunction-sections -fdata-sections -fomit-frame-pointer -fno-builtin -Wno-address -fno-asynchronous-unwind-tables -target aarch64-linux-gnu -mcmodel=small -mstrict-align -Wno-parentheses-equality -Wno-tautological-compare -Wno-tautological-constant-out-of-range-compare -Wno-empty-body -D=__FORTIFY_SOURCE -D_FORTIFY_SOURCE=2 -O2 -Wno-shift-negative-value -fstack-protector-all -Wno-varargs -fno-common -Wno-misleading-indentation -Wno-unknown-warning-option  -mtune=cortex-a53 -Oz -DZ_SOLO -DPRODUCT_NAME=\"canoe\" -DENABLE_UPDATE_PARTITIONS_CMDS -DENABLE_BOOT_CMD -DENABLE_DEVICE_CRITICAL_LOCK_UNLOCK_CMDS -DAUTO_PATCH_ABL -DDISABLE_PATCH_2 -DDISABLE_PATCH_3 -DDISABLE_PATCH_4 -DDISABLE_PATCH_5 -DDISABLE_PATCH_6 -DDISABLE_PATCH_7 -DDISABLE_PATCH_8 -DDISABLE_PATCH_9 -DINIT_BIN='"/init"' -DVERIFIED_BOOT_ENABLED -DBASE_ADDRESS=0x80000000 -DREMOVE_CARVEOUT_REGION -DQSPA_BOOTCONFIG_ENABLE  -c -o /home/vivy/gbl_root_canoe/edk2/Build/RELEASE_CLANG35/AARCH64/ArmPkg/Library/ArmLib/ArmBaseLib/OUTPUT/./ArmLib.obj @/home/vivy/gbl_root_canoe/edk2/Build/RELEASE_CLANG35/AARCH64/ArmPkg/Library/ArmLib/ArmBaseLib/OUTPUT/inc.lst /home/vivy/gbl_root_canoe/edk2/ArmPkg/Library/ArmLib/ArmLib.c
ArmLib.s:10:2: warning: inconsistent use of MD5 checksums
        .file   1 "/home/vivy/gbl_root_canoe/edk2" "ArmPkg/Library/ArmLib/ArmLib.c"
        ^
rm -f /home/vivy/gbl_root_canoe/edk2/Build/RELEASE_CLANG35/AARCH64/ArmPkg/Library/ArmLib/ArmBaseLib/OUTPUT/ArmBaseLib.lib
"/usr/bin/llvm-ar" -cr /home/vivy/gbl_root_canoe/edk2/Build/RELEASE_CLANG35/AARCH64/ArmPkg/Library/ArmLib/ArmBaseLib/OUTPUT/ArmBaseLib.lib  @/home/vivy/gbl_root_canoe/edk2/Build/RELEASE_CLANG35/AARCH64/ArmPkg/Library/ArmLib/ArmBaseLib/OUTPUT/object_files.lst
make[2]: Leaving directory '/home/vivy/gbl_root_canoe/edk2/Build/RELEASE_CLANG35/AARCH64/ArmPkg/Library/ArmLib/ArmBaseLib'
Building ... /home/vivy/gbl_root_canoe/edk2/MdePkg/Library/UefiRuntimeServicesTableLib/UefiRuntimeServicesTableLib.inf [AARCH64]
make[2]: Entering directory '/home/vivy/gbl_root_canoe/edk2/Build/RELEASE_CLANG35/AARCH64/MdePkg/Library/UefiRuntimeServicesTableLib/UefiRuntimeServicesTableLib'
"/usr/bin/clang"  -g -fshort-wchar -fno-strict-aliasing -Wall -Werror -Wno-array-bounds -c -include AutoGen.h -mlittle-endian -fno-short-enums -save-temps -fverbose-asm -fsigned-char -ffunction-sections -fdata-sections -fomit-frame-pointer -fno-builtin -Wno-address -fno-asynchronous-unwind-tables -target aarch64-linux-gnu -mcmodel=small -mstrict-align -Wno-parentheses-equality -Wno-tautological-compare -Wno-tautological-constant-out-of-range-compare -Wno-empty-body -D=__FORTIFY_SOURCE -D_FORTIFY_SOURCE=2 -O2 -Wno-shift-negative-value -fstack-protector-all -Wno-varargs -fno-common -Wno-misleading-indentation -Wno-unknown-warning-option  -mtune=cortex-a53 -Oz -DZ_SOLO -DPRODUCT_NAME=\"canoe\" -DENABLE_UPDATE_PARTITIONS_CMDS -DENABLE_BOOT_CMD -DENABLE_DEVICE_CRITICAL_LOCK_UNLOCK_CMDS -DAUTO_PATCH_ABL -DDISABLE_PATCH_2 -DDISABLE_PATCH_3 -DDISABLE_PATCH_4 -DDISABLE_PATCH_5 -DDISABLE_PATCH_6 -DDISABLE_PATCH_7 -DDISABLE_PATCH_8 -DDISABLE_PATCH_9 -DINIT_BIN='"/init"' -DVERIFIED_BOOT_ENABLED -DBASE_ADDRESS=0x80000000 -DREMOVE_CARVEOUT_REGION -DQSPA_BOOTCONFIG_ENABLE -o /home/vivy/gbl_root_canoe/edk2/Build/RELEASE_CLANG35/AARCH64/MdePkg/Library/UefiRuntimeServicesTableLib/UefiRuntimeServicesTableLib/OUTPUT/./UefiRuntimeServicesTableLib.obj -I/home/vivy/gbl_root_canoe/edk2/MdePkg/Library/UefiRuntimeServicesTableLib -I/home/vivy/gbl_root_canoe/edk2/Build/RELEASE_CLANG35/AARCH64/MdePkg/Library/UefiRuntimeServicesTableLib/UefiRuntimeServicesTableLib/DEBUG -I/home/vivy/gbl_root_canoe/edk2/MdePkg -I/home/vivy/gbl_root_canoe/edk2/MdePkg/Include -I/home/vivy/gbl_root_canoe/edk2/MdePkg/Include/AArch64 /home/vivy/gbl_root_canoe/edk2/MdePkg/Library/UefiRuntimeServicesTableLib/UefiRuntimeServicesTableLib.c
UefiRuntimeServicesTableLib.s:4:2: warning: inconsistent use of MD5 checksums
        .file   1 "/home/vivy/gbl_root_canoe/edk2" "MdePkg/Include/AArch64/ProcessorBind.h"
        ^
rm -f /home/vivy/gbl_root_canoe/edk2/Build/RELEASE_CLANG35/AARCH64/MdePkg/Library/UefiRuntimeServicesTableLib/UefiRuntimeServicesTableLib/OUTPUT/UefiRuntimeServicesTableLib.lib
"/usr/bin/llvm-ar" -cr /home/vivy/gbl_root_canoe/edk2/Build/RELEASE_CLANG35/AARCH64/MdePkg/Library/UefiRuntimeServicesTableLib/UefiRuntimeServicesTableLib/OUTPUT/UefiRuntimeServicesTableLib.lib  @/home/vivy/gbl_root_canoe/edk2/Build/RELEASE_CLANG35/AARCH64/MdePkg/Library/UefiRuntimeServicesTableLib/UefiRuntimeServicesTableLib/OUTPUT/object_files.lst
make[2]: Leaving directory '/home/vivy/gbl_root_canoe/edk2/Build/RELEASE_CLANG35/AARCH64/MdePkg/Library/UefiRuntimeServicesTableLib/UefiRuntimeServicesTableLib'
Building ... /home/vivy/gbl_root_canoe/edk2/MdePkg/Library/UefiBootServicesTableLib/UefiBootServicesTableLib.inf [AARCH64]
make[2]: Entering directory '/home/vivy/gbl_root_canoe/edk2/Build/RELEASE_CLANG35/AARCH64/MdePkg/Library/UefiBootServicesTableLib/UefiBootServicesTableLib'
"/usr/bin/clang"  -g -fshort-wchar -fno-strict-aliasing -Wall -Werror -Wno-array-bounds -c -include AutoGen.h -mlittle-endian -fno-short-enums -save-temps -fverbose-asm -fsigned-char -ffunction-sections -fdata-sections -fomit-frame-pointer -fno-builtin -Wno-address -fno-asynchronous-unwind-tables -target aarch64-linux-gnu -mcmodel=small -mstrict-align -Wno-parentheses-equality -Wno-tautological-compare -Wno-tautological-constant-out-of-range-compare -Wno-empty-body -D=__FORTIFY_SOURCE -D_FORTIFY_SOURCE=2 -O2 -Wno-shift-negative-value -fstack-protector-all -Wno-varargs -fno-common -Wno-misleading-indentation -Wno-unknown-warning-option  -mtune=cortex-a53 -Oz -DZ_SOLO -DPRODUCT_NAME=\"canoe\" -DENABLE_UPDATE_PARTITIONS_CMDS -DENABLE_BOOT_CMD -DENABLE_DEVICE_CRITICAL_LOCK_UNLOCK_CMDS -DAUTO_PATCH_ABL -DDISABLE_PATCH_2 -DDISABLE_PATCH_3 -DDISABLE_PATCH_4 -DDISABLE_PATCH_5 -DDISABLE_PATCH_6 -DDISABLE_PATCH_7 -DDISABLE_PATCH_8 -DDISABLE_PATCH_9 -DINIT_BIN='"/init"' -DVERIFIED_BOOT_ENABLED -DBASE_ADDRESS=0x80000000 -DREMOVE_CARVEOUT_REGION -DQSPA_BOOTCONFIG_ENABLE -o /home/vivy/gbl_root_canoe/edk2/Build/RELEASE_CLANG35/AARCH64/MdePkg/Library/UefiBootServicesTableLib/UefiBootServicesTableLib/OUTPUT/./UefiBootServicesTableLib.obj -I/home/vivy/gbl_root_canoe/edk2/MdePkg/Library/UefiBootServicesTableLib -I/home/vivy/gbl_root_canoe/edk2/Build/RELEASE_CLANG35/AARCH64/MdePkg/Library/UefiBootServicesTableLib/UefiBootServicesTableLib/DEBUG -I/home/vivy/gbl_root_canoe/edk2/MdePkg -I/home/vivy/gbl_root_canoe/edk2/MdePkg/Include -I/home/vivy/gbl_root_canoe/edk2/MdePkg/Include/AArch64 /home/vivy/gbl_root_canoe/edk2/MdePkg/Library/UefiBootServicesTableLib/UefiBootServicesTableLib.c
UefiBootServicesTableLib.s:4:2: warning: inconsistent use of MD5 checksums
        .file   1 "/home/vivy/gbl_root_canoe/edk2" "MdePkg/Include/Uefi/UefiBaseType.h"
        ^
rm -f /home/vivy/gbl_root_canoe/edk2/Build/RELEASE_CLANG35/AARCH64/MdePkg/Library/UefiBootServicesTableLib/UefiBootServicesTableLib/OUTPUT/UefiBootServicesTableLib.lib
"/usr/bin/llvm-ar" -cr /home/vivy/gbl_root_canoe/edk2/Build/RELEASE_CLANG35/AARCH64/MdePkg/Library/UefiBootServicesTableLib/UefiBootServicesTableLib/OUTPUT/UefiBootServicesTableLib.lib  @/home/vivy/gbl_root_canoe/edk2/Build/RELEASE_CLANG35/AARCH64/MdePkg/Library/UefiBootServicesTableLib/UefiBootServicesTableLib/OUTPUT/object_files.lst
make[2]: Leaving directory '/home/vivy/gbl_root_canoe/edk2/Build/RELEASE_CLANG35/AARCH64/MdePkg/Library/UefiBootServicesTableLib/UefiBootServicesTableLib'
Building ... /home/vivy/gbl_root_canoe/edk2/MdePkg/Library/BaseLib/BaseLib.inf [AARCH64]
make[2]: Entering directory '/home/vivy/gbl_root_canoe/edk2/Build/RELEASE_CLANG35/AARCH64/MdePkg/Library/BaseLib/BaseLib'
Trim --asm-file -o /home/vivy/gbl_root_canoe/edk2/Build/RELEASE_CLANG35/AARCH64/MdePkg/Library/BaseLib/BaseLib/OUTPUT/AArch64/CpuBreakpoint.i -i /home/vivy/gbl_root_canoe/edk2/Build/RELEASE_CLANG35/AARCH64/MdePkg/Library/BaseLib/BaseLib/OUTPUT/inc.lst /home/vivy/gbl_root_canoe/edk2/MdePkg/Library/BaseLib/AArch64/CpuBreakpoint.S
/home/vivy/gbl_root_canoe/edk2/BaseTools/BinWrappers/PosixLike/../../Source/Python/Trim/Trim.py:31: SyntaxWarning: invalid escape sequence '\s'
  gLineControlDirective = re.compile('^\s*#(?:line)?\s+([0-9]+)\s+"*([^"]*)"')
/home/vivy/gbl_root_canoe/edk2/BaseTools/BinWrappers/PosixLike/../../Source/Python/Trim/Trim.py:33: SyntaxWarning: invalid escape sequence '\s'
  gTypedefPattern = re.compile("^\s*typedef\s+struct(\s+\w+)?\s*[{]*$", re.MULTILINE)
/home/vivy/gbl_root_canoe/edk2/BaseTools/BinWrappers/PosixLike/../../Source/Python/Trim/Trim.py:35: SyntaxWarning: invalid escape sequence '\s'
  gPragmaPattern = re.compile("^\s*#pragma\s+pack", re.MULTILINE)
/home/vivy/gbl_root_canoe/edk2/BaseTools/BinWrappers/PosixLike/../../Source/Python/Trim/Trim.py:37: SyntaxWarning: invalid escape sequence '\s'
  gTypedef_SinglePattern = re.compile("^\s*typedef", re.MULTILINE)
/home/vivy/gbl_root_canoe/edk2/BaseTools/BinWrappers/PosixLike/../../Source/Python/Trim/Trim.py:39: SyntaxWarning: invalid escape sequence '\s'
  gTypedef_MulPattern = re.compile("^\s*(typedef)?\s+(struct|union)(\s+\w+)?\s*[{]*$", re.MULTILINE)
/home/vivy/gbl_root_canoe/edk2/BaseTools/BinWrappers/PosixLike/../../Source/Python/Trim/Trim.py:54: SyntaxWarning: invalid escape sequence '\s'
  gAslIncludePattern = re.compile("^(\s*)[iI]nclude\s*\(\"?([^\"\(\)]+)\"\)", re.MULTILINE)
"/usr/bin/clang"  -E -x assembler-with-cpp -include /home/vivy/gbl_root_canoe/edk2/Build/RELEASE_CLANG35/AARCH64/MdePkg/Library/BaseLib/BaseLib/DEBUG/AutoGen.h -Wno-shift-negative-value -fstack-protector-all -Wno-varargs -fno-common -Wno-misleading-indentation -Wno-unknown-warning-option  -I/home/vivy/gbl_root_canoe/edk2/MdePkg/Library/BaseLib/AArch64 -I/home/vivy/gbl_root_canoe/edk2/MdePkg/Library/BaseLib/Arm -I/home/vivy/gbl_root_canoe/edk2/MdePkg/Library/BaseLib -I/home/vivy/gbl_root_canoe/edk2/Build/RELEASE_CLANG35/AARCH64/MdePkg/Library/BaseLib/BaseLib/DEBUG -I/home/vivy/gbl_root_canoe/edk2/MdePkg -I/home/vivy/gbl_root_canoe/edk2/MdePkg/Include -I/home/vivy/gbl_root_canoe/edk2/MdePkg/Include/AArch64 /home/vivy/gbl_root_canoe/edk2/MdePkg/Library/BaseLib/AArch64/CpuBreakpoint.S > /home/vivy/gbl_root_canoe/edk2/Build/RELEASE_CLANG35/AARCH64/MdePkg/Library/BaseLib/BaseLib/OUTPUT/AArch64/CpuBreakpoint.ii
Trim --trim-long --source-code -o /home/vivy/gbl_root_canoe/edk2/Build/RELEASE_CLANG35/AARCH64/MdePkg/Library/BaseLib/BaseLib/OUTPUT/AArch64/CpuBreakpoint.iiii /home/vivy/gbl_root_canoe/edk2/Build/RELEASE_CLANG35/AARCH64/MdePkg/Library/BaseLib/BaseLib/OUTPUT/AArch64/CpuBreakpoint.ii
/home/vivy/gbl_root_canoe/edk2/BaseTools/BinWrappers/PosixLike/../../Source/Python/Trim/Trim.py:31: SyntaxWarning: invalid escape sequence '\s'
  gLineControlDirective = re.compile('^\s*#(?:line)?\s+([0-9]+)\s+"*([^"]*)"')
/home/vivy/gbl_root_canoe/edk2/BaseTools/BinWrappers/PosixLike/../../Source/Python/Trim/Trim.py:33: SyntaxWarning: invalid escape sequence '\s'
  gTypedefPattern = re.compile("^\s*typedef\s+struct(\s+\w+)?\s*[{]*$", re.MULTILINE)
/home/vivy/gbl_root_canoe/edk2/BaseTools/BinWrappers/PosixLike/../../Source/Python/Trim/Trim.py:35: SyntaxWarning: invalid escape sequence '\s'
  gPragmaPattern = re.compile("^\s*#pragma\s+pack", re.MULTILINE)
/home/vivy/gbl_root_canoe/edk2/BaseTools/BinWrappers/PosixLike/../../Source/Python/Trim/Trim.py:37: SyntaxWarning: invalid escape sequence '\s'
  gTypedef_SinglePattern = re.compile("^\s*typedef", re.MULTILINE)
/home/vivy/gbl_root_canoe/edk2/BaseTools/BinWrappers/PosixLike/../../Source/Python/Trim/Trim.py:39: SyntaxWarning: invalid escape sequence '\s'
  gTypedef_MulPattern = re.compile("^\s*(typedef)?\s+(struct|union)(\s+\w+)?\s*[{]*$", re.MULTILINE)
/home/vivy/gbl_root_canoe/edk2/BaseTools/BinWrappers/PosixLike/../../Source/Python/Trim/Trim.py:54: SyntaxWarning: invalid escape sequence '\s'
  gAslIncludePattern = re.compile("^(\s*)[iI]nclude\s*\(\"?([^\"\(\)]+)\"\)", re.MULTILINE)
"/usr/bin/clang" -c -x assembler -imacros /home/vivy/gbl_root_canoe/edk2/Build/RELEASE_CLANG35/AARCH64/MdePkg/Library/BaseLib/BaseLib/DEBUG/AutoGen.h -target aarch64-linux-gnu   -o /home/vivy/gbl_root_canoe/edk2/Build/RELEASE_CLANG35/AARCH64/MdePkg/Library/BaseLib/BaseLib/OUTPUT/AArch64/CpuBreakpoint.obj -I/home/vivy/gbl_root_canoe/edk2/MdePkg/Library/BaseLib/AArch64 -I/home/vivy/gbl_root_canoe/edk2/MdePkg/Library/BaseLib/Arm -I/home/vivy/gbl_root_canoe/edk2/MdePkg/Library/BaseLib -I/home/vivy/gbl_root_canoe/edk2/Build/RELEASE_CLANG35/AARCH64/MdePkg/Library/BaseLib/BaseLib/DEBUG -I/home/vivy/gbl_root_canoe/edk2/MdePkg -I/home/vivy/gbl_root_canoe/edk2/MdePkg/Include -I/home/vivy/gbl_root_canoe/edk2/MdePkg/Include/AArch64 /home/vivy/gbl_root_canoe/edk2/Build/RELEASE_CLANG35/AARCH64/MdePkg/Library/BaseLib/BaseLib/OUTPUT/AArch64/CpuBreakpoint.iiii
clang: warning: argument unused during compilation: '-imacros /home/vivy/gbl_root_canoe/edk2/Build/RELEASE_CLANG35/AARCH64/MdePkg/Library/BaseLib/BaseLib/DEBUG/AutoGen.h' [-Wunused-command-line-argument]
Trim --asm-file -o /home/vivy/gbl_root_canoe/edk2/Build/RELEASE_CLANG35/AARCH64/MdePkg/Library/BaseLib/BaseLib/OUTPUT/AArch64/DisableInterrupts.i -i /home/vivy/gbl_root_canoe/edk2/Build/RELEASE_CLANG35/AARCH64/MdePkg/Library/BaseLib/BaseLib/OUTPUT/inc.lst /home/vivy/gbl_root_canoe/edk2/MdePkg/Library/BaseLib/AArch64/DisableInterrupts.S
/home/vivy/gbl_root_canoe/edk2/BaseTools/BinWrappers/PosixLike/../../Source/Python/Trim/Trim.py:31: SyntaxWarning: invalid escape sequence '\s'
  gLineControlDirective = re.compile('^\s*#(?:line)?\s+([0-9]+)\s+"*([^"]*)"')
/home/vivy/gbl_root_canoe/edk2/BaseTools/BinWrappers/PosixLike/../../Source/Python/Trim/Trim.py:33: SyntaxWarning: invalid escape sequence '\s'
  gTypedefPattern = re.compile("^\s*typedef\s+struct(\s+\w+)?\s*[{]*$", re.MULTILINE)
/home/vivy/gbl_root_canoe/edk2/BaseTools/BinWrappers/PosixLike/../../Source/Python/Trim/Trim.py:35: SyntaxWarning: invalid escape sequence '\s'
  gPragmaPattern = re.compile("^\s*#pragma\s+pack", re.MULTILINE)
/home/vivy/gbl_root_canoe/edk2/BaseTools/BinWrappers/PosixLike/../../Source/Python/Trim/Trim.py:37: SyntaxWarning: invalid escape sequence '\s'
  gTypedef_SinglePattern = re.compile("^\s*typedef", re.MULTILINE)
/home/vivy/gbl_root_canoe/edk2/BaseTools/BinWrappers/PosixLike/../../Source/Python/Trim/Trim.py:39: SyntaxWarning: invalid escape sequence '\s'
  gTypedef_MulPattern = re.compile("^\s*(typedef)?\s+(struct|union)(\s+\w+)?\s*[{]*$", re.MULTILINE)
/home/vivy/gbl_root_canoe/edk2/BaseTools/BinWrappers/PosixLike/../../Source/Python/Trim/Trim.py:54: SyntaxWarning: invalid escape sequence '\s'
  gAslIncludePattern = re.compile("^(\s*)[iI]nclude\s*\(\"?([^\"\(\)]+)\"\)", re.MULTILINE)
"/usr/bin/clang"  -E -x assembler-with-cpp -include /home/vivy/gbl_root_canoe/edk2/Build/RELEASE_CLANG35/AARCH64/MdePkg/Library/BaseLib/BaseLib/DEBUG/AutoGen.h -Wno-shift-negative-value -fstack-protector-all -Wno-varargs -fno-common -Wno-misleading-indentation -Wno-unknown-warning-option  -I/home/vivy/gbl_root_canoe/edk2/MdePkg/Library/BaseLib/AArch64 -I/home/vivy/gbl_root_canoe/edk2/MdePkg/Library/BaseLib/Arm -I/home/vivy/gbl_root_canoe/edk2/MdePkg/Library/BaseLib -I/home/vivy/gbl_root_canoe/edk2/Build/RELEASE_CLANG35/AARCH64/MdePkg/Library/BaseLib/BaseLib/DEBUG -I/home/vivy/gbl_root_canoe/edk2/MdePkg -I/home/vivy/gbl_root_canoe/edk2/MdePkg/Include -I/home/vivy/gbl_root_canoe/edk2/MdePkg/Include/AArch64 /home/vivy/gbl_root_canoe/edk2/MdePkg/Library/BaseLib/AArch64/DisableInterrupts.S > /home/vivy/gbl_root_canoe/edk2/Build/RELEASE_CLANG35/AARCH64/MdePkg/Library/BaseLib/BaseLib/OUTPUT/AArch64/DisableInterrupts.ii
Trim --trim-long --source-code -o /home/vivy/gbl_root_canoe/edk2/Build/RELEASE_CLANG35/AARCH64/MdePkg/Library/BaseLib/BaseLib/OUTPUT/AArch64/DisableInterrupts.iiii /home/vivy/gbl_root_canoe/edk2/Build/RELEASE_CLANG35/AARCH64/MdePkg/Library/BaseLib/BaseLib/OUTPUT/AArch64/DisableInterrupts.ii
/home/vivy/gbl_root_canoe/edk2/BaseTools/BinWrappers/PosixLike/../../Source/Python/Trim/Trim.py:31: SyntaxWarning: invalid escape sequence '\s'
  gLineControlDirective = re.compile('^\s*#(?:line)?\s+([0-9]+)\s+"*([^"]*)"')
/home/vivy/gbl_root_canoe/edk2/BaseTools/BinWrappers/PosixLike/../../Source/Python/Trim/Trim.py:33: SyntaxWarning: invalid escape sequence '\s'
  gTypedefPattern = re.compile("^\s*typedef\s+struct(\s+\w+)?\s*[{]*$", re.MULTILINE)
/home/vivy/gbl_root_canoe/edk2/BaseTools/BinWrappers/PosixLike/../../Source/Python/Trim/Trim.py:35: SyntaxWarning: invalid escape sequence '\s'
  gPragmaPattern = re.compile("^\s*#pragma\s+pack", re.MULTILINE)
/home/vivy/gbl_root_canoe/edk2/BaseTools/BinWrappers/PosixLike/../../Source/Python/Trim/Trim.py:37: SyntaxWarning: invalid escape sequence '\s'
  gTypedef_SinglePattern = re.compile("^\s*typedef", re.MULTILINE)
/home/vivy/gbl_root_canoe/edk2/BaseTools/BinWrappers/PosixLike/../../Source/Python/Trim/Trim.py:39: SyntaxWarning: invalid escape sequence '\s'
  gTypedef_MulPattern = re.compile("^\s*(typedef)?\s+(struct|union)(\s+\w+)?\s*[{]*$", re.MULTILINE)
/home/vivy/gbl_root_canoe/edk2/BaseTools/BinWrappers/PosixLike/../../Source/Python/Trim/Trim.py:54: SyntaxWarning: invalid escape sequence '\s'
  gAslIncludePattern = re.compile("^(\s*)[iI]nclude\s*\(\"?([^\"\(\)]+)\"\)", re.MULTILINE)
"/usr/bin/clang" -c -x assembler -imacros /home/vivy/gbl_root_canoe/edk2/Build/RELEASE_CLANG35/AARCH64/MdePkg/Library/BaseLib/BaseLib/DEBUG/AutoGen.h -target aarch64-linux-gnu   -o /home/vivy/gbl_root_canoe/edk2/Build/RELEASE_CLANG35/AARCH64/MdePkg/Library/BaseLib/BaseLib/OUTPUT/AArch64/DisableInterrupts.obj -I/home/vivy/gbl_root_canoe/edk2/MdePkg/Library/BaseLib/AArch64 -I/home/vivy/gbl_root_canoe/edk2/MdePkg/Library/BaseLib/Arm -I/home/vivy/gbl_root_canoe/edk2/MdePkg/Library/BaseLib -I/home/vivy/gbl_root_canoe/edk2/Build/RELEASE_CLANG35/AARCH64/MdePkg/Library/BaseLib/BaseLib/DEBUG -I/home/vivy/gbl_root_canoe/edk2/MdePkg -I/home/vivy/gbl_root_canoe/edk2/MdePkg/Include -I/home/vivy/gbl_root_canoe/edk2/MdePkg/Include/AArch64 /home/vivy/gbl_root_canoe/edk2/Build/RELEASE_CLANG35/AARCH64/MdePkg/Library/BaseLib/BaseLib/OUTPUT/AArch64/DisableInterrupts.iiii
clang: warning: argument unused during compilation: '-imacros /home/vivy/gbl_root_canoe/edk2/Build/RELEASE_CLANG35/AARCH64/MdePkg/Library/BaseLib/BaseLib/DEBUG/AutoGen.h' [-Wunused-command-line-argument]
Trim --asm-file -o /home/vivy/gbl_root_canoe/edk2/Build/RELEASE_CLANG35/AARCH64/MdePkg/Library/BaseLib/BaseLib/OUTPUT/AArch64/EnableInterrupts.i -i /home/vivy/gbl_root_canoe/edk2/Build/RELEASE_CLANG35/AARCH64/MdePkg/Library/BaseLib/BaseLib/OUTPUT/inc.lst /home/vivy/gbl_root_canoe/edk2/MdePkg/Library/BaseLib/AArch64/EnableInterrupts.S
/home/vivy/gbl_root_canoe/edk2/BaseTools/BinWrappers/PosixLike/../../Source/Python/Trim/Trim.py:31: SyntaxWarning: invalid escape sequence '\s'
  gLineControlDirective = re.compile('^\s*#(?:line)?\s+([0-9]+)\s+"*([^"]*)"')
/home/vivy/gbl_root_canoe/edk2/BaseTools/BinWrappers/PosixLike/../../Source/Python/Trim/Trim.py:33: SyntaxWarning: invalid escape sequence '\s'
  gTypedefPattern = re.compile("^\s*typedef\s+struct(\s+\w+)?\s*[{]*$", re.MULTILINE)
/home/vivy/gbl_root_canoe/edk2/BaseTools/BinWrappers/PosixLike/../../Source/Python/Trim/Trim.py:35: SyntaxWarning: invalid escape sequence '\s'
  gPragmaPattern = re.compile("^\s*#pragma\s+pack", re.MULTILINE)
/home/vivy/gbl_root_canoe/edk2/BaseTools/BinWrappers/PosixLike/../../Source/Python/Trim/Trim.py:37: SyntaxWarning: invalid escape sequence '\s'
  gTypedef_SinglePattern = re.compile("^\s*typedef", re.MULTILINE)
/home/vivy/gbl_root_canoe/edk2/BaseTools/BinWrappers/PosixLike/../../Source/Python/Trim/Trim.py:39: SyntaxWarning: invalid escape sequence '\s'
  gTypedef_MulPattern = re.compile("^\s*(typedef)?\s+(struct|union)(\s+\w+)?\s*[{]*$", re.MULTILINE)
/home/vivy/gbl_root_canoe/edk2/BaseTools/BinWrappers/PosixLike/../../Source/Python/Trim/Trim.py:54: SyntaxWarning: invalid escape sequence '\s'
  gAslIncludePattern = re.compile("^(\s*)[iI]nclude\s*\(\"?([^\"\(\)]+)\"\)", re.MULTILINE)
"/usr/bin/clang"  -E -x assembler-with-cpp -include /home/vivy/gbl_root_canoe/edk2/Build/RELEASE_CLANG35/AARCH64/MdePkg/Library/BaseLib/BaseLib/DEBUG/AutoGen.h -Wno-shift-negative-value -fstack-protector-all -Wno-varargs -fno-common -Wno-misleading-indentation -Wno-unknown-warning-option  -I/home/vivy/gbl_root_canoe/edk2/MdePkg/Library/BaseLib/AArch64 -I/home/vivy/gbl_root_canoe/edk2/MdePkg/Library/BaseLib/Arm -I/home/vivy/gbl_root_canoe/edk2/MdePkg/Library/BaseLib -I/home/vivy/gbl_root_canoe/edk2/Build/RELEASE_CLANG35/AARCH64/MdePkg/Library/BaseLib/BaseLib/DEBUG -I/home/vivy/gbl_root_canoe/edk2/MdePkg -I/home/vivy/gbl_root_canoe/edk2/MdePkg/Include -I/home/vivy/gbl_root_canoe/edk2/MdePkg/Include/AArch64 /home/vivy/gbl_root_canoe/edk2/MdePkg/Library/BaseLib/AArch64/EnableInterrupts.S > /home/vivy/gbl_root_canoe/edk2/Build/RELEASE_CLANG35/AARCH64/MdePkg/Library/BaseLib/BaseLib/OUTPUT/AArch64/EnableInterrupts.ii
Trim --trim-long --source-code -o /home/vivy/gbl_root_canoe/edk2/Build/RELEASE_CLANG35/AARCH64/MdePkg/Library/BaseLib/BaseLib/OUTPUT/AArch64/EnableInterrupts.iiii /home/vivy/gbl_root_canoe/edk2/Build/RELEASE_CLANG35/AARCH64/MdePkg/Library/BaseLib/BaseLib/OUTPUT/AArch64/EnableInterrupts.ii
/home/vivy/gbl_root_canoe/edk2/BaseTools/BinWrappers/PosixLike/../../Source/Python/Trim/Trim.py:31: SyntaxWarning: invalid escape sequence '\s'
  gLineControlDirective = re.compile('^\s*#(?:line)?\s+([0-9]+)\s+"*([^"]*)"')
/home/vivy/gbl_root_canoe/edk2/BaseTools/BinWrappers/PosixLike/../../Source/Python/Trim/Trim.py:33: SyntaxWarning: invalid escape sequence '\s'
  gTypedefPattern = re.compile("^\s*typedef\s+struct(\s+\w+)?\s*[{]*$", re.MULTILINE)
/home/vivy/gbl_root_canoe/edk2/BaseTools/BinWrappers/PosixLike/../../Source/Python/Trim/Trim.py:35: SyntaxWarning: invalid escape sequence '\s'
  gPragmaPattern = re.compile("^\s*#pragma\s+pack", re.MULTILINE)
/home/vivy/gbl_root_canoe/edk2/BaseTools/BinWrappers/PosixLike/../../Source/Python/Trim/Trim.py:37: SyntaxWarning: invalid escape sequence '\s'
  gTypedef_SinglePattern = re.compile("^\s*typedef", re.MULTILINE)
/home/vivy/gbl_root_canoe/edk2/BaseTools/BinWrappers/PosixLike/../../Source/Python/Trim/Trim.py:39: SyntaxWarning: invalid escape sequence '\s'
  gTypedef_MulPattern = re.compile("^\s*(typedef)?\s+(struct|union)(\s+\w+)?\s*[{]*$", re.MULTILINE)
/home/vivy/gbl_root_canoe/edk2/BaseTools/BinWrappers/PosixLike/../../Source/Python/Trim/Trim.py:54: SyntaxWarning: invalid escape sequence '\s'
  gAslIncludePattern = re.compile("^(\s*)[iI]nclude\s*\(\"?([^\"\(\)]+)\"\)", re.MULTILINE)
"/usr/bin/clang" -c -x assembler -imacros /home/vivy/gbl_root_canoe/edk2/Build/RELEASE_CLANG35/AARCH64/MdePkg/Library/BaseLib/BaseLib/DEBUG/AutoGen.h -target aarch64-linux-gnu   -o /home/vivy/gbl_root_canoe/edk2/Build/RELEASE_CLANG35/AARCH64/MdePkg/Library/BaseLib/BaseLib/OUTPUT/AArch64/EnableInterrupts.obj -I/home/vivy/gbl_root_canoe/edk2/MdePkg/Library/BaseLib/AArch64 -I/home/vivy/gbl_root_canoe/edk2/MdePkg/Library/BaseLib/Arm -I/home/vivy/gbl_root_canoe/edk2/MdePkg/Library/BaseLib -I/home/vivy/gbl_root_canoe/edk2/Build/RELEASE_CLANG35/AARCH64/MdePkg/Library/BaseLib/BaseLib/DEBUG -I/home/vivy/gbl_root_canoe/edk2/MdePkg -I/home/vivy/gbl_root_canoe/edk2/MdePkg/Include -I/home/vivy/gbl_root_canoe/edk2/MdePkg/Include/AArch64 /home/vivy/gbl_root_canoe/edk2/Build/RELEASE_CLANG35/AARCH64/MdePkg/Library/BaseLib/BaseLib/OUTPUT/AArch64/EnableInterrupts.iiii
clang: warning: argument unused during compilation: '-imacros /home/vivy/gbl_root_canoe/edk2/Build/RELEASE_CLANG35/AARCH64/MdePkg/Library/BaseLib/BaseLib/DEBUG/AutoGen.h' [-Wunused-command-line-argument]
Trim --asm-file -o /home/vivy/gbl_root_canoe/edk2/Build/RELEASE_CLANG35/AARCH64/MdePkg/Library/BaseLib/BaseLib/OUTPUT/AArch64/GetInterruptsState.i -i /home/vivy/gbl_root_canoe/edk2/Build/RELEASE_CLANG35/AARCH64/MdePkg/Library/BaseLib/BaseLib/OUTPUT/inc.lst /home/vivy/gbl_root_canoe/edk2/MdePkg/Library/BaseLib/AArch64/GetInterruptsState.S
/home/vivy/gbl_root_canoe/edk2/BaseTools/BinWrappers/PosixLike/../../Source/Python/Trim/Trim.py:31: SyntaxWarning: invalid escape sequence '\s'
  gLineControlDirective = re.compile('^\s*#(?:line)?\s+([0-9]+)\s+"*([^"]*)"')
/home/vivy/gbl_root_canoe/edk2/BaseTools/BinWrappers/PosixLike/../../Source/Python/Trim/Trim.py:33: SyntaxWarning: invalid escape sequence '\s'
  gTypedefPattern = re.compile("^\s*typedef\s+struct(\s+\w+)?\s*[{]*$", re.MULTILINE)
/home/vivy/gbl_root_canoe/edk2/BaseTools/BinWrappers/PosixLike/../../Source/Python/Trim/Trim.py:35: SyntaxWarning: invalid escape sequence '\s'
  gPragmaPattern = re.compile("^\s*#pragma\s+pack", re.MULTILINE)
/home/vivy/gbl_root_canoe/edk2/BaseTools/BinWrappers/PosixLike/../../Source/Python/Trim/Trim.py:37: SyntaxWarning: invalid escape sequence '\s'
  gTypedef_SinglePattern = re.compile("^\s*typedef", re.MULTILINE)
/home/vivy/gbl_root_canoe/edk2/BaseTools/BinWrappers/PosixLike/../../Source/Python/Trim/Trim.py:39: SyntaxWarning: invalid escape sequence '\s'
  gTypedef_MulPattern = re.compile("^\s*(typedef)?\s+(struct|union)(\s+\w+)?\s*[{]*$", re.MULTILINE)
/home/vivy/gbl_root_canoe/edk2/BaseTools/BinWrappers/PosixLike/../../Source/Python/Trim/Trim.py:54: SyntaxWarning: invalid escape sequence '\s'
  gAslIncludePattern = re.compile("^(\s*)[iI]nclude\s*\(\"?([^\"\(\)]+)\"\)", re.MULTILINE)
"/usr/bin/clang"  -E -x assembler-with-cpp -include /home/vivy/gbl_root_canoe/edk2/Build/RELEASE_CLANG35/AARCH64/MdePkg/Library/BaseLib/BaseLib/DEBUG/AutoGen.h -Wno-shift-negative-value -fstack-protector-all -Wno-varargs -fno-common -Wno-misleading-indentation -Wno-unknown-warning-option  -I/home/vivy/gbl_root_canoe/edk2/MdePkg/Library/BaseLib/AArch64 -I/home/vivy/gbl_root_canoe/edk2/MdePkg/Library/BaseLib/Arm -I/home/vivy/gbl_root_canoe/edk2/MdePkg/Library/BaseLib -I/home/vivy/gbl_root_canoe/edk2/Build/RELEASE_CLANG35/AARCH64/MdePkg/Library/BaseLib/BaseLib/DEBUG -I/home/vivy/gbl_root_canoe/edk2/MdePkg -I/home/vivy/gbl_root_canoe/edk2/MdePkg/Include -I/home/vivy/gbl_root_canoe/edk2/MdePkg/Include/AArch64 /home/vivy/gbl_root_canoe/edk2/MdePkg/Library/BaseLib/AArch64/GetInterruptsState.S > /home/vivy/gbl_root_canoe/edk2/Build/RELEASE_CLANG35/AARCH64/MdePkg/Library/BaseLib/BaseLib/OUTPUT/AArch64/GetInterruptsState.ii
Trim --trim-long --source-code -o /home/vivy/gbl_root_canoe/edk2/Build/RELEASE_CLANG35/AARCH64/MdePkg/Library/BaseLib/BaseLib/OUTPUT/AArch64/GetInterruptsState.iiii /home/vivy/gbl_root_canoe/edk2/Build/RELEASE_CLANG35/AARCH64/MdePkg/Library/BaseLib/BaseLib/OUTPUT/AArch64/GetInterruptsState.ii
/home/vivy/gbl_root_canoe/edk2/BaseTools/BinWrappers/PosixLike/../../Source/Python/Trim/Trim.py:31: SyntaxWarning: invalid escape sequence '\s'
  gLineControlDirective = re.compile('^\s*#(?:line)?\s+([0-9]+)\s+"*([^"]*)"')
/home/vivy/gbl_root_canoe/edk2/BaseTools/BinWrappers/PosixLike/../../Source/Python/Trim/Trim.py:33: SyntaxWarning: invalid escape sequence '\s'
  gTypedefPattern = re.compile("^\s*typedef\s+struct(\s+\w+)?\s*[{]*$", re.MULTILINE)
/home/vivy/gbl_root_canoe/edk2/BaseTools/BinWrappers/PosixLike/../../Source/Python/Trim/Trim.py:35: SyntaxWarning: invalid escape sequence '\s'
  gPragmaPattern = re.compile("^\s*#pragma\s+pack", re.MULTILINE)
/home/vivy/gbl_root_canoe/edk2/BaseTools/BinWrappers/PosixLike/../../Source/Python/Trim/Trim.py:37: SyntaxWarning: invalid escape sequence '\s'
  gTypedef_SinglePattern = re.compile("^\s*typedef", re.MULTILINE)
/home/vivy/gbl_root_canoe/edk2/BaseTools/BinWrappers/PosixLike/../../Source/Python/Trim/Trim.py:39: SyntaxWarning: invalid escape sequence '\s'
  gTypedef_MulPattern = re.compile("^\s*(typedef)?\s+(struct|union)(\s+\w+)?\s*[{]*$", re.MULTILINE)
/home/vivy/gbl_root_canoe/edk2/BaseTools/BinWrappers/PosixLike/../../Source/Python/Trim/Trim.py:54: SyntaxWarning: invalid escape sequence '\s'
  gAslIncludePattern = re.compile("^(\s*)[iI]nclude\s*\(\"?([^\"\(\)]+)\"\)", re.MULTILINE)
"/usr/bin/clang" -c -x assembler -imacros /home/vivy/gbl_root_canoe/edk2/Build/RELEASE_CLANG35/AARCH64/MdePkg/Library/BaseLib/BaseLib/DEBUG/AutoGen.h -target aarch64-linux-gnu   -o /home/vivy/gbl_root_canoe/edk2/Build/RELEASE_CLANG35/AARCH64/MdePkg/Library/BaseLib/BaseLib/OUTPUT/AArch64/GetInterruptsState.obj -I/home/vivy/gbl_root_canoe/edk2/MdePkg/Library/BaseLib/AArch64 -I/home/vivy/gbl_root_canoe/edk2/MdePkg/Library/BaseLib/Arm -I/home/vivy/gbl_root_canoe/edk2/MdePkg/Library/BaseLib -I/home/vivy/gbl_root_canoe/edk2/Build/RELEASE_CLANG35/AARCH64/MdePkg/Library/BaseLib/BaseLib/DEBUG -I/home/vivy/gbl_root_canoe/edk2/MdePkg -I/home/vivy/gbl_root_canoe/edk2/MdePkg/Include -I/home/vivy/gbl_root_canoe/edk2/MdePkg/Include/AArch64 /home/vivy/gbl_root_canoe/edk2/Build/RELEASE_CLANG35/AARCH64/MdePkg/Library/BaseLib/BaseLib/OUTPUT/AArch64/GetInterruptsState.iiii
clang: warning: argument unused during compilation: '-imacros /home/vivy/gbl_root_canoe/edk2/Build/RELEASE_CLANG35/AARCH64/MdePkg/Library/BaseLib/BaseLib/DEBUG/AutoGen.h' [-Wunused-command-line-argument]
Trim --asm-file -o /home/vivy/gbl_root_canoe/edk2/Build/RELEASE_CLANG35/AARCH64/MdePkg/Library/BaseLib/BaseLib/OUTPUT/AArch64/MemoryFence.i -i /home/vivy/gbl_root_canoe/edk2/Build/RELEASE_CLANG35/AARCH64/MdePkg/Library/BaseLib/BaseLib/OUTPUT/inc.lst /home/vivy/gbl_root_canoe/edk2/MdePkg/Library/BaseLib/AArch64/MemoryFence.S
/home/vivy/gbl_root_canoe/edk2/BaseTools/BinWrappers/PosixLike/../../Source/Python/Trim/Trim.py:31: SyntaxWarning: invalid escape sequence '\s'
  gLineControlDirective = re.compile('^\s*#(?:line)?\s+([0-9]+)\s+"*([^"]*)"')
/home/vivy/gbl_root_canoe/edk2/BaseTools/BinWrappers/PosixLike/../../Source/Python/Trim/Trim.py:33: SyntaxWarning: invalid escape sequence '\s'
  gTypedefPattern = re.compile("^\s*typedef\s+struct(\s+\w+)?\s*[{]*$", re.MULTILINE)
/home/vivy/gbl_root_canoe/edk2/BaseTools/BinWrappers/PosixLike/../../Source/Python/Trim/Trim.py:35: SyntaxWarning: invalid escape sequence '\s'
  gPragmaPattern = re.compile("^\s*#pragma\s+pack", re.MULTILINE)
/home/vivy/gbl_root_canoe/edk2/BaseTools/BinWrappers/PosixLike/../../Source/Python/Trim/Trim.py:37: SyntaxWarning: invalid escape sequence '\s'
  gTypedef_SinglePattern = re.compile("^\s*typedef", re.MULTILINE)
/home/vivy/gbl_root_canoe/edk2/BaseTools/BinWrappers/PosixLike/../../Source/Python/Trim/Trim.py:39: SyntaxWarning: invalid escape sequence '\s'
  gTypedef_MulPattern = re.compile("^\s*(typedef)?\s+(struct|union)(\s+\w+)?\s*[{]*$", re.MULTILINE)
/home/vivy/gbl_root_canoe/edk2/BaseTools/BinWrappers/PosixLike/../../Source/Python/Trim/Trim.py:54: SyntaxWarning: invalid escape sequence '\s'
  gAslIncludePattern = re.compile("^(\s*)[iI]nclude\s*\(\"?([^\"\(\)]+)\"\)", re.MULTILINE)
"/usr/bin/clang"  -E -x assembler-with-cpp -include /home/vivy/gbl_root_canoe/edk2/Build/RELEASE_CLANG35/AARCH64/MdePkg/Library/BaseLib/BaseLib/DEBUG/AutoGen.h -Wno-shift-negative-value -fstack-protector-all -Wno-varargs -fno-common -Wno-misleading-indentation -Wno-unknown-warning-option  -I/home/vivy/gbl_root_canoe/edk2/MdePkg/Library/BaseLib/AArch64 -I/home/vivy/gbl_root_canoe/edk2/MdePkg/Library/BaseLib/Arm -I/home/vivy/gbl_root_canoe/edk2/MdePkg/Library/BaseLib -I/home/vivy/gbl_root_canoe/edk2/Build/RELEASE_CLANG35/AARCH64/MdePkg/Library/BaseLib/BaseLib/DEBUG -I/home/vivy/gbl_root_canoe/edk2/MdePkg -I/home/vivy/gbl_root_canoe/edk2/MdePkg/Include -I/home/vivy/gbl_root_canoe/edk2/MdePkg/Include/AArch64 /home/vivy/gbl_root_canoe/edk2/MdePkg/Library/BaseLib/AArch64/MemoryFence.S > /home/vivy/gbl_root_canoe/edk2/Build/RELEASE_CLANG35/AARCH64/MdePkg/Library/BaseLib/BaseLib/OUTPUT/AArch64/MemoryFence.ii
Trim --trim-long --source-code -o /home/vivy/gbl_root_canoe/edk2/Build/RELEASE_CLANG35/AARCH64/MdePkg/Library/BaseLib/BaseLib/OUTPUT/AArch64/MemoryFence.iiii /home/vivy/gbl_root_canoe/edk2/Build/RELEASE_CLANG35/AARCH64/MdePkg/Library/BaseLib/BaseLib/OUTPUT/AArch64/MemoryFence.ii
/home/vivy/gbl_root_canoe/edk2/BaseTools/BinWrappers/PosixLike/../../Source/Python/Trim/Trim.py:31: SyntaxWarning: invalid escape sequence '\s'
  gLineControlDirective = re.compile('^\s*#(?:line)?\s+([0-9]+)\s+"*([^"]*)"')
/home/vivy/gbl_root_canoe/edk2/BaseTools/BinWrappers/PosixLike/../../Source/Python/Trim/Trim.py:33: SyntaxWarning: invalid escape sequence '\s'
  gTypedefPattern = re.compile("^\s*typedef\s+struct(\s+\w+)?\s*[{]*$", re.MULTILINE)
/home/vivy/gbl_root_canoe/edk2/BaseTools/BinWrappers/PosixLike/../../Source/Python/Trim/Trim.py:35: SyntaxWarning: invalid escape sequence '\s'
  gPragmaPattern = re.compile("^\s*#pragma\s+pack", re.MULTILINE)
/home/vivy/gbl_root_canoe/edk2/BaseTools/BinWrappers/PosixLike/../../Source/Python/Trim/Trim.py:37: SyntaxWarning: invalid escape sequence '\s'
  gTypedef_SinglePattern = re.compile("^\s*typedef", re.MULTILINE)
/home/vivy/gbl_root_canoe/edk2/BaseTools/BinWrappers/PosixLike/../../Source/Python/Trim/Trim.py:39: SyntaxWarning: invalid escape sequence '\s'
  gTypedef_MulPattern = re.compile("^\s*(typedef)?\s+(struct|union)(\s+\w+)?\s*[{]*$", re.MULTILINE)
/home/vivy/gbl_root_canoe/edk2/BaseTools/BinWrappers/PosixLike/../../Source/Python/Trim/Trim.py:54: SyntaxWarning: invalid escape sequence '\s'
  gAslIncludePattern = re.compile("^(\s*)[iI]nclude\s*\(\"?([^\"\(\)]+)\"\)", re.MULTILINE)
"/usr/bin/clang" -c -x assembler -imacros /home/vivy/gbl_root_canoe/edk2/Build/RELEASE_CLANG35/AARCH64/MdePkg/Library/BaseLib/BaseLib/DEBUG/AutoGen.h -target aarch64-linux-gnu   -o /home/vivy/gbl_root_canoe/edk2/Build/RELEASE_CLANG35/AARCH64/MdePkg/Library/BaseLib/BaseLib/OUTPUT/AArch64/MemoryFence.obj -I/home/vivy/gbl_root_canoe/edk2/MdePkg/Library/BaseLib/AArch64 -I/home/vivy/gbl_root_canoe/edk2/MdePkg/Library/BaseLib/Arm -I/home/vivy/gbl_root_canoe/edk2/MdePkg/Library/BaseLib -I/home/vivy/gbl_root_canoe/edk2/Build/RELEASE_CLANG35/AARCH64/MdePkg/Library/BaseLib/BaseLib/DEBUG -I/home/vivy/gbl_root_canoe/edk2/MdePkg -I/home/vivy/gbl_root_canoe/edk2/MdePkg/Include -I/home/vivy/gbl_root_canoe/edk2/MdePkg/Include/AArch64 /home/vivy/gbl_root_canoe/edk2/Build/RELEASE_CLANG35/AARCH64/MdePkg/Library/BaseLib/BaseLib/OUTPUT/AArch64/MemoryFence.iiii
clang: warning: argument unused during compilation: '-imacros /home/vivy/gbl_root_canoe/edk2/Build/RELEASE_CLANG35/AARCH64/MdePkg/Library/BaseLib/BaseLib/DEBUG/AutoGen.h' [-Wunused-command-line-argument]
Trim --asm-file -o /home/vivy/gbl_root_canoe/edk2/Build/RELEASE_CLANG35/AARCH64/MdePkg/Library/BaseLib/BaseLib/OUTPUT/AArch64/SetJumpLongJump.i -i /home/vivy/gbl_root_canoe/edk2/Build/RELEASE_CLANG35/AARCH64/MdePkg/Library/BaseLib/BaseLib/OUTPUT/inc.lst /home/vivy/gbl_root_canoe/edk2/MdePkg/Library/BaseLib/AArch64/SetJumpLongJump.S
/home/vivy/gbl_root_canoe/edk2/BaseTools/BinWrappers/PosixLike/../../Source/Python/Trim/Trim.py:31: SyntaxWarning: invalid escape sequence '\s'
  gLineControlDirective = re.compile('^\s*#(?:line)?\s+([0-9]+)\s+"*([^"]*)"')
/home/vivy/gbl_root_canoe/edk2/BaseTools/BinWrappers/PosixLike/../../Source/Python/Trim/Trim.py:33: SyntaxWarning: invalid escape sequence '\s'
  gTypedefPattern = re.compile("^\s*typedef\s+struct(\s+\w+)?\s*[{]*$", re.MULTILINE)
/home/vivy/gbl_root_canoe/edk2/BaseTools/BinWrappers/PosixLike/../../Source/Python/Trim/Trim.py:35: SyntaxWarning: invalid escape sequence '\s'
  gPragmaPattern = re.compile("^\s*#pragma\s+pack", re.MULTILINE)
/home/vivy/gbl_root_canoe/edk2/BaseTools/BinWrappers/PosixLike/../../Source/Python/Trim/Trim.py:37: SyntaxWarning: invalid escape sequence '\s'
  gTypedef_SinglePattern = re.compile("^\s*typedef", re.MULTILINE)
/home/vivy/gbl_root_canoe/edk2/BaseTools/BinWrappers/PosixLike/../../Source/Python/Trim/Trim.py:39: SyntaxWarning: invalid escape sequence '\s'
  gTypedef_MulPattern = re.compile("^\s*(typedef)?\s+(struct|union)(\s+\w+)?\s*[{]*$", re.MULTILINE)
/home/vivy/gbl_root_canoe/edk2/BaseTools/BinWrappers/PosixLike/../../Source/Python/Trim/Trim.py:54: SyntaxWarning: invalid escape sequence '\s'
  gAslIncludePattern = re.compile("^(\s*)[iI]nclude\s*\(\"?([^\"\(\)]+)\"\)", re.MULTILINE)
"/usr/bin/clang"  -E -x assembler-with-cpp -include /home/vivy/gbl_root_canoe/edk2/Build/RELEASE_CLANG35/AARCH64/MdePkg/Library/BaseLib/BaseLib/DEBUG/AutoGen.h -Wno-shift-negative-value -fstack-protector-all -Wno-varargs -fno-common -Wno-misleading-indentation -Wno-unknown-warning-option  -I/home/vivy/gbl_root_canoe/edk2/MdePkg/Library/BaseLib/AArch64 -I/home/vivy/gbl_root_canoe/edk2/MdePkg/Library/BaseLib/Arm -I/home/vivy/gbl_root_canoe/edk2/MdePkg/Library/BaseLib -I/home/vivy/gbl_root_canoe/edk2/Build/RELEASE_CLANG35/AARCH64/MdePkg/Library/BaseLib/BaseLib/DEBUG -I/home/vivy/gbl_root_canoe/edk2/MdePkg -I/home/vivy/gbl_root_canoe/edk2/MdePkg/Include -I/home/vivy/gbl_root_canoe/edk2/MdePkg/Include/AArch64 /home/vivy/gbl_root_canoe/edk2/MdePkg/Library/BaseLib/AArch64/SetJumpLongJump.S > /home/vivy/gbl_root_canoe/edk2/Build/RELEASE_CLANG35/AARCH64/MdePkg/Library/BaseLib/BaseLib/OUTPUT/AArch64/SetJumpLongJump.ii
Trim --trim-long --source-code -o /home/vivy/gbl_root_canoe/edk2/Build/RELEASE_CLANG35/AARCH64/MdePkg/Library/BaseLib/BaseLib/OUTPUT/AArch64/SetJumpLongJump.iiii /home/vivy/gbl_root_canoe/edk2/Build/RELEASE_CLANG35/AARCH64/MdePkg/Library/BaseLib/BaseLib/OUTPUT/AArch64/SetJumpLongJump.ii
/home/vivy/gbl_root_canoe/edk2/BaseTools/BinWrappers/PosixLike/../../Source/Python/Trim/Trim.py:31: SyntaxWarning: invalid escape sequence '\s'
  gLineControlDirective = re.compile('^\s*#(?:line)?\s+([0-9]+)\s+"*([^"]*)"')
/home/vivy/gbl_root_canoe/edk2/BaseTools/BinWrappers/PosixLike/../../Source/Python/Trim/Trim.py:33: SyntaxWarning: invalid escape sequence '\s'
  gTypedefPattern = re.compile("^\s*typedef\s+struct(\s+\w+)?\s*[{]*$", re.MULTILINE)
/home/vivy/gbl_root_canoe/edk2/BaseTools/BinWrappers/PosixLike/../../Source/Python/Trim/Trim.py:35: SyntaxWarning: invalid escape sequence '\s'
  gPragmaPattern = re.compile("^\s*#pragma\s+pack", re.MULTILINE)
/home/vivy/gbl_root_canoe/edk2/BaseTools/BinWrappers/PosixLike/../../Source/Python/Trim/Trim.py:37: SyntaxWarning: invalid escape sequence '\s'
  gTypedef_SinglePattern = re.compile("^\s*typedef", re.MULTILINE)
/home/vivy/gbl_root_canoe/edk2/BaseTools/BinWrappers/PosixLike/../../Source/Python/Trim/Trim.py:39: SyntaxWarning: invalid escape sequence '\s'
  gTypedef_MulPattern = re.compile("^\s*(typedef)?\s+(struct|union)(\s+\w+)?\s*[{]*$", re.MULTILINE)
/home/vivy/gbl_root_canoe/edk2/BaseTools/BinWrappers/PosixLike/../../Source/Python/Trim/Trim.py:54: SyntaxWarning: invalid escape sequence '\s'
  gAslIncludePattern = re.compile("^(\s*)[iI]nclude\s*\(\"?([^\"\(\)]+)\"\)", re.MULTILINE)
"/usr/bin/clang" -c -x assembler -imacros /home/vivy/gbl_root_canoe/edk2/Build/RELEASE_CLANG35/AARCH64/MdePkg/Library/BaseLib/BaseLib/DEBUG/AutoGen.h -target aarch64-linux-gnu   -o /home/vivy/gbl_root_canoe/edk2/Build/RELEASE_CLANG35/AARCH64/MdePkg/Library/BaseLib/BaseLib/OUTPUT/AArch64/SetJumpLongJump.obj -I/home/vivy/gbl_root_canoe/edk2/MdePkg/Library/BaseLib/AArch64 -I/home/vivy/gbl_root_canoe/edk2/MdePkg/Library/BaseLib/Arm -I/home/vivy/gbl_root_canoe/edk2/MdePkg/Library/BaseLib -I/home/vivy/gbl_root_canoe/edk2/Build/RELEASE_CLANG35/AARCH64/MdePkg/Library/BaseLib/BaseLib/DEBUG -I/home/vivy/gbl_root_canoe/edk2/MdePkg -I/home/vivy/gbl_root_canoe/edk2/MdePkg/Include -I/home/vivy/gbl_root_canoe/edk2/MdePkg/Include/AArch64 /home/vivy/gbl_root_canoe/edk2/Build/RELEASE_CLANG35/AARCH64/MdePkg/Library/BaseLib/BaseLib/OUTPUT/AArch64/SetJumpLongJump.iiii
clang: warning: argument unused during compilation: '-imacros /home/vivy/gbl_root_canoe/edk2/Build/RELEASE_CLANG35/AARCH64/MdePkg/Library/BaseLib/BaseLib/DEBUG/AutoGen.h' [-Wunused-command-line-argument]
Trim --asm-file -o /home/vivy/gbl_root_canoe/edk2/Build/RELEASE_CLANG35/AARCH64/MdePkg/Library/BaseLib/BaseLib/OUTPUT/AArch64/SpeculationBarrier.i -i /home/vivy/gbl_root_canoe/edk2/Build/RELEASE_CLANG35/AARCH64/MdePkg/Library/BaseLib/BaseLib/OUTPUT/inc.lst /home/vivy/gbl_root_canoe/edk2/MdePkg/Library/BaseLib/AArch64/SpeculationBarrier.S
/home/vivy/gbl_root_canoe/edk2/BaseTools/BinWrappers/PosixLike/../../Source/Python/Trim/Trim.py:31: SyntaxWarning: invalid escape sequence '\s'
  gLineControlDirective = re.compile('^\s*#(?:line)?\s+([0-9]+)\s+"*([^"]*)"')
/home/vivy/gbl_root_canoe/edk2/BaseTools/BinWrappers/PosixLike/../../Source/Python/Trim/Trim.py:33: SyntaxWarning: invalid escape sequence '\s'
  gTypedefPattern = re.compile("^\s*typedef\s+struct(\s+\w+)?\s*[{]*$", re.MULTILINE)
/home/vivy/gbl_root_canoe/edk2/BaseTools/BinWrappers/PosixLike/../../Source/Python/Trim/Trim.py:35: SyntaxWarning: invalid escape sequence '\s'
  gPragmaPattern = re.compile("^\s*#pragma\s+pack", re.MULTILINE)
/home/vivy/gbl_root_canoe/edk2/BaseTools/BinWrappers/PosixLike/../../Source/Python/Trim/Trim.py:37: SyntaxWarning: invalid escape sequence '\s'
  gTypedef_SinglePattern = re.compile("^\s*typedef", re.MULTILINE)
/home/vivy/gbl_root_canoe/edk2/BaseTools/BinWrappers/PosixLike/../../Source/Python/Trim/Trim.py:39: SyntaxWarning: invalid escape sequence '\s'
  gTypedef_MulPattern = re.compile("^\s*(typedef)?\s+(struct|union)(\s+\w+)?\s*[{]*$", re.MULTILINE)
/home/vivy/gbl_root_canoe/edk2/BaseTools/BinWrappers/PosixLike/../../Source/Python/Trim/Trim.py:54: SyntaxWarning: invalid escape sequence '\s'
  gAslIncludePattern = re.compile("^(\s*)[iI]nclude\s*\(\"?([^\"\(\)]+)\"\)", re.MULTILINE)
"/usr/bin/clang"  -E -x assembler-with-cpp -include /home/vivy/gbl_root_canoe/edk2/Build/RELEASE_CLANG35/AARCH64/MdePkg/Library/BaseLib/BaseLib/DEBUG/AutoGen.h -Wno-shift-negative-value -fstack-protector-all -Wno-varargs -fno-common -Wno-misleading-indentation -Wno-unknown-warning-option  -I/home/vivy/gbl_root_canoe/edk2/MdePkg/Library/BaseLib/AArch64 -I/home/vivy/gbl_root_canoe/edk2/MdePkg/Library/BaseLib/Arm -I/home/vivy/gbl_root_canoe/edk2/MdePkg/Library/BaseLib -I/home/vivy/gbl_root_canoe/edk2/Build/RELEASE_CLANG35/AARCH64/MdePkg/Library/BaseLib/BaseLib/DEBUG -I/home/vivy/gbl_root_canoe/edk2/MdePkg -I/home/vivy/gbl_root_canoe/edk2/MdePkg/Include -I/home/vivy/gbl_root_canoe/edk2/MdePkg/Include/AArch64 /home/vivy/gbl_root_canoe/edk2/MdePkg/Library/BaseLib/AArch64/SpeculationBarrier.S > /home/vivy/gbl_root_canoe/edk2/Build/RELEASE_CLANG35/AARCH64/MdePkg/Library/BaseLib/BaseLib/OUTPUT/AArch64/SpeculationBarrier.ii
Trim --trim-long --source-code -o /home/vivy/gbl_root_canoe/edk2/Build/RELEASE_CLANG35/AARCH64/MdePkg/Library/BaseLib/BaseLib/OUTPUT/AArch64/SpeculationBarrier.iiii /home/vivy/gbl_root_canoe/edk2/Build/RELEASE_CLANG35/AARCH64/MdePkg/Library/BaseLib/BaseLib/OUTPUT/AArch64/SpeculationBarrier.ii
/home/vivy/gbl_root_canoe/edk2/BaseTools/BinWrappers/PosixLike/../../Source/Python/Trim/Trim.py:31: SyntaxWarning: invalid escape sequence '\s'
  gLineControlDirective = re.compile('^\s*#(?:line)?\s+([0-9]+)\s+"*([^"]*)"')
/home/vivy/gbl_root_canoe/edk2/BaseTools/BinWrappers/PosixLike/../../Source/Python/Trim/Trim.py:33: SyntaxWarning: invalid escape sequence '\s'
  gTypedefPattern = re.compile("^\s*typedef\s+struct(\s+\w+)?\s*[{]*$", re.MULTILINE)
/home/vivy/gbl_root_canoe/edk2/BaseTools/BinWrappers/PosixLike/../../Source/Python/Trim/Trim.py:35: SyntaxWarning: invalid escape sequence '\s'
  gPragmaPattern = re.compile("^\s*#pragma\s+pack", re.MULTILINE)
/home/vivy/gbl_root_canoe/edk2/BaseTools/BinWrappers/PosixLike/../../Source/Python/Trim/Trim.py:37: SyntaxWarning: invalid escape sequence '\s'
  gTypedef_SinglePattern = re.compile("^\s*typedef", re.MULTILINE)
/home/vivy/gbl_root_canoe/edk2/BaseTools/BinWrappers/PosixLike/../../Source/Python/Trim/Trim.py:39: SyntaxWarning: invalid escape sequence '\s'
  gTypedef_MulPattern = re.compile("^\s*(typedef)?\s+(struct|union)(\s+\w+)?\s*[{]*$", re.MULTILINE)
/home/vivy/gbl_root_canoe/edk2/BaseTools/BinWrappers/PosixLike/../../Source/Python/Trim/Trim.py:54: SyntaxWarning: invalid escape sequence '\s'
  gAslIncludePattern = re.compile("^(\s*)[iI]nclude\s*\(\"?([^\"\(\)]+)\"\)", re.MULTILINE)
"/usr/bin/clang" -c -x assembler -imacros /home/vivy/gbl_root_canoe/edk2/Build/RELEASE_CLANG35/AARCH64/MdePkg/Library/BaseLib/BaseLib/DEBUG/AutoGen.h -target aarch64-linux-gnu   -o /home/vivy/gbl_root_canoe/edk2/Build/RELEASE_CLANG35/AARCH64/MdePkg/Library/BaseLib/BaseLib/OUTPUT/AArch64/SpeculationBarrier.obj -I/home/vivy/gbl_root_canoe/edk2/MdePkg/Library/BaseLib/AArch64 -I/home/vivy/gbl_root_canoe/edk2/MdePkg/Library/BaseLib/Arm -I/home/vivy/gbl_root_canoe/edk2/MdePkg/Library/BaseLib -I/home/vivy/gbl_root_canoe/edk2/Build/RELEASE_CLANG35/AARCH64/MdePkg/Library/BaseLib/BaseLib/DEBUG -I/home/vivy/gbl_root_canoe/edk2/MdePkg -I/home/vivy/gbl_root_canoe/edk2/MdePkg/Include -I/home/vivy/gbl_root_canoe/edk2/MdePkg/Include/AArch64 /home/vivy/gbl_root_canoe/edk2/Build/RELEASE_CLANG35/AARCH64/MdePkg/Library/BaseLib/BaseLib/OUTPUT/AArch64/SpeculationBarrier.iiii
clang: warning: argument unused during compilation: '-imacros /home/vivy/gbl_root_canoe/edk2/Build/RELEASE_CLANG35/AARCH64/MdePkg/Library/BaseLib/BaseLib/DEBUG/AutoGen.h' [-Wunused-command-line-argument]
Trim --asm-file -o /home/vivy/gbl_root_canoe/edk2/Build/RELEASE_CLANG35/AARCH64/MdePkg/Library/BaseLib/BaseLib/OUTPUT/AArch64/SwitchStack.i -i /home/vivy/gbl_root_canoe/edk2/Build/RELEASE_CLANG35/AARCH64/MdePkg/Library/BaseLib/BaseLib/OUTPUT/inc.lst /home/vivy/gbl_root_canoe/edk2/MdePkg/Library/BaseLib/AArch64/SwitchStack.S
/home/vivy/gbl_root_canoe/edk2/BaseTools/BinWrappers/PosixLike/../../Source/Python/Trim/Trim.py:31: SyntaxWarning: invalid escape sequence '\s'
  gLineControlDirective = re.compile('^\s*#(?:line)?\s+([0-9]+)\s+"*([^"]*)"')
/home/vivy/gbl_root_canoe/edk2/BaseTools/BinWrappers/PosixLike/../../Source/Python/Trim/Trim.py:33: SyntaxWarning: invalid escape sequence '\s'
  gTypedefPattern = re.compile("^\s*typedef\s+struct(\s+\w+)?\s*[{]*$", re.MULTILINE)
/home/vivy/gbl_root_canoe/edk2/BaseTools/BinWrappers/PosixLike/../../Source/Python/Trim/Trim.py:35: SyntaxWarning: invalid escape sequence '\s'
  gPragmaPattern = re.compile("^\s*#pragma\s+pack", re.MULTILINE)
/home/vivy/gbl_root_canoe/edk2/BaseTools/BinWrappers/PosixLike/../../Source/Python/Trim/Trim.py:37: SyntaxWarning: invalid escape sequence '\s'
  gTypedef_SinglePattern = re.compile("^\s*typedef", re.MULTILINE)
/home/vivy/gbl_root_canoe/edk2/BaseTools/BinWrappers/PosixLike/../../Source/Python/Trim/Trim.py:39: SyntaxWarning: invalid escape sequence '\s'
  gTypedef_MulPattern = re.compile("^\s*(typedef)?\s+(struct|union)(\s+\w+)?\s*[{]*$", re.MULTILINE)
/home/vivy/gbl_root_canoe/edk2/BaseTools/BinWrappers/PosixLike/../../Source/Python/Trim/Trim.py:54: SyntaxWarning: invalid escape sequence '\s'
  gAslIncludePattern = re.compile("^(\s*)[iI]nclude\s*\(\"?([^\"\(\)]+)\"\)", re.MULTILINE)
"/usr/bin/clang"  -E -x assembler-with-cpp -include /home/vivy/gbl_root_canoe/edk2/Build/RELEASE_CLANG35/AARCH64/MdePkg/Library/BaseLib/BaseLib/DEBUG/AutoGen.h -Wno-shift-negative-value -fstack-protector-all -Wno-varargs -fno-common -Wno-misleading-indentation -Wno-unknown-warning-option  -I/home/vivy/gbl_root_canoe/edk2/MdePkg/Library/BaseLib/AArch64 -I/home/vivy/gbl_root_canoe/edk2/MdePkg/Library/BaseLib/Arm -I/home/vivy/gbl_root_canoe/edk2/MdePkg/Library/BaseLib -I/home/vivy/gbl_root_canoe/edk2/Build/RELEASE_CLANG35/AARCH64/MdePkg/Library/BaseLib/BaseLib/DEBUG -I/home/vivy/gbl_root_canoe/edk2/MdePkg -I/home/vivy/gbl_root_canoe/edk2/MdePkg/Include -I/home/vivy/gbl_root_canoe/edk2/MdePkg/Include/AArch64 /home/vivy/gbl_root_canoe/edk2/MdePkg/Library/BaseLib/AArch64/SwitchStack.S > /home/vivy/gbl_root_canoe/edk2/Build/RELEASE_CLANG35/AARCH64/MdePkg/Library/BaseLib/BaseLib/OUTPUT/AArch64/SwitchStack.ii
Trim --trim-long --source-code -o /home/vivy/gbl_root_canoe/edk2/Build/RELEASE_CLANG35/AARCH64/MdePkg/Library/BaseLib/BaseLib/OUTPUT/AArch64/SwitchStack.iiii /home/vivy/gbl_root_canoe/edk2/Build/RELEASE_CLANG35/AARCH64/MdePkg/Library/BaseLib/BaseLib/OUTPUT/AArch64/SwitchStack.ii
/home/vivy/gbl_root_canoe/edk2/BaseTools/BinWrappers/PosixLike/../../Source/Python/Trim/Trim.py:31: SyntaxWarning: invalid escape sequence '\s'
  gLineControlDirective = re.compile('^\s*#(?:line)?\s+([0-9]+)\s+"*([^"]*)"')
/home/vivy/gbl_root_canoe/edk2/BaseTools/BinWrappers/PosixLike/../../Source/Python/Trim/Trim.py:33: SyntaxWarning: invalid escape sequence '\s'
  gTypedefPattern = re.compile("^\s*typedef\s+struct(\s+\w+)?\s*[{]*$", re.MULTILINE)
/home/vivy/gbl_root_canoe/edk2/BaseTools/BinWrappers/PosixLike/../../Source/Python/Trim/Trim.py:35: SyntaxWarning: invalid escape sequence '\s'
  gPragmaPattern = re.compile("^\s*#pragma\s+pack", re.MULTILINE)
/home/vivy/gbl_root_canoe/edk2/BaseTools/BinWrappers/PosixLike/../../Source/Python/Trim/Trim.py:37: SyntaxWarning: invalid escape sequence '\s'
  gTypedef_SinglePattern = re.compile("^\s*typedef", re.MULTILINE)
/home/vivy/gbl_root_canoe/edk2/BaseTools/BinWrappers/PosixLike/../../Source/Python/Trim/Trim.py:39: SyntaxWarning: invalid escape sequence '\s'
  gTypedef_MulPattern = re.compile("^\s*(typedef)?\s+(struct|union)(\s+\w+)?\s*[{]*$", re.MULTILINE)
/home/vivy/gbl_root_canoe/edk2/BaseTools/BinWrappers/PosixLike/../../Source/Python/Trim/Trim.py:54: SyntaxWarning: invalid escape sequence '\s'
  gAslIncludePattern = re.compile("^(\s*)[iI]nclude\s*\(\"?([^\"\(\)]+)\"\)", re.MULTILINE)
"/usr/bin/clang" -c -x assembler -imacros /home/vivy/gbl_root_canoe/edk2/Build/RELEASE_CLANG35/AARCH64/MdePkg/Library/BaseLib/BaseLib/DEBUG/AutoGen.h -target aarch64-linux-gnu   -o /home/vivy/gbl_root_canoe/edk2/Build/RELEASE_CLANG35/AARCH64/MdePkg/Library/BaseLib/BaseLib/OUTPUT/AArch64/SwitchStack.obj -I/home/vivy/gbl_root_canoe/edk2/MdePkg/Library/BaseLib/AArch64 -I/home/vivy/gbl_root_canoe/edk2/MdePkg/Library/BaseLib/Arm -I/home/vivy/gbl_root_canoe/edk2/MdePkg/Library/BaseLib -I/home/vivy/gbl_root_canoe/edk2/Build/RELEASE_CLANG35/AARCH64/MdePkg/Library/BaseLib/BaseLib/DEBUG -I/home/vivy/gbl_root_canoe/edk2/MdePkg -I/home/vivy/gbl_root_canoe/edk2/MdePkg/Include -I/home/vivy/gbl_root_canoe/edk2/MdePkg/Include/AArch64 /home/vivy/gbl_root_canoe/edk2/Build/RELEASE_CLANG35/AARCH64/MdePkg/Library/BaseLib/BaseLib/OUTPUT/AArch64/SwitchStack.iiii
clang: warning: argument unused during compilation: '-imacros /home/vivy/gbl_root_canoe/edk2/Build/RELEASE_CLANG35/AARCH64/MdePkg/Library/BaseLib/BaseLib/DEBUG/AutoGen.h' [-Wunused-command-line-argument]
"/usr/bin/clang" -g -fshort-wchar -fno-strict-aliasing -Wall -Werror -Wno-array-bounds -c -include AutoGen.h -mlittle-endian -fno-short-enums -save-temps -fverbose-asm -fsigned-char -ffunction-sections -fdata-sections -fomit-frame-pointer -fno-builtin -Wno-address -fno-asynchronous-unwind-tables -target aarch64-linux-gnu -mcmodel=small -mstrict-align -Wno-parentheses-equality -Wno-tautological-compare -Wno-tautological-constant-out-of-range-compare -Wno-empty-body -D=__FORTIFY_SOURCE -D_FORTIFY_SOURCE=2 -O2 -Wno-shift-negative-value -fstack-protector-all -Wno-varargs -fno-common -Wno-misleading-indentation -Wno-unknown-warning-option  -mtune=cortex-a53 -Oz -DZ_SOLO -DPRODUCT_NAME=\"canoe\" -DENABLE_UPDATE_PARTITIONS_CMDS -DENABLE_BOOT_CMD -DENABLE_DEVICE_CRITICAL_LOCK_UNLOCK_CMDS -DAUTO_PATCH_ABL -DDISABLE_PATCH_2 -DDISABLE_PATCH_3 -DDISABLE_PATCH_4 -DDISABLE_PATCH_5 -DDISABLE_PATCH_6 -DDISABLE_PATCH_7 -DDISABLE_PATCH_8 -DDISABLE_PATCH_9 -DINIT_BIN='"/init"' -DVERIFIED_BOOT_ENABLED -DBASE_ADDRESS=0x80000000 -DREMOVE_CARVEOUT_REGION -DQSPA_BOOTCONFIG_ENABLE  -c -o /home/vivy/gbl_root_canoe/edk2/Build/RELEASE_CLANG35/AARCH64/MdePkg/Library/BaseLib/BaseLib/OUTPUT/./ARShiftU64.obj @/home/vivy/gbl_root_canoe/edk2/Build/RELEASE_CLANG35/AARCH64/MdePkg/Library/BaseLib/BaseLib/OUTPUT/inc.lst /home/vivy/gbl_root_canoe/edk2/MdePkg/Library/BaseLib/ARShiftU64.c
ARShiftU64.s:4:2: warning: inconsistent use of MD5 checksums
        .file   1 "/home/vivy/gbl_root_canoe/edk2" "MdePkg/Library/BaseLib/ARShiftU64.c"
        ^
"/usr/bin/clang" -g -fshort-wchar -fno-strict-aliasing -Wall -Werror -Wno-array-bounds -c -include AutoGen.h -mlittle-endian -fno-short-enums -save-temps -fverbose-asm -fsigned-char -ffunction-sections -fdata-sections -fomit-frame-pointer -fno-builtin -Wno-address -fno-asynchronous-unwind-tables -target aarch64-linux-gnu -mcmodel=small -mstrict-align -Wno-parentheses-equality -Wno-tautological-compare -Wno-tautological-constant-out-of-range-compare -Wno-empty-body -D=__FORTIFY_SOURCE -D_FORTIFY_SOURCE=2 -O2 -Wno-shift-negative-value -fstack-protector-all -Wno-varargs -fno-common -Wno-misleading-indentation -Wno-unknown-warning-option  -mtune=cortex-a53 -Oz -DZ_SOLO -DPRODUCT_NAME=\"canoe\" -DENABLE_UPDATE_PARTITIONS_CMDS -DENABLE_BOOT_CMD -DENABLE_DEVICE_CRITICAL_LOCK_UNLOCK_CMDS -DAUTO_PATCH_ABL -DDISABLE_PATCH_2 -DDISABLE_PATCH_3 -DDISABLE_PATCH_4 -DDISABLE_PATCH_5 -DDISABLE_PATCH_6 -DDISABLE_PATCH_7 -DDISABLE_PATCH_8 -DDISABLE_PATCH_9 -DINIT_BIN='"/init"' -DVERIFIED_BOOT_ENABLED -DBASE_ADDRESS=0x80000000 -DREMOVE_CARVEOUT_REGION -DQSPA_BOOTCONFIG_ENABLE  -c -o /home/vivy/gbl_root_canoe/edk2/Build/RELEASE_CLANG35/AARCH64/MdePkg/Library/BaseLib/BaseLib/OUTPUT/Arm/InternalSwitchStack.obj @/home/vivy/gbl_root_canoe/edk2/Build/RELEASE_CLANG35/AARCH64/MdePkg/Library/BaseLib/BaseLib/OUTPUT/inc.lst /home/vivy/gbl_root_canoe/edk2/MdePkg/Library/BaseLib/Arm/InternalSwitchStack.c
InternalSwitchStack.s:10:2: warning: inconsistent use of MD5 checksums
        .file   1 "/home/vivy/gbl_root_canoe/edk2" "MdePkg/Library/BaseLib/Arm/InternalSwitchStack.c"
        ^
"/usr/bin/clang" -g -fshort-wchar -fno-strict-aliasing -Wall -Werror -Wno-array-bounds -c -include AutoGen.h -mlittle-endian -fno-short-enums -save-temps -fverbose-asm -fsigned-char -ffunction-sections -fdata-sections -fomit-frame-pointer -fno-builtin -Wno-address -fno-asynchronous-unwind-tables -target aarch64-linux-gnu -mcmodel=small -mstrict-align -Wno-parentheses-equality -Wno-tautological-compare -Wno-tautological-constant-out-of-range-compare -Wno-empty-body -D=__FORTIFY_SOURCE -D_FORTIFY_SOURCE=2 -O2 -Wno-shift-negative-value -fstack-protector-all -Wno-varargs -fno-common -Wno-misleading-indentation -Wno-unknown-warning-option  -mtune=cortex-a53 -Oz -DZ_SOLO -DPRODUCT_NAME=\"canoe\" -DENABLE_UPDATE_PARTITIONS_CMDS -DENABLE_BOOT_CMD -DENABLE_DEVICE_CRITICAL_LOCK_UNLOCK_CMDS -DAUTO_PATCH_ABL -DDISABLE_PATCH_2 -DDISABLE_PATCH_3 -DDISABLE_PATCH_4 -DDISABLE_PATCH_5 -DDISABLE_PATCH_6 -DDISABLE_PATCH_7 -DDISABLE_PATCH_8 -DDISABLE_PATCH_9 -DINIT_BIN='"/init"' -DVERIFIED_BOOT_ENABLED -DBASE_ADDRESS=0x80000000 -DREMOVE_CARVEOUT_REGION -DQSPA_BOOTCONFIG_ENABLE  -c -o /home/vivy/gbl_root_canoe/edk2/Build/RELEASE_CLANG35/AARCH64/MdePkg/Library/BaseLib/BaseLib/OUTPUT/Arm/Unaligned.obj @/home/vivy/gbl_root_canoe/edk2/Build/RELEASE_CLANG35/AARCH64/MdePkg/Library/BaseLib/BaseLib/OUTPUT/inc.lst /home/vivy/gbl_root_canoe/edk2/MdePkg/Library/BaseLib/Arm/Unaligned.c
Unaligned.s:4:2: warning: inconsistent use of MD5 checksums
        .file   1 "/home/vivy/gbl_root_canoe/edk2" "MdePkg/Library/BaseLib/Arm/Unaligned.c"
        ^
"/usr/bin/clang" -g -fshort-wchar -fno-strict-aliasing -Wall -Werror -Wno-array-bounds -c -include AutoGen.h -mlittle-endian -fno-short-enums -save-temps -fverbose-asm -fsigned-char -ffunction-sections -fdata-sections -fomit-frame-pointer -fno-builtin -Wno-address -fno-asynchronous-unwind-tables -target aarch64-linux-gnu -mcmodel=small -mstrict-align -Wno-parentheses-equality -Wno-tautological-compare -Wno-tautological-constant-out-of-range-compare -Wno-empty-body -D=__FORTIFY_SOURCE -D_FORTIFY_SOURCE=2 -O2 -Wno-shift-negative-value -fstack-protector-all -Wno-varargs -fno-common -Wno-misleading-indentation -Wno-unknown-warning-option  -mtune=cortex-a53 -Oz -DZ_SOLO -DPRODUCT_NAME=\"canoe\" -DENABLE_UPDATE_PARTITIONS_CMDS -DENABLE_BOOT_CMD -DENABLE_DEVICE_CRITICAL_LOCK_UNLOCK_CMDS -DAUTO_PATCH_ABL -DDISABLE_PATCH_2 -DDISABLE_PATCH_3 -DDISABLE_PATCH_4 -DDISABLE_PATCH_5 -DDISABLE_PATCH_6 -DDISABLE_PATCH_7 -DDISABLE_PATCH_8 -DDISABLE_PATCH_9 -DINIT_BIN='"/init"' -DVERIFIED_BOOT_ENABLED -DBASE_ADDRESS=0x80000000 -DREMOVE_CARVEOUT_REGION -DQSPA_BOOTCONFIG_ENABLE  -c -o /home/vivy/gbl_root_canoe/edk2/Build/RELEASE_CLANG35/AARCH64/MdePkg/Library/BaseLib/BaseLib/OUTPUT/./BitField.obj @/home/vivy/gbl_root_canoe/edk2/Build/RELEASE_CLANG35/AARCH64/MdePkg/Library/BaseLib/BaseLib/OUTPUT/inc.lst /home/vivy/gbl_root_canoe/edk2/MdePkg/Library/BaseLib/BitField.c
BitField.s:4:2: warning: inconsistent use of MD5 checksums
        .file   1 "/home/vivy/gbl_root_canoe/edk2" "MdePkg/Library/BaseLib/BitField.c"
        ^
"/usr/bin/clang" -g -fshort-wchar -fno-strict-aliasing -Wall -Werror -Wno-array-bounds -c -include AutoGen.h -mlittle-endian -fno-short-enums -save-temps -fverbose-asm -fsigned-char -ffunction-sections -fdata-sections -fomit-frame-pointer -fno-builtin -Wno-address -fno-asynchronous-unwind-tables -target aarch64-linux-gnu -mcmodel=small -mstrict-align -Wno-parentheses-equality -Wno-tautological-compare -Wno-tautological-constant-out-of-range-compare -Wno-empty-body -D=__FORTIFY_SOURCE -D_FORTIFY_SOURCE=2 -O2 -Wno-shift-negative-value -fstack-protector-all -Wno-varargs -fno-common -Wno-misleading-indentation -Wno-unknown-warning-option  -mtune=cortex-a53 -Oz -DZ_SOLO -DPRODUCT_NAME=\"canoe\" -DENABLE_UPDATE_PARTITIONS_CMDS -DENABLE_BOOT_CMD -DENABLE_DEVICE_CRITICAL_LOCK_UNLOCK_CMDS -DAUTO_PATCH_ABL -DDISABLE_PATCH_2 -DDISABLE_PATCH_3 -DDISABLE_PATCH_4 -DDISABLE_PATCH_5 -DDISABLE_PATCH_6 -DDISABLE_PATCH_7 -DDISABLE_PATCH_8 -DDISABLE_PATCH_9 -DINIT_BIN='"/init"' -DVERIFIED_BOOT_ENABLED -DBASE_ADDRESS=0x80000000 -DREMOVE_CARVEOUT_REGION -DQSPA_BOOTCONFIG_ENABLE  -c -o /home/vivy/gbl_root_canoe/edk2/Build/RELEASE_CLANG35/AARCH64/MdePkg/Library/BaseLib/BaseLib/OUTPUT/./CheckSum.obj @/home/vivy/gbl_root_canoe/edk2/Build/RELEASE_CLANG35/AARCH64/MdePkg/Library/BaseLib/BaseLib/OUTPUT/inc.lst /home/vivy/gbl_root_canoe/edk2/MdePkg/Library/BaseLib/CheckSum.c
CheckSum.s:4:2: warning: inconsistent use of MD5 checksums
        .file   1 "/home/vivy/gbl_root_canoe/edk2" "MdePkg/Library/BaseLib/CheckSum.c"
        ^
"/usr/bin/clang" -g -fshort-wchar -fno-strict-aliasing -Wall -Werror -Wno-array-bounds -c -include AutoGen.h -mlittle-endian -fno-short-enums -save-temps -fverbose-asm -fsigned-char -ffunction-sections -fdata-sections -fomit-frame-pointer -fno-builtin -Wno-address -fno-asynchronous-unwind-tables -target aarch64-linux-gnu -mcmodel=small -mstrict-align -Wno-parentheses-equality -Wno-tautological-compare -Wno-tautological-constant-out-of-range-compare -Wno-empty-body -D=__FORTIFY_SOURCE -D_FORTIFY_SOURCE=2 -O2 -Wno-shift-negative-value -fstack-protector-all -Wno-varargs -fno-common -Wno-misleading-indentation -Wno-unknown-warning-option  -mtune=cortex-a53 -Oz -DZ_SOLO -DPRODUCT_NAME=\"canoe\" -DENABLE_UPDATE_PARTITIONS_CMDS -DENABLE_BOOT_CMD -DENABLE_DEVICE_CRITICAL_LOCK_UNLOCK_CMDS -DAUTO_PATCH_ABL -DDISABLE_PATCH_2 -DDISABLE_PATCH_3 -DDISABLE_PATCH_4 -DDISABLE_PATCH_5 -DDISABLE_PATCH_6 -DDISABLE_PATCH_7 -DDISABLE_PATCH_8 -DDISABLE_PATCH_9 -DINIT_BIN='"/init"' -DVERIFIED_BOOT_ENABLED -DBASE_ADDRESS=0x80000000 -DREMOVE_CARVEOUT_REGION -DQSPA_BOOTCONFIG_ENABLE  -c -o /home/vivy/gbl_root_canoe/edk2/Build/RELEASE_CLANG35/AARCH64/MdePkg/Library/BaseLib/BaseLib/OUTPUT/./Cpu.obj @/home/vivy/gbl_root_canoe/edk2/Build/RELEASE_CLANG35/AARCH64/MdePkg/Library/BaseLib/BaseLib/OUTPUT/inc.lst /home/vivy/gbl_root_canoe/edk2/MdePkg/Library/BaseLib/Cpu.c
Cpu.s:10:2: warning: inconsistent use of MD5 checksums
        .file   1 "/home/vivy/gbl_root_canoe/edk2" "MdePkg/Library/BaseLib/Cpu.c"
        ^
"/usr/bin/clang" -g -fshort-wchar -fno-strict-aliasing -Wall -Werror -Wno-array-bounds -c -include AutoGen.h -mlittle-endian -fno-short-enums -save-temps -fverbose-asm -fsigned-char -ffunction-sections -fdata-sections -fomit-frame-pointer -fno-builtin -Wno-address -fno-asynchronous-unwind-tables -target aarch64-linux-gnu -mcmodel=small -mstrict-align -Wno-parentheses-equality -Wno-tautological-compare -Wno-tautological-constant-out-of-range-compare -Wno-empty-body -D=__FORTIFY_SOURCE -D_FORTIFY_SOURCE=2 -O2 -Wno-shift-negative-value -fstack-protector-all -Wno-varargs -fno-common -Wno-misleading-indentation -Wno-unknown-warning-option  -mtune=cortex-a53 -Oz -DZ_SOLO -DPRODUCT_NAME=\"canoe\" -DENABLE_UPDATE_PARTITIONS_CMDS -DENABLE_BOOT_CMD -DENABLE_DEVICE_CRITICAL_LOCK_UNLOCK_CMDS -DAUTO_PATCH_ABL -DDISABLE_PATCH_2 -DDISABLE_PATCH_3 -DDISABLE_PATCH_4 -DDISABLE_PATCH_5 -DDISABLE_PATCH_6 -DDISABLE_PATCH_7 -DDISABLE_PATCH_8 -DDISABLE_PATCH_9 -DINIT_BIN='"/init"' -DVERIFIED_BOOT_ENABLED -DBASE_ADDRESS=0x80000000 -DREMOVE_CARVEOUT_REGION -DQSPA_BOOTCONFIG_ENABLE  -c -o /home/vivy/gbl_root_canoe/edk2/Build/RELEASE_CLANG35/AARCH64/MdePkg/Library/BaseLib/BaseLib/OUTPUT/./CpuDeadLoop.obj @/home/vivy/gbl_root_canoe/edk2/Build/RELEASE_CLANG35/AARCH64/MdePkg/Library/BaseLib/BaseLib/OUTPUT/inc.lst /home/vivy/gbl_root_canoe/edk2/MdePkg/Library/BaseLib/CpuDeadLoop.c
CpuDeadLoop.s:10:2: warning: inconsistent use of MD5 checksums
        .file   1 "/home/vivy/gbl_root_canoe/edk2" "MdePkg/Library/BaseLib/CpuDeadLoop.c"
        ^
"/usr/bin/clang" -g -fshort-wchar -fno-strict-aliasing -Wall -Werror -Wno-array-bounds -c -include AutoGen.h -mlittle-endian -fno-short-enums -save-temps -fverbose-asm -fsigned-char -ffunction-sections -fdata-sections -fomit-frame-pointer -fno-builtin -Wno-address -fno-asynchronous-unwind-tables -target aarch64-linux-gnu -mcmodel=small -mstrict-align -Wno-parentheses-equality -Wno-tautological-compare -Wno-tautological-constant-out-of-range-compare -Wno-empty-body -D=__FORTIFY_SOURCE -D_FORTIFY_SOURCE=2 -O2 -Wno-shift-negative-value -fstack-protector-all -Wno-varargs -fno-common -Wno-misleading-indentation -Wno-unknown-warning-option  -mtune=cortex-a53 -Oz -DZ_SOLO -DPRODUCT_NAME=\"canoe\" -DENABLE_UPDATE_PARTITIONS_CMDS -DENABLE_BOOT_CMD -DENABLE_DEVICE_CRITICAL_LOCK_UNLOCK_CMDS -DAUTO_PATCH_ABL -DDISABLE_PATCH_2 -DDISABLE_PATCH_3 -DDISABLE_PATCH_4 -DDISABLE_PATCH_5 -DDISABLE_PATCH_6 -DDISABLE_PATCH_7 -DDISABLE_PATCH_8 -DDISABLE_PATCH_9 -DINIT_BIN='"/init"' -DVERIFIED_BOOT_ENABLED -DBASE_ADDRESS=0x80000000 -DREMOVE_CARVEOUT_REGION -DQSPA_BOOTCONFIG_ENABLE  -c -o /home/vivy/gbl_root_canoe/edk2/Build/RELEASE_CLANG35/AARCH64/MdePkg/Library/BaseLib/BaseLib/OUTPUT/./DivS64x64Remainder.obj @/home/vivy/gbl_root_canoe/edk2/Build/RELEASE_CLANG35/AARCH64/MdePkg/Library/BaseLib/BaseLib/OUTPUT/inc.lst /home/vivy/gbl_root_canoe/edk2/MdePkg/Library/BaseLib/DivS64x64Remainder.c
DivS64x64Remainder.s:4:2: warning: inconsistent use of MD5 checksums
        .file   1 "/home/vivy/gbl_root_canoe/edk2" "MdePkg/Library/BaseLib/DivS64x64Remainder.c"
        ^
"/usr/bin/clang" -g -fshort-wchar -fno-strict-aliasing -Wall -Werror -Wno-array-bounds -c -include AutoGen.h -mlittle-endian -fno-short-enums -save-temps -fverbose-asm -fsigned-char -ffunction-sections -fdata-sections -fomit-frame-pointer -fno-builtin -Wno-address -fno-asynchronous-unwind-tables -target aarch64-linux-gnu -mcmodel=small -mstrict-align -Wno-parentheses-equality -Wno-tautological-compare -Wno-tautological-constant-out-of-range-compare -Wno-empty-body -D=__FORTIFY_SOURCE -D_FORTIFY_SOURCE=2 -O2 -Wno-shift-negative-value -fstack-protector-all -Wno-varargs -fno-common -Wno-misleading-indentation -Wno-unknown-warning-option  -mtune=cortex-a53 -Oz -DZ_SOLO -DPRODUCT_NAME=\"canoe\" -DENABLE_UPDATE_PARTITIONS_CMDS -DENABLE_BOOT_CMD -DENABLE_DEVICE_CRITICAL_LOCK_UNLOCK_CMDS -DAUTO_PATCH_ABL -DDISABLE_PATCH_2 -DDISABLE_PATCH_3 -DDISABLE_PATCH_4 -DDISABLE_PATCH_5 -DDISABLE_PATCH_6 -DDISABLE_PATCH_7 -DDISABLE_PATCH_8 -DDISABLE_PATCH_9 -DINIT_BIN='"/init"' -DVERIFIED_BOOT_ENABLED -DBASE_ADDRESS=0x80000000 -DREMOVE_CARVEOUT_REGION -DQSPA_BOOTCONFIG_ENABLE  -c -o /home/vivy/gbl_root_canoe/edk2/Build/RELEASE_CLANG35/AARCH64/MdePkg/Library/BaseLib/BaseLib/OUTPUT/./DivU64x32.obj @/home/vivy/gbl_root_canoe/edk2/Build/RELEASE_CLANG35/AARCH64/MdePkg/Library/BaseLib/BaseLib/OUTPUT/inc.lst /home/vivy/gbl_root_canoe/edk2/MdePkg/Library/BaseLib/DivU64x32.c
DivU64x32.s:4:2: warning: inconsistent use of MD5 checksums
        .file   1 "/home/vivy/gbl_root_canoe/edk2" "MdePkg/Library/BaseLib/DivU64x32.c"
        ^
"/usr/bin/clang" -g -fshort-wchar -fno-strict-aliasing -Wall -Werror -Wno-array-bounds -c -include AutoGen.h -mlittle-endian -fno-short-enums -save-temps -fverbose-asm -fsigned-char -ffunction-sections -fdata-sections -fomit-frame-pointer -fno-builtin -Wno-address -fno-asynchronous-unwind-tables -target aarch64-linux-gnu -mcmodel=small -mstrict-align -Wno-parentheses-equality -Wno-tautological-compare -Wno-tautological-constant-out-of-range-compare -Wno-empty-body -D=__FORTIFY_SOURCE -D_FORTIFY_SOURCE=2 -O2 -Wno-shift-negative-value -fstack-protector-all -Wno-varargs -fno-common -Wno-misleading-indentation -Wno-unknown-warning-option  -mtune=cortex-a53 -Oz -DZ_SOLO -DPRODUCT_NAME=\"canoe\" -DENABLE_UPDATE_PARTITIONS_CMDS -DENABLE_BOOT_CMD -DENABLE_DEVICE_CRITICAL_LOCK_UNLOCK_CMDS -DAUTO_PATCH_ABL -DDISABLE_PATCH_2 -DDISABLE_PATCH_3 -DDISABLE_PATCH_4 -DDISABLE_PATCH_5 -DDISABLE_PATCH_6 -DDISABLE_PATCH_7 -DDISABLE_PATCH_8 -DDISABLE_PATCH_9 -DINIT_BIN='"/init"' -DVERIFIED_BOOT_ENABLED -DBASE_ADDRESS=0x80000000 -DREMOVE_CARVEOUT_REGION -DQSPA_BOOTCONFIG_ENABLE  -c -o /home/vivy/gbl_root_canoe/edk2/Build/RELEASE_CLANG35/AARCH64/MdePkg/Library/BaseLib/BaseLib/OUTPUT/./DivU64x32Remainder.obj @/home/vivy/gbl_root_canoe/edk2/Build/RELEASE_CLANG35/AARCH64/MdePkg/Library/BaseLib/BaseLib/OUTPUT/inc.lst /home/vivy/gbl_root_canoe/edk2/MdePkg/Library/BaseLib/DivU64x32Remainder.c
DivU64x32Remainder.s:4:2: warning: inconsistent use of MD5 checksums
        .file   1 "/home/vivy/gbl_root_canoe/edk2" "MdePkg/Library/BaseLib/DivU64x32Remainder.c"
        ^
"/usr/bin/clang" -g -fshort-wchar -fno-strict-aliasing -Wall -Werror -Wno-array-bounds -c -include AutoGen.h -mlittle-endian -fno-short-enums -save-temps -fverbose-asm -fsigned-char -ffunction-sections -fdata-sections -fomit-frame-pointer -fno-builtin -Wno-address -fno-asynchronous-unwind-tables -target aarch64-linux-gnu -mcmodel=small -mstrict-align -Wno-parentheses-equality -Wno-tautological-compare -Wno-tautological-constant-out-of-range-compare -Wno-empty-body -D=__FORTIFY_SOURCE -D_FORTIFY_SOURCE=2 -O2 -Wno-shift-negative-value -fstack-protector-all -Wno-varargs -fno-common -Wno-misleading-indentation -Wno-unknown-warning-option  -mtune=cortex-a53 -Oz -DZ_SOLO -DPRODUCT_NAME=\"canoe\" -DENABLE_UPDATE_PARTITIONS_CMDS -DENABLE_BOOT_CMD -DENABLE_DEVICE_CRITICAL_LOCK_UNLOCK_CMDS -DAUTO_PATCH_ABL -DDISABLE_PATCH_2 -DDISABLE_PATCH_3 -DDISABLE_PATCH_4 -DDISABLE_PATCH_5 -DDISABLE_PATCH_6 -DDISABLE_PATCH_7 -DDISABLE_PATCH_8 -DDISABLE_PATCH_9 -DINIT_BIN='"/init"' -DVERIFIED_BOOT_ENABLED -DBASE_ADDRESS=0x80000000 -DREMOVE_CARVEOUT_REGION -DQSPA_BOOTCONFIG_ENABLE  -c -o /home/vivy/gbl_root_canoe/edk2/Build/RELEASE_CLANG35/AARCH64/MdePkg/Library/BaseLib/BaseLib/OUTPUT/./DivU64x64Remainder.obj @/home/vivy/gbl_root_canoe/edk2/Build/RELEASE_CLANG35/AARCH64/MdePkg/Library/BaseLib/BaseLib/OUTPUT/inc.lst /home/vivy/gbl_root_canoe/edk2/MdePkg/Library/BaseLib/DivU64x64Remainder.c
DivU64x64Remainder.s:4:2: warning: inconsistent use of MD5 checksums
        .file   1 "/home/vivy/gbl_root_canoe/edk2" "MdePkg/Library/BaseLib/DivU64x64Remainder.c"
        ^
"/usr/bin/clang" -g -fshort-wchar -fno-strict-aliasing -Wall -Werror -Wno-array-bounds -c -include AutoGen.h -mlittle-endian -fno-short-enums -save-temps -fverbose-asm -fsigned-char -ffunction-sections -fdata-sections -fomit-frame-pointer -fno-builtin -Wno-address -fno-asynchronous-unwind-tables -target aarch64-linux-gnu -mcmodel=small -mstrict-align -Wno-parentheses-equality -Wno-tautological-compare -Wno-tautological-constant-out-of-range-compare -Wno-empty-body -D=__FORTIFY_SOURCE -D_FORTIFY_SOURCE=2 -O2 -Wno-shift-negative-value -fstack-protector-all -Wno-varargs -fno-common -Wno-misleading-indentation -Wno-unknown-warning-option  -mtune=cortex-a53 -Oz -DZ_SOLO -DPRODUCT_NAME=\"canoe\" -DENABLE_UPDATE_PARTITIONS_CMDS -DENABLE_BOOT_CMD -DENABLE_DEVICE_CRITICAL_LOCK_UNLOCK_CMDS -DAUTO_PATCH_ABL -DDISABLE_PATCH_2 -DDISABLE_PATCH_3 -DDISABLE_PATCH_4 -DDISABLE_PATCH_5 -DDISABLE_PATCH_6 -DDISABLE_PATCH_7 -DDISABLE_PATCH_8 -DDISABLE_PATCH_9 -DINIT_BIN='"/init"' -DVERIFIED_BOOT_ENABLED -DBASE_ADDRESS=0x80000000 -DREMOVE_CARVEOUT_REGION -DQSPA_BOOTCONFIG_ENABLE  -c -o /home/vivy/gbl_root_canoe/edk2/Build/RELEASE_CLANG35/AARCH64/MdePkg/Library/BaseLib/BaseLib/OUTPUT/./FilePaths.obj @/home/vivy/gbl_root_canoe/edk2/Build/RELEASE_CLANG35/AARCH64/MdePkg/Library/BaseLib/BaseLib/OUTPUT/inc.lst /home/vivy/gbl_root_canoe/edk2/MdePkg/Library/BaseLib/FilePaths.c
FilePaths.s:4:2: warning: inconsistent use of MD5 checksums
        .file   1 "/home/vivy/gbl_root_canoe/edk2" "MdePkg/Library/BaseLib/FilePaths.c"
        ^
"/usr/bin/clang" -g -fshort-wchar -fno-strict-aliasing -Wall -Werror -Wno-array-bounds -c -include AutoGen.h -mlittle-endian -fno-short-enums -save-temps -fverbose-asm -fsigned-char -ffunction-sections -fdata-sections -fomit-frame-pointer -fno-builtin -Wno-address -fno-asynchronous-unwind-tables -target aarch64-linux-gnu -mcmodel=small -mstrict-align -Wno-parentheses-equality -Wno-tautological-compare -Wno-tautological-constant-out-of-range-compare -Wno-empty-body -D=__FORTIFY_SOURCE -D_FORTIFY_SOURCE=2 -O2 -Wno-shift-negative-value -fstack-protector-all -Wno-varargs -fno-common -Wno-misleading-indentation -Wno-unknown-warning-option  -mtune=cortex-a53 -Oz -DZ_SOLO -DPRODUCT_NAME=\"canoe\" -DENABLE_UPDATE_PARTITIONS_CMDS -DENABLE_BOOT_CMD -DENABLE_DEVICE_CRITICAL_LOCK_UNLOCK_CMDS -DAUTO_PATCH_ABL -DDISABLE_PATCH_2 -DDISABLE_PATCH_3 -DDISABLE_PATCH_4 -DDISABLE_PATCH_5 -DDISABLE_PATCH_6 -DDISABLE_PATCH_7 -DDISABLE_PATCH_8 -DDISABLE_PATCH_9 -DINIT_BIN='"/init"' -DVERIFIED_BOOT_ENABLED -DBASE_ADDRESS=0x80000000 -DREMOVE_CARVEOUT_REGION -DQSPA_BOOTCONFIG_ENABLE  -c -o /home/vivy/gbl_root_canoe/edk2/Build/RELEASE_CLANG35/AARCH64/MdePkg/Library/BaseLib/BaseLib/OUTPUT/./GetPowerOfTwo32.obj @/home/vivy/gbl_root_canoe/edk2/Build/RELEASE_CLANG35/AARCH64/MdePkg/Library/BaseLib/BaseLib/OUTPUT/inc.lst /home/vivy/gbl_root_canoe/edk2/MdePkg/Library/BaseLib/GetPowerOfTwo32.c
GetPowerOfTwo32.s:10:2: warning: inconsistent use of MD5 checksums
        .file   1 "/home/vivy/gbl_root_canoe/edk2" "MdePkg/Library/BaseLib/GetPowerOfTwo32.c"
        ^
"/usr/bin/clang" -g -fshort-wchar -fno-strict-aliasing -Wall -Werror -Wno-array-bounds -c -include AutoGen.h -mlittle-endian -fno-short-enums -save-temps -fverbose-asm -fsigned-char -ffunction-sections -fdata-sections -fomit-frame-pointer -fno-builtin -Wno-address -fno-asynchronous-unwind-tables -target aarch64-linux-gnu -mcmodel=small -mstrict-align -Wno-parentheses-equality -Wno-tautological-compare -Wno-tautological-constant-out-of-range-compare -Wno-empty-body -D=__FORTIFY_SOURCE -D_FORTIFY_SOURCE=2 -O2 -Wno-shift-negative-value -fstack-protector-all -Wno-varargs -fno-common -Wno-misleading-indentation -Wno-unknown-warning-option  -mtune=cortex-a53 -Oz -DZ_SOLO -DPRODUCT_NAME=\"canoe\" -DENABLE_UPDATE_PARTITIONS_CMDS -DENABLE_BOOT_CMD -DENABLE_DEVICE_CRITICAL_LOCK_UNLOCK_CMDS -DAUTO_PATCH_ABL -DDISABLE_PATCH_2 -DDISABLE_PATCH_3 -DDISABLE_PATCH_4 -DDISABLE_PATCH_5 -DDISABLE_PATCH_6 -DDISABLE_PATCH_7 -DDISABLE_PATCH_8 -DDISABLE_PATCH_9 -DINIT_BIN='"/init"' -DVERIFIED_BOOT_ENABLED -DBASE_ADDRESS=0x80000000 -DREMOVE_CARVEOUT_REGION -DQSPA_BOOTCONFIG_ENABLE  -c -o /home/vivy/gbl_root_canoe/edk2/Build/RELEASE_CLANG35/AARCH64/MdePkg/Library/BaseLib/BaseLib/OUTPUT/./GetPowerOfTwo64.obj @/home/vivy/gbl_root_canoe/edk2/Build/RELEASE_CLANG35/AARCH64/MdePkg/Library/BaseLib/BaseLib/OUTPUT/inc.lst /home/vivy/gbl_root_canoe/edk2/MdePkg/Library/BaseLib/GetPowerOfTwo64.c
GetPowerOfTwo64.s:4:2: warning: inconsistent use of MD5 checksums
        .file   1 "/home/vivy/gbl_root_canoe/edk2" "MdePkg/Include/AArch64/ProcessorBind.h"
        ^
"/usr/bin/clang" -g -fshort-wchar -fno-strict-aliasing -Wall -Werror -Wno-array-bounds -c -include AutoGen.h -mlittle-endian -fno-short-enums -save-temps -fverbose-asm -fsigned-char -ffunction-sections -fdata-sections -fomit-frame-pointer -fno-builtin -Wno-address -fno-asynchronous-unwind-tables -target aarch64-linux-gnu -mcmodel=small -mstrict-align -Wno-parentheses-equality -Wno-tautological-compare -Wno-tautological-constant-out-of-range-compare -Wno-empty-body -D=__FORTIFY_SOURCE -D_FORTIFY_SOURCE=2 -O2 -Wno-shift-negative-value -fstack-protector-all -Wno-varargs -fno-common -Wno-misleading-indentation -Wno-unknown-warning-option  -mtune=cortex-a53 -Oz -DZ_SOLO -DPRODUCT_NAME=\"canoe\" -DENABLE_UPDATE_PARTITIONS_CMDS -DENABLE_BOOT_CMD -DENABLE_DEVICE_CRITICAL_LOCK_UNLOCK_CMDS -DAUTO_PATCH_ABL -DDISABLE_PATCH_2 -DDISABLE_PATCH_3 -DDISABLE_PATCH_4 -DDISABLE_PATCH_5 -DDISABLE_PATCH_6 -DDISABLE_PATCH_7 -DDISABLE_PATCH_8 -DDISABLE_PATCH_9 -DINIT_BIN='"/init"' -DVERIFIED_BOOT_ENABLED -DBASE_ADDRESS=0x80000000 -DREMOVE_CARVEOUT_REGION -DQSPA_BOOTCONFIG_ENABLE  -c -o /home/vivy/gbl_root_canoe/edk2/Build/RELEASE_CLANG35/AARCH64/MdePkg/Library/BaseLib/BaseLib/OUTPUT/./HighBitSet32.obj @/home/vivy/gbl_root_canoe/edk2/Build/RELEASE_CLANG35/AARCH64/MdePkg/Library/BaseLib/BaseLib/OUTPUT/inc.lst /home/vivy/gbl_root_canoe/edk2/MdePkg/Library/BaseLib/HighBitSet32.c
HighBitSet32.s:4:2: warning: inconsistent use of MD5 checksums
        .file   1 "/home/vivy/gbl_root_canoe/edk2" "MdePkg/Include/AArch64/ProcessorBind.h"
        ^
"/usr/bin/clang" -g -fshort-wchar -fno-strict-aliasing -Wall -Werror -Wno-array-bounds -c -include AutoGen.h -mlittle-endian -fno-short-enums -save-temps -fverbose-asm -fsigned-char -ffunction-sections -fdata-sections -fomit-frame-pointer -fno-builtin -Wno-address -fno-asynchronous-unwind-tables -target aarch64-linux-gnu -mcmodel=small -mstrict-align -Wno-parentheses-equality -Wno-tautological-compare -Wno-tautological-constant-out-of-range-compare -Wno-empty-body -D=__FORTIFY_SOURCE -D_FORTIFY_SOURCE=2 -O2 -Wno-shift-negative-value -fstack-protector-all -Wno-varargs -fno-common -Wno-misleading-indentation -Wno-unknown-warning-option  -mtune=cortex-a53 -Oz -DZ_SOLO -DPRODUCT_NAME=\"canoe\" -DENABLE_UPDATE_PARTITIONS_CMDS -DENABLE_BOOT_CMD -DENABLE_DEVICE_CRITICAL_LOCK_UNLOCK_CMDS -DAUTO_PATCH_ABL -DDISABLE_PATCH_2 -DDISABLE_PATCH_3 -DDISABLE_PATCH_4 -DDISABLE_PATCH_5 -DDISABLE_PATCH_6 -DDISABLE_PATCH_7 -DDISABLE_PATCH_8 -DDISABLE_PATCH_9 -DINIT_BIN='"/init"' -DVERIFIED_BOOT_ENABLED -DBASE_ADDRESS=0x80000000 -DREMOVE_CARVEOUT_REGION -DQSPA_BOOTCONFIG_ENABLE  -c -o /home/vivy/gbl_root_canoe/edk2/Build/RELEASE_CLANG35/AARCH64/MdePkg/Library/BaseLib/BaseLib/OUTPUT/./HighBitSet64.obj @/home/vivy/gbl_root_canoe/edk2/Build/RELEASE_CLANG35/AARCH64/MdePkg/Library/BaseLib/BaseLib/OUTPUT/inc.lst /home/vivy/gbl_root_canoe/edk2/MdePkg/Library/BaseLib/HighBitSet64.c
HighBitSet64.s:4:2: warning: inconsistent use of MD5 checksums
        .file   1 "/home/vivy/gbl_root_canoe/edk2" "MdePkg/Include/AArch64/ProcessorBind.h"
        ^
"/usr/bin/clang" -g -fshort-wchar -fno-strict-aliasing -Wall -Werror -Wno-array-bounds -c -include AutoGen.h -mlittle-endian -fno-short-enums -save-temps -fverbose-asm -fsigned-char -ffunction-sections -fdata-sections -fomit-frame-pointer -fno-builtin -Wno-address -fno-asynchronous-unwind-tables -target aarch64-linux-gnu -mcmodel=small -mstrict-align -Wno-parentheses-equality -Wno-tautological-compare -Wno-tautological-constant-out-of-range-compare -Wno-empty-body -D=__FORTIFY_SOURCE -D_FORTIFY_SOURCE=2 -O2 -Wno-shift-negative-value -fstack-protector-all -Wno-varargs -fno-common -Wno-misleading-indentation -Wno-unknown-warning-option  -mtune=cortex-a53 -Oz -DZ_SOLO -DPRODUCT_NAME=\"canoe\" -DENABLE_UPDATE_PARTITIONS_CMDS -DENABLE_BOOT_CMD -DENABLE_DEVICE_CRITICAL_LOCK_UNLOCK_CMDS -DAUTO_PATCH_ABL -DDISABLE_PATCH_2 -DDISABLE_PATCH_3 -DDISABLE_PATCH_4 -DDISABLE_PATCH_5 -DDISABLE_PATCH_6 -DDISABLE_PATCH_7 -DDISABLE_PATCH_8 -DDISABLE_PATCH_9 -DINIT_BIN='"/init"' -DVERIFIED_BOOT_ENABLED -DBASE_ADDRESS=0x80000000 -DREMOVE_CARVEOUT_REGION -DQSPA_BOOTCONFIG_ENABLE  -c -o /home/vivy/gbl_root_canoe/edk2/Build/RELEASE_CLANG35/AARCH64/MdePkg/Library/BaseLib/BaseLib/OUTPUT/./LRotU32.obj @/home/vivy/gbl_root_canoe/edk2/Build/RELEASE_CLANG35/AARCH64/MdePkg/Library/BaseLib/BaseLib/OUTPUT/inc.lst /home/vivy/gbl_root_canoe/edk2/MdePkg/Library/BaseLib/LRotU32.c
LRotU32.s:4:2: warning: inconsistent use of MD5 checksums
        .file   1 "/home/vivy/gbl_root_canoe/edk2" "MdePkg/Library/BaseLib/LRotU32.c"
        ^
"/usr/bin/clang" -g -fshort-wchar -fno-strict-aliasing -Wall -Werror -Wno-array-bounds -c -include AutoGen.h -mlittle-endian -fno-short-enums -save-temps -fverbose-asm -fsigned-char -ffunction-sections -fdata-sections -fomit-frame-pointer -fno-builtin -Wno-address -fno-asynchronous-unwind-tables -target aarch64-linux-gnu -mcmodel=small -mstrict-align -Wno-parentheses-equality -Wno-tautological-compare -Wno-tautological-constant-out-of-range-compare -Wno-empty-body -D=__FORTIFY_SOURCE -D_FORTIFY_SOURCE=2 -O2 -Wno-shift-negative-value -fstack-protector-all -Wno-varargs -fno-common -Wno-misleading-indentation -Wno-unknown-warning-option  -mtune=cortex-a53 -Oz -DZ_SOLO -DPRODUCT_NAME=\"canoe\" -DENABLE_UPDATE_PARTITIONS_CMDS -DENABLE_BOOT_CMD -DENABLE_DEVICE_CRITICAL_LOCK_UNLOCK_CMDS -DAUTO_PATCH_ABL -DDISABLE_PATCH_2 -DDISABLE_PATCH_3 -DDISABLE_PATCH_4 -DDISABLE_PATCH_5 -DDISABLE_PATCH_6 -DDISABLE_PATCH_7 -DDISABLE_PATCH_8 -DDISABLE_PATCH_9 -DINIT_BIN='"/init"' -DVERIFIED_BOOT_ENABLED -DBASE_ADDRESS=0x80000000 -DREMOVE_CARVEOUT_REGION -DQSPA_BOOTCONFIG_ENABLE  -c -o /home/vivy/gbl_root_canoe/edk2/Build/RELEASE_CLANG35/AARCH64/MdePkg/Library/BaseLib/BaseLib/OUTPUT/./LRotU64.obj @/home/vivy/gbl_root_canoe/edk2/Build/RELEASE_CLANG35/AARCH64/MdePkg/Library/BaseLib/BaseLib/OUTPUT/inc.lst /home/vivy/gbl_root_canoe/edk2/MdePkg/Library/BaseLib/LRotU64.c
LRotU64.s:4:2: warning: inconsistent use of MD5 checksums
        .file   1 "/home/vivy/gbl_root_canoe/edk2" "MdePkg/Library/BaseLib/LRotU64.c"
        ^
"/usr/bin/clang" -g -fshort-wchar -fno-strict-aliasing -Wall -Werror -Wno-array-bounds -c -include AutoGen.h -mlittle-endian -fno-short-enums -save-temps -fverbose-asm -fsigned-char -ffunction-sections -fdata-sections -fomit-frame-pointer -fno-builtin -Wno-address -fno-asynchronous-unwind-tables -target aarch64-linux-gnu -mcmodel=small -mstrict-align -Wno-parentheses-equality -Wno-tautological-compare -Wno-tautological-constant-out-of-range-compare -Wno-empty-body -D=__FORTIFY_SOURCE -D_FORTIFY_SOURCE=2 -O2 -Wno-shift-negative-value -fstack-protector-all -Wno-varargs -fno-common -Wno-misleading-indentation -Wno-unknown-warning-option  -mtune=cortex-a53 -Oz -DZ_SOLO -DPRODUCT_NAME=\"canoe\" -DENABLE_UPDATE_PARTITIONS_CMDS -DENABLE_BOOT_CMD -DENABLE_DEVICE_CRITICAL_LOCK_UNLOCK_CMDS -DAUTO_PATCH_ABL -DDISABLE_PATCH_2 -DDISABLE_PATCH_3 -DDISABLE_PATCH_4 -DDISABLE_PATCH_5 -DDISABLE_PATCH_6 -DDISABLE_PATCH_7 -DDISABLE_PATCH_8 -DDISABLE_PATCH_9 -DINIT_BIN='"/init"' -DVERIFIED_BOOT_ENABLED -DBASE_ADDRESS=0x80000000 -DREMOVE_CARVEOUT_REGION -DQSPA_BOOTCONFIG_ENABLE  -c -o /home/vivy/gbl_root_canoe/edk2/Build/RELEASE_CLANG35/AARCH64/MdePkg/Library/BaseLib/BaseLib/OUTPUT/./LShiftU64.obj @/home/vivy/gbl_root_canoe/edk2/Build/RELEASE_CLANG35/AARCH64/MdePkg/Library/BaseLib/BaseLib/OUTPUT/inc.lst /home/vivy/gbl_root_canoe/edk2/MdePkg/Library/BaseLib/LShiftU64.c
LShiftU64.s:4:2: warning: inconsistent use of MD5 checksums
        .file   1 "/home/vivy/gbl_root_canoe/edk2" "MdePkg/Library/BaseLib/LShiftU64.c"
        ^
"/usr/bin/clang" -g -fshort-wchar -fno-strict-aliasing -Wall -Werror -Wno-array-bounds -c -include AutoGen.h -mlittle-endian -fno-short-enums -save-temps -fverbose-asm -fsigned-char -ffunction-sections -fdata-sections -fomit-frame-pointer -fno-builtin -Wno-address -fno-asynchronous-unwind-tables -target aarch64-linux-gnu -mcmodel=small -mstrict-align -Wno-parentheses-equality -Wno-tautological-compare -Wno-tautological-constant-out-of-range-compare -Wno-empty-body -D=__FORTIFY_SOURCE -D_FORTIFY_SOURCE=2 -O2 -Wno-shift-negative-value -fstack-protector-all -Wno-varargs -fno-common -Wno-misleading-indentation -Wno-unknown-warning-option  -mtune=cortex-a53 -Oz -DZ_SOLO -DPRODUCT_NAME=\"canoe\" -DENABLE_UPDATE_PARTITIONS_CMDS -DENABLE_BOOT_CMD -DENABLE_DEVICE_CRITICAL_LOCK_UNLOCK_CMDS -DAUTO_PATCH_ABL -DDISABLE_PATCH_2 -DDISABLE_PATCH_3 -DDISABLE_PATCH_4 -DDISABLE_PATCH_5 -DDISABLE_PATCH_6 -DDISABLE_PATCH_7 -DDISABLE_PATCH_8 -DDISABLE_PATCH_9 -DINIT_BIN='"/init"' -DVERIFIED_BOOT_ENABLED -DBASE_ADDRESS=0x80000000 -DREMOVE_CARVEOUT_REGION -DQSPA_BOOTCONFIG_ENABLE  -c -o /home/vivy/gbl_root_canoe/edk2/Build/RELEASE_CLANG35/AARCH64/MdePkg/Library/BaseLib/BaseLib/OUTPUT/./LinkedList.obj @/home/vivy/gbl_root_canoe/edk2/Build/RELEASE_CLANG35/AARCH64/MdePkg/Library/BaseLib/BaseLib/OUTPUT/inc.lst /home/vivy/gbl_root_canoe/edk2/MdePkg/Library/BaseLib/LinkedList.c
LinkedList.s:4:2: warning: inconsistent use of MD5 checksums
        .file   1 "/home/vivy/gbl_root_canoe/edk2" "MdePkg/Library/BaseLib/LinkedList.c"
        ^
"/usr/bin/clang" -g -fshort-wchar -fno-strict-aliasing -Wall -Werror -Wno-array-bounds -c -include AutoGen.h -mlittle-endian -fno-short-enums -save-temps -fverbose-asm -fsigned-char -ffunction-sections -fdata-sections -fomit-frame-pointer -fno-builtin -Wno-address -fno-asynchronous-unwind-tables -target aarch64-linux-gnu -mcmodel=small -mstrict-align -Wno-parentheses-equality -Wno-tautological-compare -Wno-tautological-constant-out-of-range-compare -Wno-empty-body -D=__FORTIFY_SOURCE -D_FORTIFY_SOURCE=2 -O2 -Wno-shift-negative-value -fstack-protector-all -Wno-varargs -fno-common -Wno-misleading-indentation -Wno-unknown-warning-option  -mtune=cortex-a53 -Oz -DZ_SOLO -DPRODUCT_NAME=\"canoe\" -DENABLE_UPDATE_PARTITIONS_CMDS -DENABLE_BOOT_CMD -DENABLE_DEVICE_CRITICAL_LOCK_UNLOCK_CMDS -DAUTO_PATCH_ABL -DDISABLE_PATCH_2 -DDISABLE_PATCH_3 -DDISABLE_PATCH_4 -DDISABLE_PATCH_5 -DDISABLE_PATCH_6 -DDISABLE_PATCH_7 -DDISABLE_PATCH_8 -DDISABLE_PATCH_9 -DINIT_BIN='"/init"' -DVERIFIED_BOOT_ENABLED -DBASE_ADDRESS=0x80000000 -DREMOVE_CARVEOUT_REGION -DQSPA_BOOTCONFIG_ENABLE  -c -o /home/vivy/gbl_root_canoe/edk2/Build/RELEASE_CLANG35/AARCH64/MdePkg/Library/BaseLib/BaseLib/OUTPUT/./LongJump.obj @/home/vivy/gbl_root_canoe/edk2/Build/RELEASE_CLANG35/AARCH64/MdePkg/Library/BaseLib/BaseLib/OUTPUT/inc.lst /home/vivy/gbl_root_canoe/edk2/MdePkg/Library/BaseLib/LongJump.c
LongJump.s:4:2: warning: inconsistent use of MD5 checksums
        .file   1 "/home/vivy/gbl_root_canoe/edk2" "MdePkg/Library/BaseLib/LongJump.c"
        ^
"/usr/bin/clang" -g -fshort-wchar -fno-strict-aliasing -Wall -Werror -Wno-array-bounds -c -include AutoGen.h -mlittle-endian -fno-short-enums -save-temps -fverbose-asm -fsigned-char -ffunction-sections -fdata-sections -fomit-frame-pointer -fno-builtin -Wno-address -fno-asynchronous-unwind-tables -target aarch64-linux-gnu -mcmodel=small -mstrict-align -Wno-parentheses-equality -Wno-tautological-compare -Wno-tautological-constant-out-of-range-compare -Wno-empty-body -D=__FORTIFY_SOURCE -D_FORTIFY_SOURCE=2 -O2 -Wno-shift-negative-value -fstack-protector-all -Wno-varargs -fno-common -Wno-misleading-indentation -Wno-unknown-warning-option  -mtune=cortex-a53 -Oz -DZ_SOLO -DPRODUCT_NAME=\"canoe\" -DENABLE_UPDATE_PARTITIONS_CMDS -DENABLE_BOOT_CMD -DENABLE_DEVICE_CRITICAL_LOCK_UNLOCK_CMDS -DAUTO_PATCH_ABL -DDISABLE_PATCH_2 -DDISABLE_PATCH_3 -DDISABLE_PATCH_4 -DDISABLE_PATCH_5 -DDISABLE_PATCH_6 -DDISABLE_PATCH_7 -DDISABLE_PATCH_8 -DDISABLE_PATCH_9 -DINIT_BIN='"/init"' -DVERIFIED_BOOT_ENABLED -DBASE_ADDRESS=0x80000000 -DREMOVE_CARVEOUT_REGION -DQSPA_BOOTCONFIG_ENABLE  -c -o /home/vivy/gbl_root_canoe/edk2/Build/RELEASE_CLANG35/AARCH64/MdePkg/Library/BaseLib/BaseLib/OUTPUT/./LowBitSet32.obj @/home/vivy/gbl_root_canoe/edk2/Build/RELEASE_CLANG35/AARCH64/MdePkg/Library/BaseLib/BaseLib/OUTPUT/inc.lst /home/vivy/gbl_root_canoe/edk2/MdePkg/Library/BaseLib/LowBitSet32.c
LowBitSet32.s:10:2: warning: inconsistent use of MD5 checksums
        .file   1 "/home/vivy/gbl_root_canoe/edk2" "MdePkg/Library/BaseLib/LowBitSet32.c"
        ^
"/usr/bin/clang" -g -fshort-wchar -fno-strict-aliasing -Wall -Werror -Wno-array-bounds -c -include AutoGen.h -mlittle-endian -fno-short-enums -save-temps -fverbose-asm -fsigned-char -ffunction-sections -fdata-sections -fomit-frame-pointer -fno-builtin -Wno-address -fno-asynchronous-unwind-tables -target aarch64-linux-gnu -mcmodel=small -mstrict-align -Wno-parentheses-equality -Wno-tautological-compare -Wno-tautological-constant-out-of-range-compare -Wno-empty-body -D=__FORTIFY_SOURCE -D_FORTIFY_SOURCE=2 -O2 -Wno-shift-negative-value -fstack-protector-all -Wno-varargs -fno-common -Wno-misleading-indentation -Wno-unknown-warning-option  -mtune=cortex-a53 -Oz -DZ_SOLO -DPRODUCT_NAME=\"canoe\" -DENABLE_UPDATE_PARTITIONS_CMDS -DENABLE_BOOT_CMD -DENABLE_DEVICE_CRITICAL_LOCK_UNLOCK_CMDS -DAUTO_PATCH_ABL -DDISABLE_PATCH_2 -DDISABLE_PATCH_3 -DDISABLE_PATCH_4 -DDISABLE_PATCH_5 -DDISABLE_PATCH_6 -DDISABLE_PATCH_7 -DDISABLE_PATCH_8 -DDISABLE_PATCH_9 -DINIT_BIN='"/init"' -DVERIFIED_BOOT_ENABLED -DBASE_ADDRESS=0x80000000 -DREMOVE_CARVEOUT_REGION -DQSPA_BOOTCONFIG_ENABLE  -c -o /home/vivy/gbl_root_canoe/edk2/Build/RELEASE_CLANG35/AARCH64/MdePkg/Library/BaseLib/BaseLib/OUTPUT/./LowBitSet64.obj @/home/vivy/gbl_root_canoe/edk2/Build/RELEASE_CLANG35/AARCH64/MdePkg/Library/BaseLib/BaseLib/OUTPUT/inc.lst /home/vivy/gbl_root_canoe/edk2/MdePkg/Library/BaseLib/LowBitSet64.c
LowBitSet64.s:10:2: warning: inconsistent use of MD5 checksums
        .file   1 "/home/vivy/gbl_root_canoe/edk2" "MdePkg/Library/BaseLib/LowBitSet64.c"
        ^
"/usr/bin/clang" -g -fshort-wchar -fno-strict-aliasing -Wall -Werror -Wno-array-bounds -c -include AutoGen.h -mlittle-endian -fno-short-enums -save-temps -fverbose-asm -fsigned-char -ffunction-sections -fdata-sections -fomit-frame-pointer -fno-builtin -Wno-address -fno-asynchronous-unwind-tables -target aarch64-linux-gnu -mcmodel=small -mstrict-align -Wno-parentheses-equality -Wno-tautological-compare -Wno-tautological-constant-out-of-range-compare -Wno-empty-body -D=__FORTIFY_SOURCE -D_FORTIFY_SOURCE=2 -O2 -Wno-shift-negative-value -fstack-protector-all -Wno-varargs -fno-common -Wno-misleading-indentation -Wno-unknown-warning-option  -mtune=cortex-a53 -Oz -DZ_SOLO -DPRODUCT_NAME=\"canoe\" -DENABLE_UPDATE_PARTITIONS_CMDS -DENABLE_BOOT_CMD -DENABLE_DEVICE_CRITICAL_LOCK_UNLOCK_CMDS -DAUTO_PATCH_ABL -DDISABLE_PATCH_2 -DDISABLE_PATCH_3 -DDISABLE_PATCH_4 -DDISABLE_PATCH_5 -DDISABLE_PATCH_6 -DDISABLE_PATCH_7 -DDISABLE_PATCH_8 -DDISABLE_PATCH_9 -DINIT_BIN='"/init"' -DVERIFIED_BOOT_ENABLED -DBASE_ADDRESS=0x80000000 -DREMOVE_CARVEOUT_REGION -DQSPA_BOOTCONFIG_ENABLE  -c -o /home/vivy/gbl_root_canoe/edk2/Build/RELEASE_CLANG35/AARCH64/MdePkg/Library/BaseLib/BaseLib/OUTPUT/./Math64.obj @/home/vivy/gbl_root_canoe/edk2/Build/RELEASE_CLANG35/AARCH64/MdePkg/Library/BaseLib/BaseLib/OUTPUT/inc.lst /home/vivy/gbl_root_canoe/edk2/MdePkg/Library/BaseLib/Math64.c
Math64.s:4:2: warning: inconsistent use of MD5 checksums
        .file   1 "/home/vivy/gbl_root_canoe/edk2" "MdePkg/Include/AArch64/ProcessorBind.h"
        ^
"/usr/bin/clang" -g -fshort-wchar -fno-strict-aliasing -Wall -Werror -Wno-array-bounds -c -include AutoGen.h -mlittle-endian -fno-short-enums -save-temps -fverbose-asm -fsigned-char -ffunction-sections -fdata-sections -fomit-frame-pointer -fno-builtin -Wno-address -fno-asynchronous-unwind-tables -target aarch64-linux-gnu -mcmodel=small -mstrict-align -Wno-parentheses-equality -Wno-tautological-compare -Wno-tautological-constant-out-of-range-compare -Wno-empty-body -D=__FORTIFY_SOURCE -D_FORTIFY_SOURCE=2 -O2 -Wno-shift-negative-value -fstack-protector-all -Wno-varargs -fno-common -Wno-misleading-indentation -Wno-unknown-warning-option  -mtune=cortex-a53 -Oz -DZ_SOLO -DPRODUCT_NAME=\"canoe\" -DENABLE_UPDATE_PARTITIONS_CMDS -DENABLE_BOOT_CMD -DENABLE_DEVICE_CRITICAL_LOCK_UNLOCK_CMDS -DAUTO_PATCH_ABL -DDISABLE_PATCH_2 -DDISABLE_PATCH_3 -DDISABLE_PATCH_4 -DDISABLE_PATCH_5 -DDISABLE_PATCH_6 -DDISABLE_PATCH_7 -DDISABLE_PATCH_8 -DDISABLE_PATCH_9 -DINIT_BIN='"/init"' -DVERIFIED_BOOT_ENABLED -DBASE_ADDRESS=0x80000000 -DREMOVE_CARVEOUT_REGION -DQSPA_BOOTCONFIG_ENABLE  -c -o /home/vivy/gbl_root_canoe/edk2/Build/RELEASE_CLANG35/AARCH64/MdePkg/Library/BaseLib/BaseLib/OUTPUT/./ModU64x32.obj @/home/vivy/gbl_root_canoe/edk2/Build/RELEASE_CLANG35/AARCH64/MdePkg/Library/BaseLib/BaseLib/OUTPUT/inc.lst /home/vivy/gbl_root_canoe/edk2/MdePkg/Library/BaseLib/ModU64x32.c
ModU64x32.s:4:2: warning: inconsistent use of MD5 checksums
        .file   1 "/home/vivy/gbl_root_canoe/edk2" "MdePkg/Library/BaseLib/ModU64x32.c"
        ^
"/usr/bin/clang" -g -fshort-wchar -fno-strict-aliasing -Wall -Werror -Wno-array-bounds -c -include AutoGen.h -mlittle-endian -fno-short-enums -save-temps -fverbose-asm -fsigned-char -ffunction-sections -fdata-sections -fomit-frame-pointer -fno-builtin -Wno-address -fno-asynchronous-unwind-tables -target aarch64-linux-gnu -mcmodel=small -mstrict-align -Wno-parentheses-equality -Wno-tautological-compare -Wno-tautological-constant-out-of-range-compare -Wno-empty-body -D=__FORTIFY_SOURCE -D_FORTIFY_SOURCE=2 -O2 -Wno-shift-negative-value -fstack-protector-all -Wno-varargs -fno-common -Wno-misleading-indentation -Wno-unknown-warning-option  -mtune=cortex-a53 -Oz -DZ_SOLO -DPRODUCT_NAME=\"canoe\" -DENABLE_UPDATE_PARTITIONS_CMDS -DENABLE_BOOT_CMD -DENABLE_DEVICE_CRITICAL_LOCK_UNLOCK_CMDS -DAUTO_PATCH_ABL -DDISABLE_PATCH_2 -DDISABLE_PATCH_3 -DDISABLE_PATCH_4 -DDISABLE_PATCH_5 -DDISABLE_PATCH_6 -DDISABLE_PATCH_7 -DDISABLE_PATCH_8 -DDISABLE_PATCH_9 -DINIT_BIN='"/init"' -DVERIFIED_BOOT_ENABLED -DBASE_ADDRESS=0x80000000 -DREMOVE_CARVEOUT_REGION -DQSPA_BOOTCONFIG_ENABLE  -c -o /home/vivy/gbl_root_canoe/edk2/Build/RELEASE_CLANG35/AARCH64/MdePkg/Library/BaseLib/BaseLib/OUTPUT/./MultS64x64.obj @/home/vivy/gbl_root_canoe/edk2/Build/RELEASE_CLANG35/AARCH64/MdePkg/Library/BaseLib/BaseLib/OUTPUT/inc.lst /home/vivy/gbl_root_canoe/edk2/MdePkg/Library/BaseLib/MultS64x64.c
MultS64x64.s:4:2: warning: inconsistent use of MD5 checksums
        .file   1 "/home/vivy/gbl_root_canoe/edk2" "MdePkg/Include/AArch64/ProcessorBind.h"
        ^
"/usr/bin/clang" -g -fshort-wchar -fno-strict-aliasing -Wall -Werror -Wno-array-bounds -c -include AutoGen.h -mlittle-endian -fno-short-enums -save-temps -fverbose-asm -fsigned-char -ffunction-sections -fdata-sections -fomit-frame-pointer -fno-builtin -Wno-address -fno-asynchronous-unwind-tables -target aarch64-linux-gnu -mcmodel=small -mstrict-align -Wno-parentheses-equality -Wno-tautological-compare -Wno-tautological-constant-out-of-range-compare -Wno-empty-body -D=__FORTIFY_SOURCE -D_FORTIFY_SOURCE=2 -O2 -Wno-shift-negative-value -fstack-protector-all -Wno-varargs -fno-common -Wno-misleading-indentation -Wno-unknown-warning-option  -mtune=cortex-a53 -Oz -DZ_SOLO -DPRODUCT_NAME=\"canoe\" -DENABLE_UPDATE_PARTITIONS_CMDS -DENABLE_BOOT_CMD -DENABLE_DEVICE_CRITICAL_LOCK_UNLOCK_CMDS -DAUTO_PATCH_ABL -DDISABLE_PATCH_2 -DDISABLE_PATCH_3 -DDISABLE_PATCH_4 -DDISABLE_PATCH_5 -DDISABLE_PATCH_6 -DDISABLE_PATCH_7 -DDISABLE_PATCH_8 -DDISABLE_PATCH_9 -DINIT_BIN='"/init"' -DVERIFIED_BOOT_ENABLED -DBASE_ADDRESS=0x80000000 -DREMOVE_CARVEOUT_REGION -DQSPA_BOOTCONFIG_ENABLE  -c -o /home/vivy/gbl_root_canoe/edk2/Build/RELEASE_CLANG35/AARCH64/MdePkg/Library/BaseLib/BaseLib/OUTPUT/./MultU64x32.obj @/home/vivy/gbl_root_canoe/edk2/Build/RELEASE_CLANG35/AARCH64/MdePkg/Library/BaseLib/BaseLib/OUTPUT/inc.lst /home/vivy/gbl_root_canoe/edk2/MdePkg/Library/BaseLib/MultU64x32.c
MultU64x32.s:10:2: warning: inconsistent use of MD5 checksums
        .file   1 "/home/vivy/gbl_root_canoe/edk2" "MdePkg/Library/BaseLib/MultU64x32.c"
        ^
"/usr/bin/clang" -g -fshort-wchar -fno-strict-aliasing -Wall -Werror -Wno-array-bounds -c -include AutoGen.h -mlittle-endian -fno-short-enums -save-temps -fverbose-asm -fsigned-char -ffunction-sections -fdata-sections -fomit-frame-pointer -fno-builtin -Wno-address -fno-asynchronous-unwind-tables -target aarch64-linux-gnu -mcmodel=small -mstrict-align -Wno-parentheses-equality -Wno-tautological-compare -Wno-tautological-constant-out-of-range-compare -Wno-empty-body -D=__FORTIFY_SOURCE -D_FORTIFY_SOURCE=2 -O2 -Wno-shift-negative-value -fstack-protector-all -Wno-varargs -fno-common -Wno-misleading-indentation -Wno-unknown-warning-option  -mtune=cortex-a53 -Oz -DZ_SOLO -DPRODUCT_NAME=\"canoe\" -DENABLE_UPDATE_PARTITIONS_CMDS -DENABLE_BOOT_CMD -DENABLE_DEVICE_CRITICAL_LOCK_UNLOCK_CMDS -DAUTO_PATCH_ABL -DDISABLE_PATCH_2 -DDISABLE_PATCH_3 -DDISABLE_PATCH_4 -DDISABLE_PATCH_5 -DDISABLE_PATCH_6 -DDISABLE_PATCH_7 -DDISABLE_PATCH_8 -DDISABLE_PATCH_9 -DINIT_BIN='"/init"' -DVERIFIED_BOOT_ENABLED -DBASE_ADDRESS=0x80000000 -DREMOVE_CARVEOUT_REGION -DQSPA_BOOTCONFIG_ENABLE  -c -o /home/vivy/gbl_root_canoe/edk2/Build/RELEASE_CLANG35/AARCH64/MdePkg/Library/BaseLib/BaseLib/OUTPUT/./MultU64x64.obj @/home/vivy/gbl_root_canoe/edk2/Build/RELEASE_CLANG35/AARCH64/MdePkg/Library/BaseLib/BaseLib/OUTPUT/inc.lst /home/vivy/gbl_root_canoe/edk2/MdePkg/Library/BaseLib/MultU64x64.c
MultU64x64.s:10:2: warning: inconsistent use of MD5 checksums
        .file   1 "/home/vivy/gbl_root_canoe/edk2" "MdePkg/Library/BaseLib/MultU64x64.c"
        ^
"/usr/bin/clang" -g -fshort-wchar -fno-strict-aliasing -Wall -Werror -Wno-array-bounds -c -include AutoGen.h -mlittle-endian -fno-short-enums -save-temps -fverbose-asm -fsigned-char -ffunction-sections -fdata-sections -fomit-frame-pointer -fno-builtin -Wno-address -fno-asynchronous-unwind-tables -target aarch64-linux-gnu -mcmodel=small -mstrict-align -Wno-parentheses-equality -Wno-tautological-compare -Wno-tautological-constant-out-of-range-compare -Wno-empty-body -D=__FORTIFY_SOURCE -D_FORTIFY_SOURCE=2 -O2 -Wno-shift-negative-value -fstack-protector-all -Wno-varargs -fno-common -Wno-misleading-indentation -Wno-unknown-warning-option  -mtune=cortex-a53 -Oz -DZ_SOLO -DPRODUCT_NAME=\"canoe\" -DENABLE_UPDATE_PARTITIONS_CMDS -DENABLE_BOOT_CMD -DENABLE_DEVICE_CRITICAL_LOCK_UNLOCK_CMDS -DAUTO_PATCH_ABL -DDISABLE_PATCH_2 -DDISABLE_PATCH_3 -DDISABLE_PATCH_4 -DDISABLE_PATCH_5 -DDISABLE_PATCH_6 -DDISABLE_PATCH_7 -DDISABLE_PATCH_8 -DDISABLE_PATCH_9 -DINIT_BIN='"/init"' -DVERIFIED_BOOT_ENABLED -DBASE_ADDRESS=0x80000000 -DREMOVE_CARVEOUT_REGION -DQSPA_BOOTCONFIG_ENABLE  -c -o /home/vivy/gbl_root_canoe/edk2/Build/RELEASE_CLANG35/AARCH64/MdePkg/Library/BaseLib/BaseLib/OUTPUT/./RRotU32.obj @/home/vivy/gbl_root_canoe/edk2/Build/RELEASE_CLANG35/AARCH64/MdePkg/Library/BaseLib/BaseLib/OUTPUT/inc.lst /home/vivy/gbl_root_canoe/edk2/MdePkg/Library/BaseLib/RRotU32.c
RRotU32.s:4:2: warning: inconsistent use of MD5 checksums
        .file   1 "/home/vivy/gbl_root_canoe/edk2" "MdePkg/Library/BaseLib/RRotU32.c"
        ^
"/usr/bin/clang" -g -fshort-wchar -fno-strict-aliasing -Wall -Werror -Wno-array-bounds -c -include AutoGen.h -mlittle-endian -fno-short-enums -save-temps -fverbose-asm -fsigned-char -ffunction-sections -fdata-sections -fomit-frame-pointer -fno-builtin -Wno-address -fno-asynchronous-unwind-tables -target aarch64-linux-gnu -mcmodel=small -mstrict-align -Wno-parentheses-equality -Wno-tautological-compare -Wno-tautological-constant-out-of-range-compare -Wno-empty-body -D=__FORTIFY_SOURCE -D_FORTIFY_SOURCE=2 -O2 -Wno-shift-negative-value -fstack-protector-all -Wno-varargs -fno-common -Wno-misleading-indentation -Wno-unknown-warning-option  -mtune=cortex-a53 -Oz -DZ_SOLO -DPRODUCT_NAME=\"canoe\" -DENABLE_UPDATE_PARTITIONS_CMDS -DENABLE_BOOT_CMD -DENABLE_DEVICE_CRITICAL_LOCK_UNLOCK_CMDS -DAUTO_PATCH_ABL -DDISABLE_PATCH_2 -DDISABLE_PATCH_3 -DDISABLE_PATCH_4 -DDISABLE_PATCH_5 -DDISABLE_PATCH_6 -DDISABLE_PATCH_7 -DDISABLE_PATCH_8 -DDISABLE_PATCH_9 -DINIT_BIN='"/init"' -DVERIFIED_BOOT_ENABLED -DBASE_ADDRESS=0x80000000 -DREMOVE_CARVEOUT_REGION -DQSPA_BOOTCONFIG_ENABLE  -c -o /home/vivy/gbl_root_canoe/edk2/Build/RELEASE_CLANG35/AARCH64/MdePkg/Library/BaseLib/BaseLib/OUTPUT/./RRotU64.obj @/home/vivy/gbl_root_canoe/edk2/Build/RELEASE_CLANG35/AARCH64/MdePkg/Library/BaseLib/BaseLib/OUTPUT/inc.lst /home/vivy/gbl_root_canoe/edk2/MdePkg/Library/BaseLib/RRotU64.c
RRotU64.s:4:2: warning: inconsistent use of MD5 checksums
        .file   1 "/home/vivy/gbl_root_canoe/edk2" "MdePkg/Library/BaseLib/RRotU64.c"
        ^
"/usr/bin/clang" -g -fshort-wchar -fno-strict-aliasing -Wall -Werror -Wno-array-bounds -c -include AutoGen.h -mlittle-endian -fno-short-enums -save-temps -fverbose-asm -fsigned-char -ffunction-sections -fdata-sections -fomit-frame-pointer -fno-builtin -Wno-address -fno-asynchronous-unwind-tables -target aarch64-linux-gnu -mcmodel=small -mstrict-align -Wno-parentheses-equality -Wno-tautological-compare -Wno-tautological-constant-out-of-range-compare -Wno-empty-body -D=__FORTIFY_SOURCE -D_FORTIFY_SOURCE=2 -O2 -Wno-shift-negative-value -fstack-protector-all -Wno-varargs -fno-common -Wno-misleading-indentation -Wno-unknown-warning-option  -mtune=cortex-a53 -Oz -DZ_SOLO -DPRODUCT_NAME=\"canoe\" -DENABLE_UPDATE_PARTITIONS_CMDS -DENABLE_BOOT_CMD -DENABLE_DEVICE_CRITICAL_LOCK_UNLOCK_CMDS -DAUTO_PATCH_ABL -DDISABLE_PATCH_2 -DDISABLE_PATCH_3 -DDISABLE_PATCH_4 -DDISABLE_PATCH_5 -DDISABLE_PATCH_6 -DDISABLE_PATCH_7 -DDISABLE_PATCH_8 -DDISABLE_PATCH_9 -DINIT_BIN='"/init"' -DVERIFIED_BOOT_ENABLED -DBASE_ADDRESS=0x80000000 -DREMOVE_CARVEOUT_REGION -DQSPA_BOOTCONFIG_ENABLE  -c -o /home/vivy/gbl_root_canoe/edk2/Build/RELEASE_CLANG35/AARCH64/MdePkg/Library/BaseLib/BaseLib/OUTPUT/./RShiftU64.obj @/home/vivy/gbl_root_canoe/edk2/Build/RELEASE_CLANG35/AARCH64/MdePkg/Library/BaseLib/BaseLib/OUTPUT/inc.lst /home/vivy/gbl_root_canoe/edk2/MdePkg/Library/BaseLib/RShiftU64.c
RShiftU64.s:4:2: warning: inconsistent use of MD5 checksums
        .file   1 "/home/vivy/gbl_root_canoe/edk2" "MdePkg/Library/BaseLib/RShiftU64.c"
        ^
"/usr/bin/clang" -g -fshort-wchar -fno-strict-aliasing -Wall -Werror -Wno-array-bounds -c -include AutoGen.h -mlittle-endian -fno-short-enums -save-temps -fverbose-asm -fsigned-char -ffunction-sections -fdata-sections -fomit-frame-pointer -fno-builtin -Wno-address -fno-asynchronous-unwind-tables -target aarch64-linux-gnu -mcmodel=small -mstrict-align -Wno-parentheses-equality -Wno-tautological-compare -Wno-tautological-constant-out-of-range-compare -Wno-empty-body -D=__FORTIFY_SOURCE -D_FORTIFY_SOURCE=2 -O2 -Wno-shift-negative-value -fstack-protector-all -Wno-varargs -fno-common -Wno-misleading-indentation -Wno-unknown-warning-option  -mtune=cortex-a53 -Oz -DZ_SOLO -DPRODUCT_NAME=\"canoe\" -DENABLE_UPDATE_PARTITIONS_CMDS -DENABLE_BOOT_CMD -DENABLE_DEVICE_CRITICAL_LOCK_UNLOCK_CMDS -DAUTO_PATCH_ABL -DDISABLE_PATCH_2 -DDISABLE_PATCH_3 -DDISABLE_PATCH_4 -DDISABLE_PATCH_5 -DDISABLE_PATCH_6 -DDISABLE_PATCH_7 -DDISABLE_PATCH_8 -DDISABLE_PATCH_9 -DINIT_BIN='"/init"' -DVERIFIED_BOOT_ENABLED -DBASE_ADDRESS=0x80000000 -DREMOVE_CARVEOUT_REGION -DQSPA_BOOTCONFIG_ENABLE  -c -o /home/vivy/gbl_root_canoe/edk2/Build/RELEASE_CLANG35/AARCH64/MdePkg/Library/BaseLib/BaseLib/OUTPUT/./SafeString.obj @/home/vivy/gbl_root_canoe/edk2/Build/RELEASE_CLANG35/AARCH64/MdePkg/Library/BaseLib/BaseLib/OUTPUT/inc.lst /home/vivy/gbl_root_canoe/edk2/MdePkg/Library/BaseLib/SafeString.c
SafeString.s:4:2: warning: inconsistent use of MD5 checksums
        .file   1 "/home/vivy/gbl_root_canoe/edk2" "MdePkg/Library/BaseLib/SafeString.c"
        ^
"/usr/bin/clang" -g -fshort-wchar -fno-strict-aliasing -Wall -Werror -Wno-array-bounds -c -include AutoGen.h -mlittle-endian -fno-short-enums -save-temps -fverbose-asm -fsigned-char -ffunction-sections -fdata-sections -fomit-frame-pointer -fno-builtin -Wno-address -fno-asynchronous-unwind-tables -target aarch64-linux-gnu -mcmodel=small -mstrict-align -Wno-parentheses-equality -Wno-tautological-compare -Wno-tautological-constant-out-of-range-compare -Wno-empty-body -D=__FORTIFY_SOURCE -D_FORTIFY_SOURCE=2 -O2 -Wno-shift-negative-value -fstack-protector-all -Wno-varargs -fno-common -Wno-misleading-indentation -Wno-unknown-warning-option  -mtune=cortex-a53 -Oz -DZ_SOLO -DPRODUCT_NAME=\"canoe\" -DENABLE_UPDATE_PARTITIONS_CMDS -DENABLE_BOOT_CMD -DENABLE_DEVICE_CRITICAL_LOCK_UNLOCK_CMDS -DAUTO_PATCH_ABL -DDISABLE_PATCH_2 -DDISABLE_PATCH_3 -DDISABLE_PATCH_4 -DDISABLE_PATCH_5 -DDISABLE_PATCH_6 -DDISABLE_PATCH_7 -DDISABLE_PATCH_8 -DDISABLE_PATCH_9 -DINIT_BIN='"/init"' -DVERIFIED_BOOT_ENABLED -DBASE_ADDRESS=0x80000000 -DREMOVE_CARVEOUT_REGION -DQSPA_BOOTCONFIG_ENABLE  -c -o /home/vivy/gbl_root_canoe/edk2/Build/RELEASE_CLANG35/AARCH64/MdePkg/Library/BaseLib/BaseLib/OUTPUT/./SetJump.obj @/home/vivy/gbl_root_canoe/edk2/Build/RELEASE_CLANG35/AARCH64/MdePkg/Library/BaseLib/BaseLib/OUTPUT/inc.lst /home/vivy/gbl_root_canoe/edk2/MdePkg/Library/BaseLib/SetJump.c
SetJump.s:4:2: warning: inconsistent use of MD5 checksums
        .file   1 "/home/vivy/gbl_root_canoe/edk2" "MdePkg/Library/BaseLib/SetJump.c"
        ^
"/usr/bin/clang" -g -fshort-wchar -fno-strict-aliasing -Wall -Werror -Wno-array-bounds -c -include AutoGen.h -mlittle-endian -fno-short-enums -save-temps -fverbose-asm -fsigned-char -ffunction-sections -fdata-sections -fomit-frame-pointer -fno-builtin -Wno-address -fno-asynchronous-unwind-tables -target aarch64-linux-gnu -mcmodel=small -mstrict-align -Wno-parentheses-equality -Wno-tautological-compare -Wno-tautological-constant-out-of-range-compare -Wno-empty-body -D=__FORTIFY_SOURCE -D_FORTIFY_SOURCE=2 -O2 -Wno-shift-negative-value -fstack-protector-all -Wno-varargs -fno-common -Wno-misleading-indentation -Wno-unknown-warning-option  -mtune=cortex-a53 -Oz -DZ_SOLO -DPRODUCT_NAME=\"canoe\" -DENABLE_UPDATE_PARTITIONS_CMDS -DENABLE_BOOT_CMD -DENABLE_DEVICE_CRITICAL_LOCK_UNLOCK_CMDS -DAUTO_PATCH_ABL -DDISABLE_PATCH_2 -DDISABLE_PATCH_3 -DDISABLE_PATCH_4 -DDISABLE_PATCH_5 -DDISABLE_PATCH_6 -DDISABLE_PATCH_7 -DDISABLE_PATCH_8 -DDISABLE_PATCH_9 -DINIT_BIN='"/init"' -DVERIFIED_BOOT_ENABLED -DBASE_ADDRESS=0x80000000 -DREMOVE_CARVEOUT_REGION -DQSPA_BOOTCONFIG_ENABLE  -c -o /home/vivy/gbl_root_canoe/edk2/Build/RELEASE_CLANG35/AARCH64/MdePkg/Library/BaseLib/BaseLib/OUTPUT/./String.obj @/home/vivy/gbl_root_canoe/edk2/Build/RELEASE_CLANG35/AARCH64/MdePkg/Library/BaseLib/BaseLib/OUTPUT/inc.lst /home/vivy/gbl_root_canoe/edk2/MdePkg/Library/BaseLib/String.c
String.s:4:2: warning: inconsistent use of MD5 checksums
        .file   1 "/home/vivy/gbl_root_canoe/edk2" "MdePkg/Library/BaseLib/String.c"
        ^
"/usr/bin/clang" -g -fshort-wchar -fno-strict-aliasing -Wall -Werror -Wno-array-bounds -c -include AutoGen.h -mlittle-endian -fno-short-enums -save-temps -fverbose-asm -fsigned-char -ffunction-sections -fdata-sections -fomit-frame-pointer -fno-builtin -Wno-address -fno-asynchronous-unwind-tables -target aarch64-linux-gnu -mcmodel=small -mstrict-align -Wno-parentheses-equality -Wno-tautological-compare -Wno-tautological-constant-out-of-range-compare -Wno-empty-body -D=__FORTIFY_SOURCE -D_FORTIFY_SOURCE=2 -O2 -Wno-shift-negative-value -fstack-protector-all -Wno-varargs -fno-common -Wno-misleading-indentation -Wno-unknown-warning-option  -mtune=cortex-a53 -Oz -DZ_SOLO -DPRODUCT_NAME=\"canoe\" -DENABLE_UPDATE_PARTITIONS_CMDS -DENABLE_BOOT_CMD -DENABLE_DEVICE_CRITICAL_LOCK_UNLOCK_CMDS -DAUTO_PATCH_ABL -DDISABLE_PATCH_2 -DDISABLE_PATCH_3 -DDISABLE_PATCH_4 -DDISABLE_PATCH_5 -DDISABLE_PATCH_6 -DDISABLE_PATCH_7 -DDISABLE_PATCH_8 -DDISABLE_PATCH_9 -DINIT_BIN='"/init"' -DVERIFIED_BOOT_ENABLED -DBASE_ADDRESS=0x80000000 -DREMOVE_CARVEOUT_REGION -DQSPA_BOOTCONFIG_ENABLE  -c -o /home/vivy/gbl_root_canoe/edk2/Build/RELEASE_CLANG35/AARCH64/MdePkg/Library/BaseLib/BaseLib/OUTPUT/./SwapBytes16.obj @/home/vivy/gbl_root_canoe/edk2/Build/RELEASE_CLANG35/AARCH64/MdePkg/Library/BaseLib/BaseLib/OUTPUT/inc.lst /home/vivy/gbl_root_canoe/edk2/MdePkg/Library/BaseLib/SwapBytes16.c
SwapBytes16.s:4:2: warning: inconsistent use of MD5 checksums
        .file   1 "/home/vivy/gbl_root_canoe/edk2" "MdePkg/Include/AArch64/ProcessorBind.h"
        ^
"/usr/bin/clang" -g -fshort-wchar -fno-strict-aliasing -Wall -Werror -Wno-array-bounds -c -include AutoGen.h -mlittle-endian -fno-short-enums -save-temps -fverbose-asm -fsigned-char -ffunction-sections -fdata-sections -fomit-frame-pointer -fno-builtin -Wno-address -fno-asynchronous-unwind-tables -target aarch64-linux-gnu -mcmodel=small -mstrict-align -Wno-parentheses-equality -Wno-tautological-compare -Wno-tautological-constant-out-of-range-compare -Wno-empty-body -D=__FORTIFY_SOURCE -D_FORTIFY_SOURCE=2 -O2 -Wno-shift-negative-value -fstack-protector-all -Wno-varargs -fno-common -Wno-misleading-indentation -Wno-unknown-warning-option  -mtune=cortex-a53 -Oz -DZ_SOLO -DPRODUCT_NAME=\"canoe\" -DENABLE_UPDATE_PARTITIONS_CMDS -DENABLE_BOOT_CMD -DENABLE_DEVICE_CRITICAL_LOCK_UNLOCK_CMDS -DAUTO_PATCH_ABL -DDISABLE_PATCH_2 -DDISABLE_PATCH_3 -DDISABLE_PATCH_4 -DDISABLE_PATCH_5 -DDISABLE_PATCH_6 -DDISABLE_PATCH_7 -DDISABLE_PATCH_8 -DDISABLE_PATCH_9 -DINIT_BIN='"/init"' -DVERIFIED_BOOT_ENABLED -DBASE_ADDRESS=0x80000000 -DREMOVE_CARVEOUT_REGION -DQSPA_BOOTCONFIG_ENABLE  -c -o /home/vivy/gbl_root_canoe/edk2/Build/RELEASE_CLANG35/AARCH64/MdePkg/Library/BaseLib/BaseLib/OUTPUT/./SwapBytes32.obj @/home/vivy/gbl_root_canoe/edk2/Build/RELEASE_CLANG35/AARCH64/MdePkg/Library/BaseLib/BaseLib/OUTPUT/inc.lst /home/vivy/gbl_root_canoe/edk2/MdePkg/Library/BaseLib/SwapBytes32.c
SwapBytes32.s:4:2: warning: inconsistent use of MD5 checksums
        .file   1 "/home/vivy/gbl_root_canoe/edk2" "MdePkg/Include/AArch64/ProcessorBind.h"
        ^
"/usr/bin/clang" -g -fshort-wchar -fno-strict-aliasing -Wall -Werror -Wno-array-bounds -c -include AutoGen.h -mlittle-endian -fno-short-enums -save-temps -fverbose-asm -fsigned-char -ffunction-sections -fdata-sections -fomit-frame-pointer -fno-builtin -Wno-address -fno-asynchronous-unwind-tables -target aarch64-linux-gnu -mcmodel=small -mstrict-align -Wno-parentheses-equality -Wno-tautological-compare -Wno-tautological-constant-out-of-range-compare -Wno-empty-body -D=__FORTIFY_SOURCE -D_FORTIFY_SOURCE=2 -O2 -Wno-shift-negative-value -fstack-protector-all -Wno-varargs -fno-common -Wno-misleading-indentation -Wno-unknown-warning-option  -mtune=cortex-a53 -Oz -DZ_SOLO -DPRODUCT_NAME=\"canoe\" -DENABLE_UPDATE_PARTITIONS_CMDS -DENABLE_BOOT_CMD -DENABLE_DEVICE_CRITICAL_LOCK_UNLOCK_CMDS -DAUTO_PATCH_ABL -DDISABLE_PATCH_2 -DDISABLE_PATCH_3 -DDISABLE_PATCH_4 -DDISABLE_PATCH_5 -DDISABLE_PATCH_6 -DDISABLE_PATCH_7 -DDISABLE_PATCH_8 -DDISABLE_PATCH_9 -DINIT_BIN='"/init"' -DVERIFIED_BOOT_ENABLED -DBASE_ADDRESS=0x80000000 -DREMOVE_CARVEOUT_REGION -DQSPA_BOOTCONFIG_ENABLE  -c -o /home/vivy/gbl_root_canoe/edk2/Build/RELEASE_CLANG35/AARCH64/MdePkg/Library/BaseLib/BaseLib/OUTPUT/./SwapBytes64.obj @/home/vivy/gbl_root_canoe/edk2/Build/RELEASE_CLANG35/AARCH64/MdePkg/Library/BaseLib/BaseLib/OUTPUT/inc.lst /home/vivy/gbl_root_canoe/edk2/MdePkg/Library/BaseLib/SwapBytes64.c
SwapBytes64.s:10:2: warning: inconsistent use of MD5 checksums
        .file   1 "/home/vivy/gbl_root_canoe/edk2" "MdePkg/Library/BaseLib/SwapBytes64.c"
        ^
"/usr/bin/clang" -g -fshort-wchar -fno-strict-aliasing -Wall -Werror -Wno-array-bounds -c -include AutoGen.h -mlittle-endian -fno-short-enums -save-temps -fverbose-asm -fsigned-char -ffunction-sections -fdata-sections -fomit-frame-pointer -fno-builtin -Wno-address -fno-asynchronous-unwind-tables -target aarch64-linux-gnu -mcmodel=small -mstrict-align -Wno-parentheses-equality -Wno-tautological-compare -Wno-tautological-constant-out-of-range-compare -Wno-empty-body -D=__FORTIFY_SOURCE -D_FORTIFY_SOURCE=2 -O2 -Wno-shift-negative-value -fstack-protector-all -Wno-varargs -fno-common -Wno-misleading-indentation -Wno-unknown-warning-option  -mtune=cortex-a53 -Oz -DZ_SOLO -DPRODUCT_NAME=\"canoe\" -DENABLE_UPDATE_PARTITIONS_CMDS -DENABLE_BOOT_CMD -DENABLE_DEVICE_CRITICAL_LOCK_UNLOCK_CMDS -DAUTO_PATCH_ABL -DDISABLE_PATCH_2 -DDISABLE_PATCH_3 -DDISABLE_PATCH_4 -DDISABLE_PATCH_5 -DDISABLE_PATCH_6 -DDISABLE_PATCH_7 -DDISABLE_PATCH_8 -DDISABLE_PATCH_9 -DINIT_BIN='"/init"' -DVERIFIED_BOOT_ENABLED -DBASE_ADDRESS=0x80000000 -DREMOVE_CARVEOUT_REGION -DQSPA_BOOTCONFIG_ENABLE  -c -o /home/vivy/gbl_root_canoe/edk2/Build/RELEASE_CLANG35/AARCH64/MdePkg/Library/BaseLib/BaseLib/OUTPUT/./SwitchStack.obj @/home/vivy/gbl_root_canoe/edk2/Build/RELEASE_CLANG35/AARCH64/MdePkg/Library/BaseLib/BaseLib/OUTPUT/inc.lst /home/vivy/gbl_root_canoe/edk2/MdePkg/Library/BaseLib/SwitchStack.c
SwitchStack.s:4:2: warning: inconsistent use of MD5 checksums
        .file   1 "/home/vivy/gbl_root_canoe/edk2" "MdePkg/Library/BaseLib/SwitchStack.c"
        ^
rm -f /home/vivy/gbl_root_canoe/edk2/Build/RELEASE_CLANG35/AARCH64/MdePkg/Library/BaseLib/BaseLib/OUTPUT/BaseLib.lib
"/usr/bin/llvm-ar" -cr /home/vivy/gbl_root_canoe/edk2/Build/RELEASE_CLANG35/AARCH64/MdePkg/Library/BaseLib/BaseLib/OUTPUT/BaseLib.lib  @/home/vivy/gbl_root_canoe/edk2/Build/RELEASE_CLANG35/AARCH64/MdePkg/Library/BaseLib/BaseLib/OUTPUT/object_files.lst
make[2]: Leaving directory '/home/vivy/gbl_root_canoe/edk2/Build/RELEASE_CLANG35/AARCH64/MdePkg/Library/BaseLib/BaseLib'
Building ... /home/vivy/gbl_root_canoe/edk2/MdeModulePkg/Library/PeiDxeDebugLibReportStatusCode/PeiDxeDebugLibReportStatusCode.inf [AARCH64]
make[2]: Entering directory '/home/vivy/gbl_root_canoe/edk2/Build/RELEASE_CLANG35/AARCH64/MdeModulePkg/Library/PeiDxeDebugLibReportStatusCode/PeiDxeDebugLibReportStatusCode'
"/usr/bin/clang" -g -fshort-wchar -fno-strict-aliasing -Wall -Werror -Wno-array-bounds -c -include AutoGen.h -mlittle-endian -fno-short-enums -save-temps -fverbose-asm -fsigned-char -ffunction-sections -fdata-sections -fomit-frame-pointer -fno-builtin -Wno-address -fno-asynchronous-unwind-tables -target aarch64-linux-gnu -mcmodel=small -mstrict-align -Wno-parentheses-equality -Wno-tautological-compare -Wno-tautological-constant-out-of-range-compare -Wno-empty-body -D=__FORTIFY_SOURCE -D_FORTIFY_SOURCE=2 -O2 -Wno-shift-negative-value -fstack-protector-all -Wno-varargs -fno-common -Wno-misleading-indentation -Wno-unknown-warning-option  -mtune=cortex-a53 -Oz -DZ_SOLO -DPRODUCT_NAME=\"canoe\" -DENABLE_UPDATE_PARTITIONS_CMDS -DENABLE_BOOT_CMD -DENABLE_DEVICE_CRITICAL_LOCK_UNLOCK_CMDS -DAUTO_PATCH_ABL -DDISABLE_PATCH_2 -DDISABLE_PATCH_3 -DDISABLE_PATCH_4 -DDISABLE_PATCH_5 -DDISABLE_PATCH_6 -DDISABLE_PATCH_7 -DDISABLE_PATCH_8 -DDISABLE_PATCH_9 -DINIT_BIN='"/init"' -DVERIFIED_BOOT_ENABLED -DBASE_ADDRESS=0x80000000 -DREMOVE_CARVEOUT_REGION -DQSPA_BOOTCONFIG_ENABLE  -c -o /home/vivy/gbl_root_canoe/edk2/Build/RELEASE_CLANG35/AARCH64/MdeModulePkg/Library/PeiDxeDebugLibReportStatusCode/PeiDxeDebugLibReportStatusCode/OUTPUT/./DebugLib.obj @/home/vivy/gbl_root_canoe/edk2/Build/RELEASE_CLANG35/AARCH64/MdeModulePkg/Library/PeiDxeDebugLibReportStatusCode/PeiDxeDebugLibReportStatusCode/OUTPUT/inc.lst /home/vivy/gbl_root_canoe/edk2/MdeModulePkg/Library/PeiDxeDebugLibReportStatusCode/DebugLib.c
DebugLib.s:4:2: warning: inconsistent use of MD5 checksums
        .file   1 "/home/vivy/gbl_root_canoe/edk2" "MdeModulePkg/Library/PeiDxeDebugLibReportStatusCode/DebugLib.c"
        ^
rm -f /home/vivy/gbl_root_canoe/edk2/Build/RELEASE_CLANG35/AARCH64/MdeModulePkg/Library/PeiDxeDebugLibReportStatusCode/PeiDxeDebugLibReportStatusCode/OUTPUT/PeiDxeDebugLibReportStatusCode.lib
"/usr/bin/llvm-ar" -cr /home/vivy/gbl_root_canoe/edk2/Build/RELEASE_CLANG35/AARCH64/MdeModulePkg/Library/PeiDxeDebugLibReportStatusCode/PeiDxeDebugLibReportStatusCode/OUTPUT/PeiDxeDebugLibReportStatusCode.lib  @/home/vivy/gbl_root_canoe/edk2/Build/RELEASE_CLANG35/AARCH64/MdeModulePkg/Library/PeiDxeDebugLibReportStatusCode/PeiDxeDebugLibReportStatusCode/OUTPUT/object_files.lst
make[2]: Leaving directory '/home/vivy/gbl_root_canoe/edk2/Build/RELEASE_CLANG35/AARCH64/MdeModulePkg/Library/PeiDxeDebugLibReportStatusCode/PeiDxeDebugLibReportStatusCode'
Building ... /home/vivy/gbl_root_canoe/edk2/MdePkg/Library/UefiDevicePathLib/UefiDevicePathLib.inf [AARCH64]
make[2]: Entering directory '/home/vivy/gbl_root_canoe/edk2/Build/RELEASE_CLANG35/AARCH64/MdePkg/Library/UefiDevicePathLib/UefiDevicePathLib'
"/usr/bin/clang"  -g -fshort-wchar -fno-strict-aliasing -Wall -Werror -Wno-array-bounds -c -include AutoGen.h -mlittle-endian -fno-short-enums -save-temps -fverbose-asm -fsigned-char -ffunction-sections -fdata-sections -fomit-frame-pointer -fno-builtin -Wno-address -fno-asynchronous-unwind-tables -target aarch64-linux-gnu -mcmodel=small -mstrict-align -Wno-parentheses-equality -Wno-tautological-compare -Wno-tautological-constant-out-of-range-compare -Wno-empty-body -D=__FORTIFY_SOURCE -D_FORTIFY_SOURCE=2 -O2 -Wno-shift-negative-value -fstack-protector-all -Wno-varargs -fno-common -Wno-misleading-indentation -Wno-unknown-warning-option  -mtune=cortex-a53 -Oz -DZ_SOLO -DPRODUCT_NAME=\"canoe\" -DENABLE_UPDATE_PARTITIONS_CMDS -DENABLE_BOOT_CMD -DENABLE_DEVICE_CRITICAL_LOCK_UNLOCK_CMDS -DAUTO_PATCH_ABL -DDISABLE_PATCH_2 -DDISABLE_PATCH_3 -DDISABLE_PATCH_4 -DDISABLE_PATCH_5 -DDISABLE_PATCH_6 -DDISABLE_PATCH_7 -DDISABLE_PATCH_8 -DDISABLE_PATCH_9 -DINIT_BIN='"/init"' -DVERIFIED_BOOT_ENABLED -DBASE_ADDRESS=0x80000000 -DREMOVE_CARVEOUT_REGION -DQSPA_BOOTCONFIG_ENABLE -o /home/vivy/gbl_root_canoe/edk2/Build/RELEASE_CLANG35/AARCH64/MdePkg/Library/UefiDevicePathLib/UefiDevicePathLib/OUTPUT/./DevicePathFromText.obj -I/home/vivy/gbl_root_canoe/edk2/MdePkg/Library/UefiDevicePathLib -I/home/vivy/gbl_root_canoe/edk2/Build/RELEASE_CLANG35/AARCH64/MdePkg/Library/UefiDevicePathLib/UefiDevicePathLib/DEBUG -I/home/vivy/gbl_root_canoe/edk2/MdePkg -I/home/vivy/gbl_root_canoe/edk2/MdePkg/Include -I/home/vivy/gbl_root_canoe/edk2/MdePkg/Include/AArch64 /home/vivy/gbl_root_canoe/edk2/MdePkg/Library/UefiDevicePathLib/DevicePathFromText.c
DevicePathFromText.s:4:2: warning: inconsistent use of MD5 checksums
        .file   1 "/home/vivy/gbl_root_canoe/edk2" "MdePkg/Library/UefiDevicePathLib/DevicePathFromText.c"
        ^
"/usr/bin/clang"  -g -fshort-wchar -fno-strict-aliasing -Wall -Werror -Wno-array-bounds -c -include AutoGen.h -mlittle-endian -fno-short-enums -save-temps -fverbose-asm -fsigned-char -ffunction-sections -fdata-sections -fomit-frame-pointer -fno-builtin -Wno-address -fno-asynchronous-unwind-tables -target aarch64-linux-gnu -mcmodel=small -mstrict-align -Wno-parentheses-equality -Wno-tautological-compare -Wno-tautological-constant-out-of-range-compare -Wno-empty-body -D=__FORTIFY_SOURCE -D_FORTIFY_SOURCE=2 -O2 -Wno-shift-negative-value -fstack-protector-all -Wno-varargs -fno-common -Wno-misleading-indentation -Wno-unknown-warning-option  -mtune=cortex-a53 -Oz -DZ_SOLO -DPRODUCT_NAME=\"canoe\" -DENABLE_UPDATE_PARTITIONS_CMDS -DENABLE_BOOT_CMD -DENABLE_DEVICE_CRITICAL_LOCK_UNLOCK_CMDS -DAUTO_PATCH_ABL -DDISABLE_PATCH_2 -DDISABLE_PATCH_3 -DDISABLE_PATCH_4 -DDISABLE_PATCH_5 -DDISABLE_PATCH_6 -DDISABLE_PATCH_7 -DDISABLE_PATCH_8 -DDISABLE_PATCH_9 -DINIT_BIN='"/init"' -DVERIFIED_BOOT_ENABLED -DBASE_ADDRESS=0x80000000 -DREMOVE_CARVEOUT_REGION -DQSPA_BOOTCONFIG_ENABLE -o /home/vivy/gbl_root_canoe/edk2/Build/RELEASE_CLANG35/AARCH64/MdePkg/Library/UefiDevicePathLib/UefiDevicePathLib/OUTPUT/./DevicePathToText.obj -I/home/vivy/gbl_root_canoe/edk2/MdePkg/Library/UefiDevicePathLib -I/home/vivy/gbl_root_canoe/edk2/Build/RELEASE_CLANG35/AARCH64/MdePkg/Library/UefiDevicePathLib/UefiDevicePathLib/DEBUG -I/home/vivy/gbl_root_canoe/edk2/MdePkg -I/home/vivy/gbl_root_canoe/edk2/MdePkg/Include -I/home/vivy/gbl_root_canoe/edk2/MdePkg/Include/AArch64 /home/vivy/gbl_root_canoe/edk2/MdePkg/Library/UefiDevicePathLib/DevicePathToText.c
DevicePathToText.s:4:2: warning: inconsistent use of MD5 checksums
        .file   1 "/home/vivy/gbl_root_canoe/edk2" "MdePkg/Library/UefiDevicePathLib/DevicePathToText.c"
        ^
"/usr/bin/clang"  -g -fshort-wchar -fno-strict-aliasing -Wall -Werror -Wno-array-bounds -c -include AutoGen.h -mlittle-endian -fno-short-enums -save-temps -fverbose-asm -fsigned-char -ffunction-sections -fdata-sections -fomit-frame-pointer -fno-builtin -Wno-address -fno-asynchronous-unwind-tables -target aarch64-linux-gnu -mcmodel=small -mstrict-align -Wno-parentheses-equality -Wno-tautological-compare -Wno-tautological-constant-out-of-range-compare -Wno-empty-body -D=__FORTIFY_SOURCE -D_FORTIFY_SOURCE=2 -O2 -Wno-shift-negative-value -fstack-protector-all -Wno-varargs -fno-common -Wno-misleading-indentation -Wno-unknown-warning-option  -mtune=cortex-a53 -Oz -DZ_SOLO -DPRODUCT_NAME=\"canoe\" -DENABLE_UPDATE_PARTITIONS_CMDS -DENABLE_BOOT_CMD -DENABLE_DEVICE_CRITICAL_LOCK_UNLOCK_CMDS -DAUTO_PATCH_ABL -DDISABLE_PATCH_2 -DDISABLE_PATCH_3 -DDISABLE_PATCH_4 -DDISABLE_PATCH_5 -DDISABLE_PATCH_6 -DDISABLE_PATCH_7 -DDISABLE_PATCH_8 -DDISABLE_PATCH_9 -DINIT_BIN='"/init"' -DVERIFIED_BOOT_ENABLED -DBASE_ADDRESS=0x80000000 -DREMOVE_CARVEOUT_REGION -DQSPA_BOOTCONFIG_ENABLE -o /home/vivy/gbl_root_canoe/edk2/Build/RELEASE_CLANG35/AARCH64/MdePkg/Library/UefiDevicePathLib/UefiDevicePathLib/OUTPUT/./DevicePathUtilities.obj -I/home/vivy/gbl_root_canoe/edk2/MdePkg/Library/UefiDevicePathLib -I/home/vivy/gbl_root_canoe/edk2/Build/RELEASE_CLANG35/AARCH64/MdePkg/Library/UefiDevicePathLib/UefiDevicePathLib/DEBUG -I/home/vivy/gbl_root_canoe/edk2/MdePkg -I/home/vivy/gbl_root_canoe/edk2/MdePkg/Include -I/home/vivy/gbl_root_canoe/edk2/MdePkg/Include/AArch64 /home/vivy/gbl_root_canoe/edk2/MdePkg/Library/UefiDevicePathLib/DevicePathUtilities.c
DevicePathUtilities.s:4:2: warning: inconsistent use of MD5 checksums
        .file   1 "/home/vivy/gbl_root_canoe/edk2" "MdePkg/Include/AArch64/ProcessorBind.h"
        ^
"/usr/bin/clang"  -g -fshort-wchar -fno-strict-aliasing -Wall -Werror -Wno-array-bounds -c -include AutoGen.h -mlittle-endian -fno-short-enums -save-temps -fverbose-asm -fsigned-char -ffunction-sections -fdata-sections -fomit-frame-pointer -fno-builtin -Wno-address -fno-asynchronous-unwind-tables -target aarch64-linux-gnu -mcmodel=small -mstrict-align -Wno-parentheses-equality -Wno-tautological-compare -Wno-tautological-constant-out-of-range-compare -Wno-empty-body -D=__FORTIFY_SOURCE -D_FORTIFY_SOURCE=2 -O2 -Wno-shift-negative-value -fstack-protector-all -Wno-varargs -fno-common -Wno-misleading-indentation -Wno-unknown-warning-option  -mtune=cortex-a53 -Oz -DZ_SOLO -DPRODUCT_NAME=\"canoe\" -DENABLE_UPDATE_PARTITIONS_CMDS -DENABLE_BOOT_CMD -DENABLE_DEVICE_CRITICAL_LOCK_UNLOCK_CMDS -DAUTO_PATCH_ABL -DDISABLE_PATCH_2 -DDISABLE_PATCH_3 -DDISABLE_PATCH_4 -DDISABLE_PATCH_5 -DDISABLE_PATCH_6 -DDISABLE_PATCH_7 -DDISABLE_PATCH_8 -DDISABLE_PATCH_9 -DINIT_BIN='"/init"' -DVERIFIED_BOOT_ENABLED -DBASE_ADDRESS=0x80000000 -DREMOVE_CARVEOUT_REGION -DQSPA_BOOTCONFIG_ENABLE -o /home/vivy/gbl_root_canoe/edk2/Build/RELEASE_CLANG35/AARCH64/MdePkg/Library/UefiDevicePathLib/UefiDevicePathLib/OUTPUT/./UefiDevicePathLib.obj -I/home/vivy/gbl_root_canoe/edk2/MdePkg/Library/UefiDevicePathLib -I/home/vivy/gbl_root_canoe/edk2/Build/RELEASE_CLANG35/AARCH64/MdePkg/Library/UefiDevicePathLib/UefiDevicePathLib/DEBUG -I/home/vivy/gbl_root_canoe/edk2/MdePkg -I/home/vivy/gbl_root_canoe/edk2/MdePkg/Include -I/home/vivy/gbl_root_canoe/edk2/MdePkg/Include/AArch64 /home/vivy/gbl_root_canoe/edk2/MdePkg/Library/UefiDevicePathLib/UefiDevicePathLib.c
UefiDevicePathLib.s:10:2: warning: inconsistent use of MD5 checksums
        .file   1 "/home/vivy/gbl_root_canoe/edk2" "MdePkg/Library/UefiDevicePathLib/UefiDevicePathLib.c"
        ^
rm -f /home/vivy/gbl_root_canoe/edk2/Build/RELEASE_CLANG35/AARCH64/MdePkg/Library/UefiDevicePathLib/UefiDevicePathLib/OUTPUT/UefiDevicePathLib.lib
"/usr/bin/llvm-ar" -cr /home/vivy/gbl_root_canoe/edk2/Build/RELEASE_CLANG35/AARCH64/MdePkg/Library/UefiDevicePathLib/UefiDevicePathLib/OUTPUT/UefiDevicePathLib.lib  @/home/vivy/gbl_root_canoe/edk2/Build/RELEASE_CLANG35/AARCH64/MdePkg/Library/UefiDevicePathLib/UefiDevicePathLib/OUTPUT/object_files.lst
make[2]: Leaving directory '/home/vivy/gbl_root_canoe/edk2/Build/RELEASE_CLANG35/AARCH64/MdePkg/Library/UefiDevicePathLib/UefiDevicePathLib'
Building ... /home/vivy/gbl_root_canoe/edk2/MdePkg/Library/BaseDebugPrintErrorLevelLib/BaseDebugPrintErrorLevelLib.inf [AARCH64]
make[2]: Entering directory '/home/vivy/gbl_root_canoe/edk2/Build/RELEASE_CLANG35/AARCH64/MdePkg/Library/BaseDebugPrintErrorLevelLib/BaseDebugPrintErrorLevelLib'
"/usr/bin/clang" -g -fshort-wchar -fno-strict-aliasing -Wall -Werror -Wno-array-bounds -c -include AutoGen.h -mlittle-endian -fno-short-enums -save-temps -fverbose-asm -fsigned-char -ffunction-sections -fdata-sections -fomit-frame-pointer -fno-builtin -Wno-address -fno-asynchronous-unwind-tables -target aarch64-linux-gnu -mcmodel=small -mstrict-align -Wno-parentheses-equality -Wno-tautological-compare -Wno-tautological-constant-out-of-range-compare -Wno-empty-body -D=__FORTIFY_SOURCE -D_FORTIFY_SOURCE=2 -O2 -Wno-shift-negative-value -fstack-protector-all -Wno-varargs -fno-common -Wno-misleading-indentation -Wno-unknown-warning-option  -mtune=cortex-a53 -Oz -DZ_SOLO -DPRODUCT_NAME=\"canoe\" -DENABLE_UPDATE_PARTITIONS_CMDS -DENABLE_BOOT_CMD -DENABLE_DEVICE_CRITICAL_LOCK_UNLOCK_CMDS -DAUTO_PATCH_ABL -DDISABLE_PATCH_2 -DDISABLE_PATCH_3 -DDISABLE_PATCH_4 -DDISABLE_PATCH_5 -DDISABLE_PATCH_6 -DDISABLE_PATCH_7 -DDISABLE_PATCH_8 -DDISABLE_PATCH_9 -DINIT_BIN='"/init"' -DVERIFIED_BOOT_ENABLED -DBASE_ADDRESS=0x80000000 -DREMOVE_CARVEOUT_REGION -DQSPA_BOOTCONFIG_ENABLE  -c -o /home/vivy/gbl_root_canoe/edk2/Build/RELEASE_CLANG35/AARCH64/MdePkg/Library/BaseDebugPrintErrorLevelLib/BaseDebugPrintErrorLevelLib/OUTPUT/./BaseDebugPrintErrorLevelLib.obj @/home/vivy/gbl_root_canoe/edk2/Build/RELEASE_CLANG35/AARCH64/MdePkg/Library/BaseDebugPrintErrorLevelLib/BaseDebugPrintErrorLevelLib/OUTPUT/inc.lst /home/vivy/gbl_root_canoe/edk2/MdePkg/Library/BaseDebugPrintErrorLevelLib/BaseDebugPrintErrorLevelLib.c
BaseDebugPrintErrorLevelLib.s:4:2: warning: inconsistent use of MD5 checksums
        .file   1 "/home/vivy/gbl_root_canoe/edk2" "MdePkg/Include/AArch64/ProcessorBind.h"
        ^
rm -f /home/vivy/gbl_root_canoe/edk2/Build/RELEASE_CLANG35/AARCH64/MdePkg/Library/BaseDebugPrintErrorLevelLib/BaseDebugPrintErrorLevelLib/OUTPUT/BaseDebugPrintErrorLevelLib.lib
"/usr/bin/llvm-ar" -cr /home/vivy/gbl_root_canoe/edk2/Build/RELEASE_CLANG35/AARCH64/MdePkg/Library/BaseDebugPrintErrorLevelLib/BaseDebugPrintErrorLevelLib/OUTPUT/BaseDebugPrintErrorLevelLib.lib  @/home/vivy/gbl_root_canoe/edk2/Build/RELEASE_CLANG35/AARCH64/MdePkg/Library/BaseDebugPrintErrorLevelLib/BaseDebugPrintErrorLevelLib/OUTPUT/object_files.lst
make[2]: Leaving directory '/home/vivy/gbl_root_canoe/edk2/Build/RELEASE_CLANG35/AARCH64/MdePkg/Library/BaseDebugPrintErrorLevelLib/BaseDebugPrintErrorLevelLib'
Building ... /home/vivy/gbl_root_canoe/edk2/MdePkg/Library/UefiMemoryAllocationLib/UefiMemoryAllocationLib.inf [AARCH64]
make[2]: Entering directory '/home/vivy/gbl_root_canoe/edk2/Build/RELEASE_CLANG35/AARCH64/MdePkg/Library/UefiMemoryAllocationLib/UefiMemoryAllocationLib'
"/usr/bin/clang"  -g -fshort-wchar -fno-strict-aliasing -Wall -Werror -Wno-array-bounds -c -include AutoGen.h -mlittle-endian -fno-short-enums -save-temps -fverbose-asm -fsigned-char -ffunction-sections -fdata-sections -fomit-frame-pointer -fno-builtin -Wno-address -fno-asynchronous-unwind-tables -target aarch64-linux-gnu -mcmodel=small -mstrict-align -Wno-parentheses-equality -Wno-tautological-compare -Wno-tautological-constant-out-of-range-compare -Wno-empty-body -D=__FORTIFY_SOURCE -D_FORTIFY_SOURCE=2 -O2 -Wno-shift-negative-value -fstack-protector-all -Wno-varargs -fno-common -Wno-misleading-indentation -Wno-unknown-warning-option  -mtune=cortex-a53 -Oz -DZ_SOLO -DPRODUCT_NAME=\"canoe\" -DENABLE_UPDATE_PARTITIONS_CMDS -DENABLE_BOOT_CMD -DENABLE_DEVICE_CRITICAL_LOCK_UNLOCK_CMDS -DAUTO_PATCH_ABL -DDISABLE_PATCH_2 -DDISABLE_PATCH_3 -DDISABLE_PATCH_4 -DDISABLE_PATCH_5 -DDISABLE_PATCH_6 -DDISABLE_PATCH_7 -DDISABLE_PATCH_8 -DDISABLE_PATCH_9 -DINIT_BIN='"/init"' -DVERIFIED_BOOT_ENABLED -DBASE_ADDRESS=0x80000000 -DREMOVE_CARVEOUT_REGION -DQSPA_BOOTCONFIG_ENABLE -o /home/vivy/gbl_root_canoe/edk2/Build/RELEASE_CLANG35/AARCH64/MdePkg/Library/UefiMemoryAllocationLib/UefiMemoryAllocationLib/OUTPUT/./MemoryAllocationLib.obj -I/home/vivy/gbl_root_canoe/edk2/MdePkg/Library/UefiMemoryAllocationLib -I/home/vivy/gbl_root_canoe/edk2/Build/RELEASE_CLANG35/AARCH64/MdePkg/Library/UefiMemoryAllocationLib/UefiMemoryAllocationLib/DEBUG -I/home/vivy/gbl_root_canoe/edk2/MdePkg -I/home/vivy/gbl_root_canoe/edk2/MdePkg/Include -I/home/vivy/gbl_root_canoe/edk2/MdePkg/Include/AArch64 /home/vivy/gbl_root_canoe/edk2/MdePkg/Library/UefiMemoryAllocationLib/MemoryAllocationLib.c
MemoryAllocationLib.s:4:2: warning: inconsistent use of MD5 checksums
        .file   1 "/home/vivy/gbl_root_canoe/edk2" "MdePkg/Library/UefiMemoryAllocationLib/MemoryAllocationLib.c"
        ^
rm -f /home/vivy/gbl_root_canoe/edk2/Build/RELEASE_CLANG35/AARCH64/MdePkg/Library/UefiMemoryAllocationLib/UefiMemoryAllocationLib/OUTPUT/UefiMemoryAllocationLib.lib
"/usr/bin/llvm-ar" -cr /home/vivy/gbl_root_canoe/edk2/Build/RELEASE_CLANG35/AARCH64/MdePkg/Library/UefiMemoryAllocationLib/UefiMemoryAllocationLib/OUTPUT/UefiMemoryAllocationLib.lib  @/home/vivy/gbl_root_canoe/edk2/Build/RELEASE_CLANG35/AARCH64/MdePkg/Library/UefiMemoryAllocationLib/UefiMemoryAllocationLib/OUTPUT/object_files.lst
make[2]: Leaving directory '/home/vivy/gbl_root_canoe/edk2/Build/RELEASE_CLANG35/AARCH64/MdePkg/Library/UefiMemoryAllocationLib/UefiMemoryAllocationLib'
Building ... /home/vivy/gbl_root_canoe/edk2/MdePkg/Library/BaseMemoryLibOptDxe/BaseMemoryLibOptDxe.inf [AARCH64]
make[2]: Entering directory '/home/vivy/gbl_root_canoe/edk2/Build/RELEASE_CLANG35/AARCH64/MdePkg/Library/BaseMemoryLibOptDxe/BaseMemoryLibOptDxe'
Trim --asm-file -o /home/vivy/gbl_root_canoe/edk2/Build/RELEASE_CLANG35/AARCH64/MdePkg/Library/BaseMemoryLibOptDxe/BaseMemoryLibOptDxe/OUTPUT/AArch64/CompareGuid.i -i /home/vivy/gbl_root_canoe/edk2/Build/RELEASE_CLANG35/AARCH64/MdePkg/Library/BaseMemoryLibOptDxe/BaseMemoryLibOptDxe/OUTPUT/inc.lst /home/vivy/gbl_root_canoe/edk2/MdePkg/Library/BaseMemoryLibOptDxe/AArch64/CompareGuid.S
/home/vivy/gbl_root_canoe/edk2/BaseTools/BinWrappers/PosixLike/../../Source/Python/Trim/Trim.py:31: SyntaxWarning: invalid escape sequence '\s'
  gLineControlDirective = re.compile('^\s*#(?:line)?\s+([0-9]+)\s+"*([^"]*)"')
/home/vivy/gbl_root_canoe/edk2/BaseTools/BinWrappers/PosixLike/../../Source/Python/Trim/Trim.py:33: SyntaxWarning: invalid escape sequence '\s'
  gTypedefPattern = re.compile("^\s*typedef\s+struct(\s+\w+)?\s*[{]*$", re.MULTILINE)
/home/vivy/gbl_root_canoe/edk2/BaseTools/BinWrappers/PosixLike/../../Source/Python/Trim/Trim.py:35: SyntaxWarning: invalid escape sequence '\s'
  gPragmaPattern = re.compile("^\s*#pragma\s+pack", re.MULTILINE)
/home/vivy/gbl_root_canoe/edk2/BaseTools/BinWrappers/PosixLike/../../Source/Python/Trim/Trim.py:37: SyntaxWarning: invalid escape sequence '\s'
  gTypedef_SinglePattern = re.compile("^\s*typedef", re.MULTILINE)
/home/vivy/gbl_root_canoe/edk2/BaseTools/BinWrappers/PosixLike/../../Source/Python/Trim/Trim.py:39: SyntaxWarning: invalid escape sequence '\s'
  gTypedef_MulPattern = re.compile("^\s*(typedef)?\s+(struct|union)(\s+\w+)?\s*[{]*$", re.MULTILINE)
/home/vivy/gbl_root_canoe/edk2/BaseTools/BinWrappers/PosixLike/../../Source/Python/Trim/Trim.py:54: SyntaxWarning: invalid escape sequence '\s'
  gAslIncludePattern = re.compile("^(\s*)[iI]nclude\s*\(\"?([^\"\(\)]+)\"\)", re.MULTILINE)
"/usr/bin/clang"  -E -x assembler-with-cpp -include /home/vivy/gbl_root_canoe/edk2/Build/RELEASE_CLANG35/AARCH64/MdePkg/Library/BaseMemoryLibOptDxe/BaseMemoryLibOptDxe/DEBUG/AutoGen.h -Wno-shift-negative-value -fstack-protector-all -Wno-varargs -fno-common -Wno-misleading-indentation -Wno-unknown-warning-option  -I/home/vivy/gbl_root_canoe/edk2/MdePkg/Library/BaseMemoryLibOptDxe/Arm -I/home/vivy/gbl_root_canoe/edk2/MdePkg/Library/BaseMemoryLibOptDxe/AArch64 -I/home/vivy/gbl_root_canoe/edk2/MdePkg/Library/BaseMemoryLibOptDxe -I/home/vivy/gbl_root_canoe/edk2/Build/RELEASE_CLANG35/AARCH64/MdePkg/Library/BaseMemoryLibOptDxe/BaseMemoryLibOptDxe/DEBUG -I/home/vivy/gbl_root_canoe/edk2/MdePkg -I/home/vivy/gbl_root_canoe/edk2/MdePkg/Include -I/home/vivy/gbl_root_canoe/edk2/MdePkg/Include/AArch64 /home/vivy/gbl_root_canoe/edk2/MdePkg/Library/BaseMemoryLibOptDxe/AArch64/CompareGuid.S > /home/vivy/gbl_root_canoe/edk2/Build/RELEASE_CLANG35/AARCH64/MdePkg/Library/BaseMemoryLibOptDxe/BaseMemoryLibOptDxe/OUTPUT/AArch64/CompareGuid.ii
Trim --trim-long --source-code -o /home/vivy/gbl_root_canoe/edk2/Build/RELEASE_CLANG35/AARCH64/MdePkg/Library/BaseMemoryLibOptDxe/BaseMemoryLibOptDxe/OUTPUT/AArch64/CompareGuid.iiii /home/vivy/gbl_root_canoe/edk2/Build/RELEASE_CLANG35/AARCH64/MdePkg/Library/BaseMemoryLibOptDxe/BaseMemoryLibOptDxe/OUTPUT/AArch64/CompareGuid.ii
/home/vivy/gbl_root_canoe/edk2/BaseTools/BinWrappers/PosixLike/../../Source/Python/Trim/Trim.py:31: SyntaxWarning: invalid escape sequence '\s'
  gLineControlDirective = re.compile('^\s*#(?:line)?\s+([0-9]+)\s+"*([^"]*)"')
/home/vivy/gbl_root_canoe/edk2/BaseTools/BinWrappers/PosixLike/../../Source/Python/Trim/Trim.py:33: SyntaxWarning: invalid escape sequence '\s'
  gTypedefPattern = re.compile("^\s*typedef\s+struct(\s+\w+)?\s*[{]*$", re.MULTILINE)
/home/vivy/gbl_root_canoe/edk2/BaseTools/BinWrappers/PosixLike/../../Source/Python/Trim/Trim.py:35: SyntaxWarning: invalid escape sequence '\s'
  gPragmaPattern = re.compile("^\s*#pragma\s+pack", re.MULTILINE)
/home/vivy/gbl_root_canoe/edk2/BaseTools/BinWrappers/PosixLike/../../Source/Python/Trim/Trim.py:37: SyntaxWarning: invalid escape sequence '\s'
  gTypedef_SinglePattern = re.compile("^\s*typedef", re.MULTILINE)
/home/vivy/gbl_root_canoe/edk2/BaseTools/BinWrappers/PosixLike/../../Source/Python/Trim/Trim.py:39: SyntaxWarning: invalid escape sequence '\s'
  gTypedef_MulPattern = re.compile("^\s*(typedef)?\s+(struct|union)(\s+\w+)?\s*[{]*$", re.MULTILINE)
/home/vivy/gbl_root_canoe/edk2/BaseTools/BinWrappers/PosixLike/../../Source/Python/Trim/Trim.py:54: SyntaxWarning: invalid escape sequence '\s'
  gAslIncludePattern = re.compile("^(\s*)[iI]nclude\s*\(\"?([^\"\(\)]+)\"\)", re.MULTILINE)
"/usr/bin/clang" -c -x assembler -imacros /home/vivy/gbl_root_canoe/edk2/Build/RELEASE_CLANG35/AARCH64/MdePkg/Library/BaseMemoryLibOptDxe/BaseMemoryLibOptDxe/DEBUG/AutoGen.h -target aarch64-linux-gnu   -o /home/vivy/gbl_root_canoe/edk2/Build/RELEASE_CLANG35/AARCH64/MdePkg/Library/BaseMemoryLibOptDxe/BaseMemoryLibOptDxe/OUTPUT/AArch64/CompareGuid.obj -I/home/vivy/gbl_root_canoe/edk2/MdePkg/Library/BaseMemoryLibOptDxe/Arm -I/home/vivy/gbl_root_canoe/edk2/MdePkg/Library/BaseMemoryLibOptDxe/AArch64 -I/home/vivy/gbl_root_canoe/edk2/MdePkg/Library/BaseMemoryLibOptDxe -I/home/vivy/gbl_root_canoe/edk2/Build/RELEASE_CLANG35/AARCH64/MdePkg/Library/BaseMemoryLibOptDxe/BaseMemoryLibOptDxe/DEBUG -I/home/vivy/gbl_root_canoe/edk2/MdePkg -I/home/vivy/gbl_root_canoe/edk2/MdePkg/Include -I/home/vivy/gbl_root_canoe/edk2/MdePkg/Include/AArch64 /home/vivy/gbl_root_canoe/edk2/Build/RELEASE_CLANG35/AARCH64/MdePkg/Library/BaseMemoryLibOptDxe/BaseMemoryLibOptDxe/OUTPUT/AArch64/CompareGuid.iiii
clang: warning: argument unused during compilation: '-imacros /home/vivy/gbl_root_canoe/edk2/Build/RELEASE_CLANG35/AARCH64/MdePkg/Library/BaseMemoryLibOptDxe/BaseMemoryLibOptDxe/DEBUG/AutoGen.h' [-Wunused-command-line-argument]
Trim --asm-file -o /home/vivy/gbl_root_canoe/edk2/Build/RELEASE_CLANG35/AARCH64/MdePkg/Library/BaseMemoryLibOptDxe/BaseMemoryLibOptDxe/OUTPUT/AArch64/CompareMem.i -i /home/vivy/gbl_root_canoe/edk2/Build/RELEASE_CLANG35/AARCH64/MdePkg/Library/BaseMemoryLibOptDxe/BaseMemoryLibOptDxe/OUTPUT/inc.lst /home/vivy/gbl_root_canoe/edk2/MdePkg/Library/BaseMemoryLibOptDxe/AArch64/CompareMem.S
/home/vivy/gbl_root_canoe/edk2/BaseTools/BinWrappers/PosixLike/../../Source/Python/Trim/Trim.py:31: SyntaxWarning: invalid escape sequence '\s'
  gLineControlDirective = re.compile('^\s*#(?:line)?\s+([0-9]+)\s+"*([^"]*)"')
/home/vivy/gbl_root_canoe/edk2/BaseTools/BinWrappers/PosixLike/../../Source/Python/Trim/Trim.py:33: SyntaxWarning: invalid escape sequence '\s'
  gTypedefPattern = re.compile("^\s*typedef\s+struct(\s+\w+)?\s*[{]*$", re.MULTILINE)
/home/vivy/gbl_root_canoe/edk2/BaseTools/BinWrappers/PosixLike/../../Source/Python/Trim/Trim.py:35: SyntaxWarning: invalid escape sequence '\s'
  gPragmaPattern = re.compile("^\s*#pragma\s+pack", re.MULTILINE)
/home/vivy/gbl_root_canoe/edk2/BaseTools/BinWrappers/PosixLike/../../Source/Python/Trim/Trim.py:37: SyntaxWarning: invalid escape sequence '\s'
  gTypedef_SinglePattern = re.compile("^\s*typedef", re.MULTILINE)
/home/vivy/gbl_root_canoe/edk2/BaseTools/BinWrappers/PosixLike/../../Source/Python/Trim/Trim.py:39: SyntaxWarning: invalid escape sequence '\s'
  gTypedef_MulPattern = re.compile("^\s*(typedef)?\s+(struct|union)(\s+\w+)?\s*[{]*$", re.MULTILINE)
/home/vivy/gbl_root_canoe/edk2/BaseTools/BinWrappers/PosixLike/../../Source/Python/Trim/Trim.py:54: SyntaxWarning: invalid escape sequence '\s'
  gAslIncludePattern = re.compile("^(\s*)[iI]nclude\s*\(\"?([^\"\(\)]+)\"\)", re.MULTILINE)
"/usr/bin/clang"  -E -x assembler-with-cpp -include /home/vivy/gbl_root_canoe/edk2/Build/RELEASE_CLANG35/AARCH64/MdePkg/Library/BaseMemoryLibOptDxe/BaseMemoryLibOptDxe/DEBUG/AutoGen.h -Wno-shift-negative-value -fstack-protector-all -Wno-varargs -fno-common -Wno-misleading-indentation -Wno-unknown-warning-option  -I/home/vivy/gbl_root_canoe/edk2/MdePkg/Library/BaseMemoryLibOptDxe/Arm -I/home/vivy/gbl_root_canoe/edk2/MdePkg/Library/BaseMemoryLibOptDxe/AArch64 -I/home/vivy/gbl_root_canoe/edk2/MdePkg/Library/BaseMemoryLibOptDxe -I/home/vivy/gbl_root_canoe/edk2/Build/RELEASE_CLANG35/AARCH64/MdePkg/Library/BaseMemoryLibOptDxe/BaseMemoryLibOptDxe/DEBUG -I/home/vivy/gbl_root_canoe/edk2/MdePkg -I/home/vivy/gbl_root_canoe/edk2/MdePkg/Include -I/home/vivy/gbl_root_canoe/edk2/MdePkg/Include/AArch64 /home/vivy/gbl_root_canoe/edk2/MdePkg/Library/BaseMemoryLibOptDxe/AArch64/CompareMem.S > /home/vivy/gbl_root_canoe/edk2/Build/RELEASE_CLANG35/AARCH64/MdePkg/Library/BaseMemoryLibOptDxe/BaseMemoryLibOptDxe/OUTPUT/AArch64/CompareMem.ii
Trim --trim-long --source-code -o /home/vivy/gbl_root_canoe/edk2/Build/RELEASE_CLANG35/AARCH64/MdePkg/Library/BaseMemoryLibOptDxe/BaseMemoryLibOptDxe/OUTPUT/AArch64/CompareMem.iiii /home/vivy/gbl_root_canoe/edk2/Build/RELEASE_CLANG35/AARCH64/MdePkg/Library/BaseMemoryLibOptDxe/BaseMemoryLibOptDxe/OUTPUT/AArch64/CompareMem.ii
/home/vivy/gbl_root_canoe/edk2/BaseTools/BinWrappers/PosixLike/../../Source/Python/Trim/Trim.py:31: SyntaxWarning: invalid escape sequence '\s'
  gLineControlDirective = re.compile('^\s*#(?:line)?\s+([0-9]+)\s+"*([^"]*)"')
/home/vivy/gbl_root_canoe/edk2/BaseTools/BinWrappers/PosixLike/../../Source/Python/Trim/Trim.py:33: SyntaxWarning: invalid escape sequence '\s'
  gTypedefPattern = re.compile("^\s*typedef\s+struct(\s+\w+)?\s*[{]*$", re.MULTILINE)
/home/vivy/gbl_root_canoe/edk2/BaseTools/BinWrappers/PosixLike/../../Source/Python/Trim/Trim.py:35: SyntaxWarning: invalid escape sequence '\s'
  gPragmaPattern = re.compile("^\s*#pragma\s+pack", re.MULTILINE)
/home/vivy/gbl_root_canoe/edk2/BaseTools/BinWrappers/PosixLike/../../Source/Python/Trim/Trim.py:37: SyntaxWarning: invalid escape sequence '\s'
  gTypedef_SinglePattern = re.compile("^\s*typedef", re.MULTILINE)
/home/vivy/gbl_root_canoe/edk2/BaseTools/BinWrappers/PosixLike/../../Source/Python/Trim/Trim.py:39: SyntaxWarning: invalid escape sequence '\s'
  gTypedef_MulPattern = re.compile("^\s*(typedef)?\s+(struct|union)(\s+\w+)?\s*[{]*$", re.MULTILINE)
/home/vivy/gbl_root_canoe/edk2/BaseTools/BinWrappers/PosixLike/../../Source/Python/Trim/Trim.py:54: SyntaxWarning: invalid escape sequence '\s'
  gAslIncludePattern = re.compile("^(\s*)[iI]nclude\s*\(\"?([^\"\(\)]+)\"\)", re.MULTILINE)
"/usr/bin/clang" -c -x assembler -imacros /home/vivy/gbl_root_canoe/edk2/Build/RELEASE_CLANG35/AARCH64/MdePkg/Library/BaseMemoryLibOptDxe/BaseMemoryLibOptDxe/DEBUG/AutoGen.h -target aarch64-linux-gnu   -o /home/vivy/gbl_root_canoe/edk2/Build/RELEASE_CLANG35/AARCH64/MdePkg/Library/BaseMemoryLibOptDxe/BaseMemoryLibOptDxe/OUTPUT/AArch64/CompareMem.obj -I/home/vivy/gbl_root_canoe/edk2/MdePkg/Library/BaseMemoryLibOptDxe/Arm -I/home/vivy/gbl_root_canoe/edk2/MdePkg/Library/BaseMemoryLibOptDxe/AArch64 -I/home/vivy/gbl_root_canoe/edk2/MdePkg/Library/BaseMemoryLibOptDxe -I/home/vivy/gbl_root_canoe/edk2/Build/RELEASE_CLANG35/AARCH64/MdePkg/Library/BaseMemoryLibOptDxe/BaseMemoryLibOptDxe/DEBUG -I/home/vivy/gbl_root_canoe/edk2/MdePkg -I/home/vivy/gbl_root_canoe/edk2/MdePkg/Include -I/home/vivy/gbl_root_canoe/edk2/MdePkg/Include/AArch64 /home/vivy/gbl_root_canoe/edk2/Build/RELEASE_CLANG35/AARCH64/MdePkg/Library/BaseMemoryLibOptDxe/BaseMemoryLibOptDxe/OUTPUT/AArch64/CompareMem.iiii
clang: warning: argument unused during compilation: '-imacros /home/vivy/gbl_root_canoe/edk2/Build/RELEASE_CLANG35/AARCH64/MdePkg/Library/BaseMemoryLibOptDxe/BaseMemoryLibOptDxe/DEBUG/AutoGen.h' [-Wunused-command-line-argument]
Trim --asm-file -o /home/vivy/gbl_root_canoe/edk2/Build/RELEASE_CLANG35/AARCH64/MdePkg/Library/BaseMemoryLibOptDxe/BaseMemoryLibOptDxe/OUTPUT/AArch64/CopyMem.i -i /home/vivy/gbl_root_canoe/edk2/Build/RELEASE_CLANG35/AARCH64/MdePkg/Library/BaseMemoryLibOptDxe/BaseMemoryLibOptDxe/OUTPUT/inc.lst /home/vivy/gbl_root_canoe/edk2/MdePkg/Library/BaseMemoryLibOptDxe/AArch64/CopyMem.S
/home/vivy/gbl_root_canoe/edk2/BaseTools/BinWrappers/PosixLike/../../Source/Python/Trim/Trim.py:31: SyntaxWarning: invalid escape sequence '\s'
  gLineControlDirective = re.compile('^\s*#(?:line)?\s+([0-9]+)\s+"*([^"]*)"')
/home/vivy/gbl_root_canoe/edk2/BaseTools/BinWrappers/PosixLike/../../Source/Python/Trim/Trim.py:33: SyntaxWarning: invalid escape sequence '\s'
  gTypedefPattern = re.compile("^\s*typedef\s+struct(\s+\w+)?\s*[{]*$", re.MULTILINE)
/home/vivy/gbl_root_canoe/edk2/BaseTools/BinWrappers/PosixLike/../../Source/Python/Trim/Trim.py:35: SyntaxWarning: invalid escape sequence '\s'
  gPragmaPattern = re.compile("^\s*#pragma\s+pack", re.MULTILINE)
/home/vivy/gbl_root_canoe/edk2/BaseTools/BinWrappers/PosixLike/../../Source/Python/Trim/Trim.py:37: SyntaxWarning: invalid escape sequence '\s'
  gTypedef_SinglePattern = re.compile("^\s*typedef", re.MULTILINE)
/home/vivy/gbl_root_canoe/edk2/BaseTools/BinWrappers/PosixLike/../../Source/Python/Trim/Trim.py:39: SyntaxWarning: invalid escape sequence '\s'
  gTypedef_MulPattern = re.compile("^\s*(typedef)?\s+(struct|union)(\s+\w+)?\s*[{]*$", re.MULTILINE)
/home/vivy/gbl_root_canoe/edk2/BaseTools/BinWrappers/PosixLike/../../Source/Python/Trim/Trim.py:54: SyntaxWarning: invalid escape sequence '\s'
  gAslIncludePattern = re.compile("^(\s*)[iI]nclude\s*\(\"?([^\"\(\)]+)\"\)", re.MULTILINE)
"/usr/bin/clang"  -E -x assembler-with-cpp -include /home/vivy/gbl_root_canoe/edk2/Build/RELEASE_CLANG35/AARCH64/MdePkg/Library/BaseMemoryLibOptDxe/BaseMemoryLibOptDxe/DEBUG/AutoGen.h -Wno-shift-negative-value -fstack-protector-all -Wno-varargs -fno-common -Wno-misleading-indentation -Wno-unknown-warning-option  -I/home/vivy/gbl_root_canoe/edk2/MdePkg/Library/BaseMemoryLibOptDxe/Arm -I/home/vivy/gbl_root_canoe/edk2/MdePkg/Library/BaseMemoryLibOptDxe/AArch64 -I/home/vivy/gbl_root_canoe/edk2/MdePkg/Library/BaseMemoryLibOptDxe -I/home/vivy/gbl_root_canoe/edk2/Build/RELEASE_CLANG35/AARCH64/MdePkg/Library/BaseMemoryLibOptDxe/BaseMemoryLibOptDxe/DEBUG -I/home/vivy/gbl_root_canoe/edk2/MdePkg -I/home/vivy/gbl_root_canoe/edk2/MdePkg/Include -I/home/vivy/gbl_root_canoe/edk2/MdePkg/Include/AArch64 /home/vivy/gbl_root_canoe/edk2/MdePkg/Library/BaseMemoryLibOptDxe/AArch64/CopyMem.S > /home/vivy/gbl_root_canoe/edk2/Build/RELEASE_CLANG35/AARCH64/MdePkg/Library/BaseMemoryLibOptDxe/BaseMemoryLibOptDxe/OUTPUT/AArch64/CopyMem.ii
Trim --trim-long --source-code -o /home/vivy/gbl_root_canoe/edk2/Build/RELEASE_CLANG35/AARCH64/MdePkg/Library/BaseMemoryLibOptDxe/BaseMemoryLibOptDxe/OUTPUT/AArch64/CopyMem.iiii /home/vivy/gbl_root_canoe/edk2/Build/RELEASE_CLANG35/AARCH64/MdePkg/Library/BaseMemoryLibOptDxe/BaseMemoryLibOptDxe/OUTPUT/AArch64/CopyMem.ii
/home/vivy/gbl_root_canoe/edk2/BaseTools/BinWrappers/PosixLike/../../Source/Python/Trim/Trim.py:31: SyntaxWarning: invalid escape sequence '\s'
  gLineControlDirective = re.compile('^\s*#(?:line)?\s+([0-9]+)\s+"*([^"]*)"')
/home/vivy/gbl_root_canoe/edk2/BaseTools/BinWrappers/PosixLike/../../Source/Python/Trim/Trim.py:33: SyntaxWarning: invalid escape sequence '\s'
  gTypedefPattern = re.compile("^\s*typedef\s+struct(\s+\w+)?\s*[{]*$", re.MULTILINE)
/home/vivy/gbl_root_canoe/edk2/BaseTools/BinWrappers/PosixLike/../../Source/Python/Trim/Trim.py:35: SyntaxWarning: invalid escape sequence '\s'
  gPragmaPattern = re.compile("^\s*#pragma\s+pack", re.MULTILINE)
/home/vivy/gbl_root_canoe/edk2/BaseTools/BinWrappers/PosixLike/../../Source/Python/Trim/Trim.py:37: SyntaxWarning: invalid escape sequence '\s'
  gTypedef_SinglePattern = re.compile("^\s*typedef", re.MULTILINE)
/home/vivy/gbl_root_canoe/edk2/BaseTools/BinWrappers/PosixLike/../../Source/Python/Trim/Trim.py:39: SyntaxWarning: invalid escape sequence '\s'
  gTypedef_MulPattern = re.compile("^\s*(typedef)?\s+(struct|union)(\s+\w+)?\s*[{]*$", re.MULTILINE)
/home/vivy/gbl_root_canoe/edk2/BaseTools/BinWrappers/PosixLike/../../Source/Python/Trim/Trim.py:54: SyntaxWarning: invalid escape sequence '\s'
  gAslIncludePattern = re.compile("^(\s*)[iI]nclude\s*\(\"?([^\"\(\)]+)\"\)", re.MULTILINE)
"/usr/bin/clang" -c -x assembler -imacros /home/vivy/gbl_root_canoe/edk2/Build/RELEASE_CLANG35/AARCH64/MdePkg/Library/BaseMemoryLibOptDxe/BaseMemoryLibOptDxe/DEBUG/AutoGen.h -target aarch64-linux-gnu   -o /home/vivy/gbl_root_canoe/edk2/Build/RELEASE_CLANG35/AARCH64/MdePkg/Library/BaseMemoryLibOptDxe/BaseMemoryLibOptDxe/OUTPUT/AArch64/CopyMem.obj -I/home/vivy/gbl_root_canoe/edk2/MdePkg/Library/BaseMemoryLibOptDxe/Arm -I/home/vivy/gbl_root_canoe/edk2/MdePkg/Library/BaseMemoryLibOptDxe/AArch64 -I/home/vivy/gbl_root_canoe/edk2/MdePkg/Library/BaseMemoryLibOptDxe -I/home/vivy/gbl_root_canoe/edk2/Build/RELEASE_CLANG35/AARCH64/MdePkg/Library/BaseMemoryLibOptDxe/BaseMemoryLibOptDxe/DEBUG -I/home/vivy/gbl_root_canoe/edk2/MdePkg -I/home/vivy/gbl_root_canoe/edk2/MdePkg/Include -I/home/vivy/gbl_root_canoe/edk2/MdePkg/Include/AArch64 /home/vivy/gbl_root_canoe/edk2/Build/RELEASE_CLANG35/AARCH64/MdePkg/Library/BaseMemoryLibOptDxe/BaseMemoryLibOptDxe/OUTPUT/AArch64/CopyMem.iiii
clang: warning: argument unused during compilation: '-imacros /home/vivy/gbl_root_canoe/edk2/Build/RELEASE_CLANG35/AARCH64/MdePkg/Library/BaseMemoryLibOptDxe/BaseMemoryLibOptDxe/DEBUG/AutoGen.h' [-Wunused-command-line-argument]
Trim --asm-file -o /home/vivy/gbl_root_canoe/edk2/Build/RELEASE_CLANG35/AARCH64/MdePkg/Library/BaseMemoryLibOptDxe/BaseMemoryLibOptDxe/OUTPUT/AArch64/ScanMem.i -i /home/vivy/gbl_root_canoe/edk2/Build/RELEASE_CLANG35/AARCH64/MdePkg/Library/BaseMemoryLibOptDxe/BaseMemoryLibOptDxe/OUTPUT/inc.lst /home/vivy/gbl_root_canoe/edk2/MdePkg/Library/BaseMemoryLibOptDxe/AArch64/ScanMem.S
/home/vivy/gbl_root_canoe/edk2/BaseTools/BinWrappers/PosixLike/../../Source/Python/Trim/Trim.py:31: SyntaxWarning: invalid escape sequence '\s'
  gLineControlDirective = re.compile('^\s*#(?:line)?\s+([0-9]+)\s+"*([^"]*)"')
/home/vivy/gbl_root_canoe/edk2/BaseTools/BinWrappers/PosixLike/../../Source/Python/Trim/Trim.py:33: SyntaxWarning: invalid escape sequence '\s'
  gTypedefPattern = re.compile("^\s*typedef\s+struct(\s+\w+)?\s*[{]*$", re.MULTILINE)
/home/vivy/gbl_root_canoe/edk2/BaseTools/BinWrappers/PosixLike/../../Source/Python/Trim/Trim.py:35: SyntaxWarning: invalid escape sequence '\s'
  gPragmaPattern = re.compile("^\s*#pragma\s+pack", re.MULTILINE)
/home/vivy/gbl_root_canoe/edk2/BaseTools/BinWrappers/PosixLike/../../Source/Python/Trim/Trim.py:37: SyntaxWarning: invalid escape sequence '\s'
  gTypedef_SinglePattern = re.compile("^\s*typedef", re.MULTILINE)
/home/vivy/gbl_root_canoe/edk2/BaseTools/BinWrappers/PosixLike/../../Source/Python/Trim/Trim.py:39: SyntaxWarning: invalid escape sequence '\s'
  gTypedef_MulPattern = re.compile("^\s*(typedef)?\s+(struct|union)(\s+\w+)?\s*[{]*$", re.MULTILINE)
/home/vivy/gbl_root_canoe/edk2/BaseTools/BinWrappers/PosixLike/../../Source/Python/Trim/Trim.py:54: SyntaxWarning: invalid escape sequence '\s'
  gAslIncludePattern = re.compile("^(\s*)[iI]nclude\s*\(\"?([^\"\(\)]+)\"\)", re.MULTILINE)
"/usr/bin/clang"  -E -x assembler-with-cpp -include /home/vivy/gbl_root_canoe/edk2/Build/RELEASE_CLANG35/AARCH64/MdePkg/Library/BaseMemoryLibOptDxe/BaseMemoryLibOptDxe/DEBUG/AutoGen.h -Wno-shift-negative-value -fstack-protector-all -Wno-varargs -fno-common -Wno-misleading-indentation -Wno-unknown-warning-option  -I/home/vivy/gbl_root_canoe/edk2/MdePkg/Library/BaseMemoryLibOptDxe/Arm -I/home/vivy/gbl_root_canoe/edk2/MdePkg/Library/BaseMemoryLibOptDxe/AArch64 -I/home/vivy/gbl_root_canoe/edk2/MdePkg/Library/BaseMemoryLibOptDxe -I/home/vivy/gbl_root_canoe/edk2/Build/RELEASE_CLANG35/AARCH64/MdePkg/Library/BaseMemoryLibOptDxe/BaseMemoryLibOptDxe/DEBUG -I/home/vivy/gbl_root_canoe/edk2/MdePkg -I/home/vivy/gbl_root_canoe/edk2/MdePkg/Include -I/home/vivy/gbl_root_canoe/edk2/MdePkg/Include/AArch64 /home/vivy/gbl_root_canoe/edk2/MdePkg/Library/BaseMemoryLibOptDxe/AArch64/ScanMem.S > /home/vivy/gbl_root_canoe/edk2/Build/RELEASE_CLANG35/AARCH64/MdePkg/Library/BaseMemoryLibOptDxe/BaseMemoryLibOptDxe/OUTPUT/AArch64/ScanMem.ii
Trim --trim-long --source-code -o /home/vivy/gbl_root_canoe/edk2/Build/RELEASE_CLANG35/AARCH64/MdePkg/Library/BaseMemoryLibOptDxe/BaseMemoryLibOptDxe/OUTPUT/AArch64/ScanMem.iiii /home/vivy/gbl_root_canoe/edk2/Build/RELEASE_CLANG35/AARCH64/MdePkg/Library/BaseMemoryLibOptDxe/BaseMemoryLibOptDxe/OUTPUT/AArch64/ScanMem.ii
/home/vivy/gbl_root_canoe/edk2/BaseTools/BinWrappers/PosixLike/../../Source/Python/Trim/Trim.py:31: SyntaxWarning: invalid escape sequence '\s'
  gLineControlDirective = re.compile('^\s*#(?:line)?\s+([0-9]+)\s+"*([^"]*)"')
/home/vivy/gbl_root_canoe/edk2/BaseTools/BinWrappers/PosixLike/../../Source/Python/Trim/Trim.py:33: SyntaxWarning: invalid escape sequence '\s'
  gTypedefPattern = re.compile("^\s*typedef\s+struct(\s+\w+)?\s*[{]*$", re.MULTILINE)
/home/vivy/gbl_root_canoe/edk2/BaseTools/BinWrappers/PosixLike/../../Source/Python/Trim/Trim.py:35: SyntaxWarning: invalid escape sequence '\s'
  gPragmaPattern = re.compile("^\s*#pragma\s+pack", re.MULTILINE)
/home/vivy/gbl_root_canoe/edk2/BaseTools/BinWrappers/PosixLike/../../Source/Python/Trim/Trim.py:37: SyntaxWarning: invalid escape sequence '\s'
  gTypedef_SinglePattern = re.compile("^\s*typedef", re.MULTILINE)
/home/vivy/gbl_root_canoe/edk2/BaseTools/BinWrappers/PosixLike/../../Source/Python/Trim/Trim.py:39: SyntaxWarning: invalid escape sequence '\s'
  gTypedef_MulPattern = re.compile("^\s*(typedef)?\s+(struct|union)(\s+\w+)?\s*[{]*$", re.MULTILINE)
/home/vivy/gbl_root_canoe/edk2/BaseTools/BinWrappers/PosixLike/../../Source/Python/Trim/Trim.py:54: SyntaxWarning: invalid escape sequence '\s'
  gAslIncludePattern = re.compile("^(\s*)[iI]nclude\s*\(\"?([^\"\(\)]+)\"\)", re.MULTILINE)
"/usr/bin/clang" -c -x assembler -imacros /home/vivy/gbl_root_canoe/edk2/Build/RELEASE_CLANG35/AARCH64/MdePkg/Library/BaseMemoryLibOptDxe/BaseMemoryLibOptDxe/DEBUG/AutoGen.h -target aarch64-linux-gnu   -o /home/vivy/gbl_root_canoe/edk2/Build/RELEASE_CLANG35/AARCH64/MdePkg/Library/BaseMemoryLibOptDxe/BaseMemoryLibOptDxe/OUTPUT/AArch64/ScanMem.obj -I/home/vivy/gbl_root_canoe/edk2/MdePkg/Library/BaseMemoryLibOptDxe/Arm -I/home/vivy/gbl_root_canoe/edk2/MdePkg/Library/BaseMemoryLibOptDxe/AArch64 -I/home/vivy/gbl_root_canoe/edk2/MdePkg/Library/BaseMemoryLibOptDxe -I/home/vivy/gbl_root_canoe/edk2/Build/RELEASE_CLANG35/AARCH64/MdePkg/Library/BaseMemoryLibOptDxe/BaseMemoryLibOptDxe/DEBUG -I/home/vivy/gbl_root_canoe/edk2/MdePkg -I/home/vivy/gbl_root_canoe/edk2/MdePkg/Include -I/home/vivy/gbl_root_canoe/edk2/MdePkg/Include/AArch64 /home/vivy/gbl_root_canoe/edk2/Build/RELEASE_CLANG35/AARCH64/MdePkg/Library/BaseMemoryLibOptDxe/BaseMemoryLibOptDxe/OUTPUT/AArch64/ScanMem.iiii
clang: warning: argument unused during compilation: '-imacros /home/vivy/gbl_root_canoe/edk2/Build/RELEASE_CLANG35/AARCH64/MdePkg/Library/BaseMemoryLibOptDxe/BaseMemoryLibOptDxe/DEBUG/AutoGen.h' [-Wunused-command-line-argument]
Trim --asm-file -o /home/vivy/gbl_root_canoe/edk2/Build/RELEASE_CLANG35/AARCH64/MdePkg/Library/BaseMemoryLibOptDxe/BaseMemoryLibOptDxe/OUTPUT/AArch64/SetMem.i -i /home/vivy/gbl_root_canoe/edk2/Build/RELEASE_CLANG35/AARCH64/MdePkg/Library/BaseMemoryLibOptDxe/BaseMemoryLibOptDxe/OUTPUT/inc.lst /home/vivy/gbl_root_canoe/edk2/MdePkg/Library/BaseMemoryLibOptDxe/AArch64/SetMem.S
/home/vivy/gbl_root_canoe/edk2/BaseTools/BinWrappers/PosixLike/../../Source/Python/Trim/Trim.py:31: SyntaxWarning: invalid escape sequence '\s'
  gLineControlDirective = re.compile('^\s*#(?:line)?\s+([0-9]+)\s+"*([^"]*)"')
/home/vivy/gbl_root_canoe/edk2/BaseTools/BinWrappers/PosixLike/../../Source/Python/Trim/Trim.py:33: SyntaxWarning: invalid escape sequence '\s'
  gTypedefPattern = re.compile("^\s*typedef\s+struct(\s+\w+)?\s*[{]*$", re.MULTILINE)
/home/vivy/gbl_root_canoe/edk2/BaseTools/BinWrappers/PosixLike/../../Source/Python/Trim/Trim.py:35: SyntaxWarning: invalid escape sequence '\s'
  gPragmaPattern = re.compile("^\s*#pragma\s+pack", re.MULTILINE)
/home/vivy/gbl_root_canoe/edk2/BaseTools/BinWrappers/PosixLike/../../Source/Python/Trim/Trim.py:37: SyntaxWarning: invalid escape sequence '\s'
  gTypedef_SinglePattern = re.compile("^\s*typedef", re.MULTILINE)
/home/vivy/gbl_root_canoe/edk2/BaseTools/BinWrappers/PosixLike/../../Source/Python/Trim/Trim.py:39: SyntaxWarning: invalid escape sequence '\s'
  gTypedef_MulPattern = re.compile("^\s*(typedef)?\s+(struct|union)(\s+\w+)?\s*[{]*$", re.MULTILINE)
/home/vivy/gbl_root_canoe/edk2/BaseTools/BinWrappers/PosixLike/../../Source/Python/Trim/Trim.py:54: SyntaxWarning: invalid escape sequence '\s'
  gAslIncludePattern = re.compile("^(\s*)[iI]nclude\s*\(\"?([^\"\(\)]+)\"\)", re.MULTILINE)
"/usr/bin/clang"  -E -x assembler-with-cpp -include /home/vivy/gbl_root_canoe/edk2/Build/RELEASE_CLANG35/AARCH64/MdePkg/Library/BaseMemoryLibOptDxe/BaseMemoryLibOptDxe/DEBUG/AutoGen.h -Wno-shift-negative-value -fstack-protector-all -Wno-varargs -fno-common -Wno-misleading-indentation -Wno-unknown-warning-option  -I/home/vivy/gbl_root_canoe/edk2/MdePkg/Library/BaseMemoryLibOptDxe/Arm -I/home/vivy/gbl_root_canoe/edk2/MdePkg/Library/BaseMemoryLibOptDxe/AArch64 -I/home/vivy/gbl_root_canoe/edk2/MdePkg/Library/BaseMemoryLibOptDxe -I/home/vivy/gbl_root_canoe/edk2/Build/RELEASE_CLANG35/AARCH64/MdePkg/Library/BaseMemoryLibOptDxe/BaseMemoryLibOptDxe/DEBUG -I/home/vivy/gbl_root_canoe/edk2/MdePkg -I/home/vivy/gbl_root_canoe/edk2/MdePkg/Include -I/home/vivy/gbl_root_canoe/edk2/MdePkg/Include/AArch64 /home/vivy/gbl_root_canoe/edk2/MdePkg/Library/BaseMemoryLibOptDxe/AArch64/SetMem.S > /home/vivy/gbl_root_canoe/edk2/Build/RELEASE_CLANG35/AARCH64/MdePkg/Library/BaseMemoryLibOptDxe/BaseMemoryLibOptDxe/OUTPUT/AArch64/SetMem.ii
Trim --trim-long --source-code -o /home/vivy/gbl_root_canoe/edk2/Build/RELEASE_CLANG35/AARCH64/MdePkg/Library/BaseMemoryLibOptDxe/BaseMemoryLibOptDxe/OUTPUT/AArch64/SetMem.iiii /home/vivy/gbl_root_canoe/edk2/Build/RELEASE_CLANG35/AARCH64/MdePkg/Library/BaseMemoryLibOptDxe/BaseMemoryLibOptDxe/OUTPUT/AArch64/SetMem.ii
/home/vivy/gbl_root_canoe/edk2/BaseTools/BinWrappers/PosixLike/../../Source/Python/Trim/Trim.py:31: SyntaxWarning: invalid escape sequence '\s'
  gLineControlDirective = re.compile('^\s*#(?:line)?\s+([0-9]+)\s+"*([^"]*)"')
/home/vivy/gbl_root_canoe/edk2/BaseTools/BinWrappers/PosixLike/../../Source/Python/Trim/Trim.py:33: SyntaxWarning: invalid escape sequence '\s'
  gTypedefPattern = re.compile("^\s*typedef\s+struct(\s+\w+)?\s*[{]*$", re.MULTILINE)
/home/vivy/gbl_root_canoe/edk2/BaseTools/BinWrappers/PosixLike/../../Source/Python/Trim/Trim.py:35: SyntaxWarning: invalid escape sequence '\s'
  gPragmaPattern = re.compile("^\s*#pragma\s+pack", re.MULTILINE)
/home/vivy/gbl_root_canoe/edk2/BaseTools/BinWrappers/PosixLike/../../Source/Python/Trim/Trim.py:37: SyntaxWarning: invalid escape sequence '\s'
  gTypedef_SinglePattern = re.compile("^\s*typedef", re.MULTILINE)
/home/vivy/gbl_root_canoe/edk2/BaseTools/BinWrappers/PosixLike/../../Source/Python/Trim/Trim.py:39: SyntaxWarning: invalid escape sequence '\s'
  gTypedef_MulPattern = re.compile("^\s*(typedef)?\s+(struct|union)(\s+\w+)?\s*[{]*$", re.MULTILINE)
/home/vivy/gbl_root_canoe/edk2/BaseTools/BinWrappers/PosixLike/../../Source/Python/Trim/Trim.py:54: SyntaxWarning: invalid escape sequence '\s'
  gAslIncludePattern = re.compile("^(\s*)[iI]nclude\s*\(\"?([^\"\(\)]+)\"\)", re.MULTILINE)
"/usr/bin/clang" -c -x assembler -imacros /home/vivy/gbl_root_canoe/edk2/Build/RELEASE_CLANG35/AARCH64/MdePkg/Library/BaseMemoryLibOptDxe/BaseMemoryLibOptDxe/DEBUG/AutoGen.h -target aarch64-linux-gnu   -o /home/vivy/gbl_root_canoe/edk2/Build/RELEASE_CLANG35/AARCH64/MdePkg/Library/BaseMemoryLibOptDxe/BaseMemoryLibOptDxe/OUTPUT/AArch64/SetMem.obj -I/home/vivy/gbl_root_canoe/edk2/MdePkg/Library/BaseMemoryLibOptDxe/Arm -I/home/vivy/gbl_root_canoe/edk2/MdePkg/Library/BaseMemoryLibOptDxe/AArch64 -I/home/vivy/gbl_root_canoe/edk2/MdePkg/Library/BaseMemoryLibOptDxe -I/home/vivy/gbl_root_canoe/edk2/Build/RELEASE_CLANG35/AARCH64/MdePkg/Library/BaseMemoryLibOptDxe/BaseMemoryLibOptDxe/DEBUG -I/home/vivy/gbl_root_canoe/edk2/MdePkg -I/home/vivy/gbl_root_canoe/edk2/MdePkg/Include -I/home/vivy/gbl_root_canoe/edk2/MdePkg/Include/AArch64 /home/vivy/gbl_root_canoe/edk2/Build/RELEASE_CLANG35/AARCH64/MdePkg/Library/BaseMemoryLibOptDxe/BaseMemoryLibOptDxe/OUTPUT/AArch64/SetMem.iiii
clang: warning: argument unused during compilation: '-imacros /home/vivy/gbl_root_canoe/edk2/Build/RELEASE_CLANG35/AARCH64/MdePkg/Library/BaseMemoryLibOptDxe/BaseMemoryLibOptDxe/DEBUG/AutoGen.h' [-Wunused-command-line-argument]
"/usr/bin/clang" -g -fshort-wchar -fno-strict-aliasing -Wall -Werror -Wno-array-bounds -c -include AutoGen.h -mlittle-endian -fno-short-enums -save-temps -fverbose-asm -fsigned-char -ffunction-sections -fdata-sections -fomit-frame-pointer -fno-builtin -Wno-address -fno-asynchronous-unwind-tables -target aarch64-linux-gnu -mcmodel=small -mstrict-align -Wno-parentheses-equality -Wno-tautological-compare -Wno-tautological-constant-out-of-range-compare -Wno-empty-body -D=__FORTIFY_SOURCE -D_FORTIFY_SOURCE=2 -O2 -Wno-shift-negative-value -fstack-protector-all -Wno-varargs -fno-common -Wno-misleading-indentation -Wno-unknown-warning-option  -mtune=cortex-a53 -Oz -DZ_SOLO -DPRODUCT_NAME=\"canoe\" -DENABLE_UPDATE_PARTITIONS_CMDS -DENABLE_BOOT_CMD -DENABLE_DEVICE_CRITICAL_LOCK_UNLOCK_CMDS -DAUTO_PATCH_ABL -DDISABLE_PATCH_2 -DDISABLE_PATCH_3 -DDISABLE_PATCH_4 -DDISABLE_PATCH_5 -DDISABLE_PATCH_6 -DDISABLE_PATCH_7 -DDISABLE_PATCH_8 -DDISABLE_PATCH_9 -DINIT_BIN='"/init"' -DVERIFIED_BOOT_ENABLED -DBASE_ADDRESS=0x80000000 -DREMOVE_CARVEOUT_REGION -DQSPA_BOOTCONFIG_ENABLE  -c -o /home/vivy/gbl_root_canoe/edk2/Build/RELEASE_CLANG35/AARCH64/MdePkg/Library/BaseMemoryLibOptDxe/BaseMemoryLibOptDxe/OUTPUT/Arm/MemLibGuid.obj @/home/vivy/gbl_root_canoe/edk2/Build/RELEASE_CLANG35/AARCH64/MdePkg/Library/BaseMemoryLibOptDxe/BaseMemoryLibOptDxe/OUTPUT/inc.lst /home/vivy/gbl_root_canoe/edk2/MdePkg/Library/BaseMemoryLibOptDxe/Arm/MemLibGuid.c
MemLibGuid.s:4:2: warning: inconsistent use of MD5 checksums
        .file   1 "/home/vivy/gbl_root_canoe/edk2" "MdePkg/Library/BaseMemoryLibOptDxe/Arm/MemLibGuid.c"
        ^
"/usr/bin/clang" -g -fshort-wchar -fno-strict-aliasing -Wall -Werror -Wno-array-bounds -c -include AutoGen.h -mlittle-endian -fno-short-enums -save-temps -fverbose-asm -fsigned-char -ffunction-sections -fdata-sections -fomit-frame-pointer -fno-builtin -Wno-address -fno-asynchronous-unwind-tables -target aarch64-linux-gnu -mcmodel=small -mstrict-align -Wno-parentheses-equality -Wno-tautological-compare -Wno-tautological-constant-out-of-range-compare -Wno-empty-body -D=__FORTIFY_SOURCE -D_FORTIFY_SOURCE=2 -O2 -Wno-shift-negative-value -fstack-protector-all -Wno-varargs -fno-common -Wno-misleading-indentation -Wno-unknown-warning-option  -mtune=cortex-a53 -Oz -DZ_SOLO -DPRODUCT_NAME=\"canoe\" -DENABLE_UPDATE_PARTITIONS_CMDS -DENABLE_BOOT_CMD -DENABLE_DEVICE_CRITICAL_LOCK_UNLOCK_CMDS -DAUTO_PATCH_ABL -DDISABLE_PATCH_2 -DDISABLE_PATCH_3 -DDISABLE_PATCH_4 -DDISABLE_PATCH_5 -DDISABLE_PATCH_6 -DDISABLE_PATCH_7 -DDISABLE_PATCH_8 -DDISABLE_PATCH_9 -DINIT_BIN='"/init"' -DVERIFIED_BOOT_ENABLED -DBASE_ADDRESS=0x80000000 -DREMOVE_CARVEOUT_REGION -DQSPA_BOOTCONFIG_ENABLE  -c -o /home/vivy/gbl_root_canoe/edk2/Build/RELEASE_CLANG35/AARCH64/MdePkg/Library/BaseMemoryLibOptDxe/BaseMemoryLibOptDxe/OUTPUT/Arm/ScanMemGeneric.obj @/home/vivy/gbl_root_canoe/edk2/Build/RELEASE_CLANG35/AARCH64/MdePkg/Library/BaseMemoryLibOptDxe/BaseMemoryLibOptDxe/OUTPUT/inc.lst /home/vivy/gbl_root_canoe/edk2/MdePkg/Library/BaseMemoryLibOptDxe/Arm/ScanMemGeneric.c
ScanMemGeneric.s:4:2: warning: inconsistent use of MD5 checksums
        .file   1 "/home/vivy/gbl_root_canoe/edk2" "MdePkg/Include/AArch64/ProcessorBind.h"
        ^
"/usr/bin/clang" -g -fshort-wchar -fno-strict-aliasing -Wall -Werror -Wno-array-bounds -c -include AutoGen.h -mlittle-endian -fno-short-enums -save-temps -fverbose-asm -fsigned-char -ffunction-sections -fdata-sections -fomit-frame-pointer -fno-builtin -Wno-address -fno-asynchronous-unwind-tables -target aarch64-linux-gnu -mcmodel=small -mstrict-align -Wno-parentheses-equality -Wno-tautological-compare -Wno-tautological-constant-out-of-range-compare -Wno-empty-body -D=__FORTIFY_SOURCE -D_FORTIFY_SOURCE=2 -O2 -Wno-shift-negative-value -fstack-protector-all -Wno-varargs -fno-common -Wno-misleading-indentation -Wno-unknown-warning-option  -mtune=cortex-a53 -Oz -DZ_SOLO -DPRODUCT_NAME=\"canoe\" -DENABLE_UPDATE_PARTITIONS_CMDS -DENABLE_BOOT_CMD -DENABLE_DEVICE_CRITICAL_LOCK_UNLOCK_CMDS -DAUTO_PATCH_ABL -DDISABLE_PATCH_2 -DDISABLE_PATCH_3 -DDISABLE_PATCH_4 -DDISABLE_PATCH_5 -DDISABLE_PATCH_6 -DDISABLE_PATCH_7 -DDISABLE_PATCH_8 -DDISABLE_PATCH_9 -DINIT_BIN='"/init"' -DVERIFIED_BOOT_ENABLED -DBASE_ADDRESS=0x80000000 -DREMOVE_CARVEOUT_REGION -DQSPA_BOOTCONFIG_ENABLE  -c -o /home/vivy/gbl_root_canoe/edk2/Build/RELEASE_CLANG35/AARCH64/MdePkg/Library/BaseMemoryLibOptDxe/BaseMemoryLibOptDxe/OUTPUT/./CompareMemWrapper.obj @/home/vivy/gbl_root_canoe/edk2/Build/RELEASE_CLANG35/AARCH64/MdePkg/Library/BaseMemoryLibOptDxe/BaseMemoryLibOptDxe/OUTPUT/inc.lst /home/vivy/gbl_root_canoe/edk2/MdePkg/Library/BaseMemoryLibOptDxe/CompareMemWrapper.c
CompareMemWrapper.s:4:2: warning: inconsistent use of MD5 checksums
        .file   1 "/home/vivy/gbl_root_canoe/edk2" "MdePkg/Library/BaseMemoryLibOptDxe/CompareMemWrapper.c"
        ^
"/usr/bin/clang" -g -fshort-wchar -fno-strict-aliasing -Wall -Werror -Wno-array-bounds -c -include AutoGen.h -mlittle-endian -fno-short-enums -save-temps -fverbose-asm -fsigned-char -ffunction-sections -fdata-sections -fomit-frame-pointer -fno-builtin -Wno-address -fno-asynchronous-unwind-tables -target aarch64-linux-gnu -mcmodel=small -mstrict-align -Wno-parentheses-equality -Wno-tautological-compare -Wno-tautological-constant-out-of-range-compare -Wno-empty-body -D=__FORTIFY_SOURCE -D_FORTIFY_SOURCE=2 -O2 -Wno-shift-negative-value -fstack-protector-all -Wno-varargs -fno-common -Wno-misleading-indentation -Wno-unknown-warning-option  -mtune=cortex-a53 -Oz -DZ_SOLO -DPRODUCT_NAME=\"canoe\" -DENABLE_UPDATE_PARTITIONS_CMDS -DENABLE_BOOT_CMD -DENABLE_DEVICE_CRITICAL_LOCK_UNLOCK_CMDS -DAUTO_PATCH_ABL -DDISABLE_PATCH_2 -DDISABLE_PATCH_3 -DDISABLE_PATCH_4 -DDISABLE_PATCH_5 -DDISABLE_PATCH_6 -DDISABLE_PATCH_7 -DDISABLE_PATCH_8 -DDISABLE_PATCH_9 -DINIT_BIN='"/init"' -DVERIFIED_BOOT_ENABLED -DBASE_ADDRESS=0x80000000 -DREMOVE_CARVEOUT_REGION -DQSPA_BOOTCONFIG_ENABLE  -c -o /home/vivy/gbl_root_canoe/edk2/Build/RELEASE_CLANG35/AARCH64/MdePkg/Library/BaseMemoryLibOptDxe/BaseMemoryLibOptDxe/OUTPUT/./CopyMemWrapper.obj @/home/vivy/gbl_root_canoe/edk2/Build/RELEASE_CLANG35/AARCH64/MdePkg/Library/BaseMemoryLibOptDxe/BaseMemoryLibOptDxe/OUTPUT/inc.lst /home/vivy/gbl_root_canoe/edk2/MdePkg/Library/BaseMemoryLibOptDxe/CopyMemWrapper.c
CopyMemWrapper.s:4:2: warning: inconsistent use of MD5 checksums
        .file   1 "/home/vivy/gbl_root_canoe/edk2" "MdePkg/Library/BaseMemoryLibOptDxe/CopyMemWrapper.c"
        ^
"/usr/bin/clang" -g -fshort-wchar -fno-strict-aliasing -Wall -Werror -Wno-array-bounds -c -include AutoGen.h -mlittle-endian -fno-short-enums -save-temps -fverbose-asm -fsigned-char -ffunction-sections -fdata-sections -fomit-frame-pointer -fno-builtin -Wno-address -fno-asynchronous-unwind-tables -target aarch64-linux-gnu -mcmodel=small -mstrict-align -Wno-parentheses-equality -Wno-tautological-compare -Wno-tautological-constant-out-of-range-compare -Wno-empty-body -D=__FORTIFY_SOURCE -D_FORTIFY_SOURCE=2 -O2 -Wno-shift-negative-value -fstack-protector-all -Wno-varargs -fno-common -Wno-misleading-indentation -Wno-unknown-warning-option  -mtune=cortex-a53 -Oz -DZ_SOLO -DPRODUCT_NAME=\"canoe\" -DENABLE_UPDATE_PARTITIONS_CMDS -DENABLE_BOOT_CMD -DENABLE_DEVICE_CRITICAL_LOCK_UNLOCK_CMDS -DAUTO_PATCH_ABL -DDISABLE_PATCH_2 -DDISABLE_PATCH_3 -DDISABLE_PATCH_4 -DDISABLE_PATCH_5 -DDISABLE_PATCH_6 -DDISABLE_PATCH_7 -DDISABLE_PATCH_8 -DDISABLE_PATCH_9 -DINIT_BIN='"/init"' -DVERIFIED_BOOT_ENABLED -DBASE_ADDRESS=0x80000000 -DREMOVE_CARVEOUT_REGION -DQSPA_BOOTCONFIG_ENABLE  -c -o /home/vivy/gbl_root_canoe/edk2/Build/RELEASE_CLANG35/AARCH64/MdePkg/Library/BaseMemoryLibOptDxe/BaseMemoryLibOptDxe/OUTPUT/./IsZeroBufferWrapper.obj @/home/vivy/gbl_root_canoe/edk2/Build/RELEASE_CLANG35/AARCH64/MdePkg/Library/BaseMemoryLibOptDxe/BaseMemoryLibOptDxe/OUTPUT/inc.lst /home/vivy/gbl_root_canoe/edk2/MdePkg/Library/BaseMemoryLibOptDxe/IsZeroBufferWrapper.c
IsZeroBufferWrapper.s:4:2: warning: inconsistent use of MD5 checksums
        .file   1 "/home/vivy/gbl_root_canoe/edk2" "MdePkg/Library/BaseMemoryLibOptDxe/IsZeroBufferWrapper.c"
        ^
"/usr/bin/clang" -g -fshort-wchar -fno-strict-aliasing -Wall -Werror -Wno-array-bounds -c -include AutoGen.h -mlittle-endian -fno-short-enums -save-temps -fverbose-asm -fsigned-char -ffunction-sections -fdata-sections -fomit-frame-pointer -fno-builtin -Wno-address -fno-asynchronous-unwind-tables -target aarch64-linux-gnu -mcmodel=small -mstrict-align -Wno-parentheses-equality -Wno-tautological-compare -Wno-tautological-constant-out-of-range-compare -Wno-empty-body -D=__FORTIFY_SOURCE -D_FORTIFY_SOURCE=2 -O2 -Wno-shift-negative-value -fstack-protector-all -Wno-varargs -fno-common -Wno-misleading-indentation -Wno-unknown-warning-option  -mtune=cortex-a53 -Oz -DZ_SOLO -DPRODUCT_NAME=\"canoe\" -DENABLE_UPDATE_PARTITIONS_CMDS -DENABLE_BOOT_CMD -DENABLE_DEVICE_CRITICAL_LOCK_UNLOCK_CMDS -DAUTO_PATCH_ABL -DDISABLE_PATCH_2 -DDISABLE_PATCH_3 -DDISABLE_PATCH_4 -DDISABLE_PATCH_5 -DDISABLE_PATCH_6 -DDISABLE_PATCH_7 -DDISABLE_PATCH_8 -DDISABLE_PATCH_9 -DINIT_BIN='"/init"' -DVERIFIED_BOOT_ENABLED -DBASE_ADDRESS=0x80000000 -DREMOVE_CARVEOUT_REGION -DQSPA_BOOTCONFIG_ENABLE  -c -o /home/vivy/gbl_root_canoe/edk2/Build/RELEASE_CLANG35/AARCH64/MdePkg/Library/BaseMemoryLibOptDxe/BaseMemoryLibOptDxe/OUTPUT/./ScanMem16Wrapper.obj @/home/vivy/gbl_root_canoe/edk2/Build/RELEASE_CLANG35/AARCH64/MdePkg/Library/BaseMemoryLibOptDxe/BaseMemoryLibOptDxe/OUTPUT/inc.lst /home/vivy/gbl_root_canoe/edk2/MdePkg/Library/BaseMemoryLibOptDxe/ScanMem16Wrapper.c
ScanMem16Wrapper.s:4:2: warning: inconsistent use of MD5 checksums
        .file   1 "/home/vivy/gbl_root_canoe/edk2" "MdePkg/Library/BaseMemoryLibOptDxe/ScanMem16Wrapper.c"
        ^
"/usr/bin/clang" -g -fshort-wchar -fno-strict-aliasing -Wall -Werror -Wno-array-bounds -c -include AutoGen.h -mlittle-endian -fno-short-enums -save-temps -fverbose-asm -fsigned-char -ffunction-sections -fdata-sections -fomit-frame-pointer -fno-builtin -Wno-address -fno-asynchronous-unwind-tables -target aarch64-linux-gnu -mcmodel=small -mstrict-align -Wno-parentheses-equality -Wno-tautological-compare -Wno-tautological-constant-out-of-range-compare -Wno-empty-body -D=__FORTIFY_SOURCE -D_FORTIFY_SOURCE=2 -O2 -Wno-shift-negative-value -fstack-protector-all -Wno-varargs -fno-common -Wno-misleading-indentation -Wno-unknown-warning-option  -mtune=cortex-a53 -Oz -DZ_SOLO -DPRODUCT_NAME=\"canoe\" -DENABLE_UPDATE_PARTITIONS_CMDS -DENABLE_BOOT_CMD -DENABLE_DEVICE_CRITICAL_LOCK_UNLOCK_CMDS -DAUTO_PATCH_ABL -DDISABLE_PATCH_2 -DDISABLE_PATCH_3 -DDISABLE_PATCH_4 -DDISABLE_PATCH_5 -DDISABLE_PATCH_6 -DDISABLE_PATCH_7 -DDISABLE_PATCH_8 -DDISABLE_PATCH_9 -DINIT_BIN='"/init"' -DVERIFIED_BOOT_ENABLED -DBASE_ADDRESS=0x80000000 -DREMOVE_CARVEOUT_REGION -DQSPA_BOOTCONFIG_ENABLE  -c -o /home/vivy/gbl_root_canoe/edk2/Build/RELEASE_CLANG35/AARCH64/MdePkg/Library/BaseMemoryLibOptDxe/BaseMemoryLibOptDxe/OUTPUT/./ScanMem32Wrapper.obj @/home/vivy/gbl_root_canoe/edk2/Build/RELEASE_CLANG35/AARCH64/MdePkg/Library/BaseMemoryLibOptDxe/BaseMemoryLibOptDxe/OUTPUT/inc.lst /home/vivy/gbl_root_canoe/edk2/MdePkg/Library/BaseMemoryLibOptDxe/ScanMem32Wrapper.c
ScanMem32Wrapper.s:4:2: warning: inconsistent use of MD5 checksums
        .file   1 "/home/vivy/gbl_root_canoe/edk2" "MdePkg/Library/BaseMemoryLibOptDxe/ScanMem32Wrapper.c"
        ^
"/usr/bin/clang" -g -fshort-wchar -fno-strict-aliasing -Wall -Werror -Wno-array-bounds -c -include AutoGen.h -mlittle-endian -fno-short-enums -save-temps -fverbose-asm -fsigned-char -ffunction-sections -fdata-sections -fomit-frame-pointer -fno-builtin -Wno-address -fno-asynchronous-unwind-tables -target aarch64-linux-gnu -mcmodel=small -mstrict-align -Wno-parentheses-equality -Wno-tautological-compare -Wno-tautological-constant-out-of-range-compare -Wno-empty-body -D=__FORTIFY_SOURCE -D_FORTIFY_SOURCE=2 -O2 -Wno-shift-negative-value -fstack-protector-all -Wno-varargs -fno-common -Wno-misleading-indentation -Wno-unknown-warning-option  -mtune=cortex-a53 -Oz -DZ_SOLO -DPRODUCT_NAME=\"canoe\" -DENABLE_UPDATE_PARTITIONS_CMDS -DENABLE_BOOT_CMD -DENABLE_DEVICE_CRITICAL_LOCK_UNLOCK_CMDS -DAUTO_PATCH_ABL -DDISABLE_PATCH_2 -DDISABLE_PATCH_3 -DDISABLE_PATCH_4 -DDISABLE_PATCH_5 -DDISABLE_PATCH_6 -DDISABLE_PATCH_7 -DDISABLE_PATCH_8 -DDISABLE_PATCH_9 -DINIT_BIN='"/init"' -DVERIFIED_BOOT_ENABLED -DBASE_ADDRESS=0x80000000 -DREMOVE_CARVEOUT_REGION -DQSPA_BOOTCONFIG_ENABLE  -c -o /home/vivy/gbl_root_canoe/edk2/Build/RELEASE_CLANG35/AARCH64/MdePkg/Library/BaseMemoryLibOptDxe/BaseMemoryLibOptDxe/OUTPUT/./ScanMem64Wrapper.obj @/home/vivy/gbl_root_canoe/edk2/Build/RELEASE_CLANG35/AARCH64/MdePkg/Library/BaseMemoryLibOptDxe/BaseMemoryLibOptDxe/OUTPUT/inc.lst /home/vivy/gbl_root_canoe/edk2/MdePkg/Library/BaseMemoryLibOptDxe/ScanMem64Wrapper.c
ScanMem64Wrapper.s:4:2: warning: inconsistent use of MD5 checksums
        .file   1 "/home/vivy/gbl_root_canoe/edk2" "MdePkg/Library/BaseMemoryLibOptDxe/ScanMem64Wrapper.c"
        ^
"/usr/bin/clang" -g -fshort-wchar -fno-strict-aliasing -Wall -Werror -Wno-array-bounds -c -include AutoGen.h -mlittle-endian -fno-short-enums -save-temps -fverbose-asm -fsigned-char -ffunction-sections -fdata-sections -fomit-frame-pointer -fno-builtin -Wno-address -fno-asynchronous-unwind-tables -target aarch64-linux-gnu -mcmodel=small -mstrict-align -Wno-parentheses-equality -Wno-tautological-compare -Wno-tautological-constant-out-of-range-compare -Wno-empty-body -D=__FORTIFY_SOURCE -D_FORTIFY_SOURCE=2 -O2 -Wno-shift-negative-value -fstack-protector-all -Wno-varargs -fno-common -Wno-misleading-indentation -Wno-unknown-warning-option  -mtune=cortex-a53 -Oz -DZ_SOLO -DPRODUCT_NAME=\"canoe\" -DENABLE_UPDATE_PARTITIONS_CMDS -DENABLE_BOOT_CMD -DENABLE_DEVICE_CRITICAL_LOCK_UNLOCK_CMDS -DAUTO_PATCH_ABL -DDISABLE_PATCH_2 -DDISABLE_PATCH_3 -DDISABLE_PATCH_4 -DDISABLE_PATCH_5 -DDISABLE_PATCH_6 -DDISABLE_PATCH_7 -DDISABLE_PATCH_8 -DDISABLE_PATCH_9 -DINIT_BIN='"/init"' -DVERIFIED_BOOT_ENABLED -DBASE_ADDRESS=0x80000000 -DREMOVE_CARVEOUT_REGION -DQSPA_BOOTCONFIG_ENABLE  -c -o /home/vivy/gbl_root_canoe/edk2/Build/RELEASE_CLANG35/AARCH64/MdePkg/Library/BaseMemoryLibOptDxe/BaseMemoryLibOptDxe/OUTPUT/./ScanMem8Wrapper.obj @/home/vivy/gbl_root_canoe/edk2/Build/RELEASE_CLANG35/AARCH64/MdePkg/Library/BaseMemoryLibOptDxe/BaseMemoryLibOptDxe/OUTPUT/inc.lst /home/vivy/gbl_root_canoe/edk2/MdePkg/Library/BaseMemoryLibOptDxe/ScanMem8Wrapper.c
ScanMem8Wrapper.s:4:2: warning: inconsistent use of MD5 checksums
        .file   1 "/home/vivy/gbl_root_canoe/edk2" "MdePkg/Library/BaseMemoryLibOptDxe/ScanMem8Wrapper.c"
        ^
"/usr/bin/clang" -g -fshort-wchar -fno-strict-aliasing -Wall -Werror -Wno-array-bounds -c -include AutoGen.h -mlittle-endian -fno-short-enums -save-temps -fverbose-asm -fsigned-char -ffunction-sections -fdata-sections -fomit-frame-pointer -fno-builtin -Wno-address -fno-asynchronous-unwind-tables -target aarch64-linux-gnu -mcmodel=small -mstrict-align -Wno-parentheses-equality -Wno-tautological-compare -Wno-tautological-constant-out-of-range-compare -Wno-empty-body -D=__FORTIFY_SOURCE -D_FORTIFY_SOURCE=2 -O2 -Wno-shift-negative-value -fstack-protector-all -Wno-varargs -fno-common -Wno-misleading-indentation -Wno-unknown-warning-option  -mtune=cortex-a53 -Oz -DZ_SOLO -DPRODUCT_NAME=\"canoe\" -DENABLE_UPDATE_PARTITIONS_CMDS -DENABLE_BOOT_CMD -DENABLE_DEVICE_CRITICAL_LOCK_UNLOCK_CMDS -DAUTO_PATCH_ABL -DDISABLE_PATCH_2 -DDISABLE_PATCH_3 -DDISABLE_PATCH_4 -DDISABLE_PATCH_5 -DDISABLE_PATCH_6 -DDISABLE_PATCH_7 -DDISABLE_PATCH_8 -DDISABLE_PATCH_9 -DINIT_BIN='"/init"' -DVERIFIED_BOOT_ENABLED -DBASE_ADDRESS=0x80000000 -DREMOVE_CARVEOUT_REGION -DQSPA_BOOTCONFIG_ENABLE  -c -o /home/vivy/gbl_root_canoe/edk2/Build/RELEASE_CLANG35/AARCH64/MdePkg/Library/BaseMemoryLibOptDxe/BaseMemoryLibOptDxe/OUTPUT/./SetMem16Wrapper.obj @/home/vivy/gbl_root_canoe/edk2/Build/RELEASE_CLANG35/AARCH64/MdePkg/Library/BaseMemoryLibOptDxe/BaseMemoryLibOptDxe/OUTPUT/inc.lst /home/vivy/gbl_root_canoe/edk2/MdePkg/Library/BaseMemoryLibOptDxe/SetMem16Wrapper.c
SetMem16Wrapper.s:4:2: warning: inconsistent use of MD5 checksums
        .file   1 "/home/vivy/gbl_root_canoe/edk2" "MdePkg/Library/BaseMemoryLibOptDxe/SetMem16Wrapper.c"
        ^
"/usr/bin/clang" -g -fshort-wchar -fno-strict-aliasing -Wall -Werror -Wno-array-bounds -c -include AutoGen.h -mlittle-endian -fno-short-enums -save-temps -fverbose-asm -fsigned-char -ffunction-sections -fdata-sections -fomit-frame-pointer -fno-builtin -Wno-address -fno-asynchronous-unwind-tables -target aarch64-linux-gnu -mcmodel=small -mstrict-align -Wno-parentheses-equality -Wno-tautological-compare -Wno-tautological-constant-out-of-range-compare -Wno-empty-body -D=__FORTIFY_SOURCE -D_FORTIFY_SOURCE=2 -O2 -Wno-shift-negative-value -fstack-protector-all -Wno-varargs -fno-common -Wno-misleading-indentation -Wno-unknown-warning-option  -mtune=cortex-a53 -Oz -DZ_SOLO -DPRODUCT_NAME=\"canoe\" -DENABLE_UPDATE_PARTITIONS_CMDS -DENABLE_BOOT_CMD -DENABLE_DEVICE_CRITICAL_LOCK_UNLOCK_CMDS -DAUTO_PATCH_ABL -DDISABLE_PATCH_2 -DDISABLE_PATCH_3 -DDISABLE_PATCH_4 -DDISABLE_PATCH_5 -DDISABLE_PATCH_6 -DDISABLE_PATCH_7 -DDISABLE_PATCH_8 -DDISABLE_PATCH_9 -DINIT_BIN='"/init"' -DVERIFIED_BOOT_ENABLED -DBASE_ADDRESS=0x80000000 -DREMOVE_CARVEOUT_REGION -DQSPA_BOOTCONFIG_ENABLE  -c -o /home/vivy/gbl_root_canoe/edk2/Build/RELEASE_CLANG35/AARCH64/MdePkg/Library/BaseMemoryLibOptDxe/BaseMemoryLibOptDxe/OUTPUT/./SetMem32Wrapper.obj @/home/vivy/gbl_root_canoe/edk2/Build/RELEASE_CLANG35/AARCH64/MdePkg/Library/BaseMemoryLibOptDxe/BaseMemoryLibOptDxe/OUTPUT/inc.lst /home/vivy/gbl_root_canoe/edk2/MdePkg/Library/BaseMemoryLibOptDxe/SetMem32Wrapper.c
SetMem32Wrapper.s:4:2: warning: inconsistent use of MD5 checksums
        .file   1 "/home/vivy/gbl_root_canoe/edk2" "MdePkg/Library/BaseMemoryLibOptDxe/SetMem32Wrapper.c"
        ^
"/usr/bin/clang" -g -fshort-wchar -fno-strict-aliasing -Wall -Werror -Wno-array-bounds -c -include AutoGen.h -mlittle-endian -fno-short-enums -save-temps -fverbose-asm -fsigned-char -ffunction-sections -fdata-sections -fomit-frame-pointer -fno-builtin -Wno-address -fno-asynchronous-unwind-tables -target aarch64-linux-gnu -mcmodel=small -mstrict-align -Wno-parentheses-equality -Wno-tautological-compare -Wno-tautological-constant-out-of-range-compare -Wno-empty-body -D=__FORTIFY_SOURCE -D_FORTIFY_SOURCE=2 -O2 -Wno-shift-negative-value -fstack-protector-all -Wno-varargs -fno-common -Wno-misleading-indentation -Wno-unknown-warning-option  -mtune=cortex-a53 -Oz -DZ_SOLO -DPRODUCT_NAME=\"canoe\" -DENABLE_UPDATE_PARTITIONS_CMDS -DENABLE_BOOT_CMD -DENABLE_DEVICE_CRITICAL_LOCK_UNLOCK_CMDS -DAUTO_PATCH_ABL -DDISABLE_PATCH_2 -DDISABLE_PATCH_3 -DDISABLE_PATCH_4 -DDISABLE_PATCH_5 -DDISABLE_PATCH_6 -DDISABLE_PATCH_7 -DDISABLE_PATCH_8 -DDISABLE_PATCH_9 -DINIT_BIN='"/init"' -DVERIFIED_BOOT_ENABLED -DBASE_ADDRESS=0x80000000 -DREMOVE_CARVEOUT_REGION -DQSPA_BOOTCONFIG_ENABLE  -c -o /home/vivy/gbl_root_canoe/edk2/Build/RELEASE_CLANG35/AARCH64/MdePkg/Library/BaseMemoryLibOptDxe/BaseMemoryLibOptDxe/OUTPUT/./SetMem64Wrapper.obj @/home/vivy/gbl_root_canoe/edk2/Build/RELEASE_CLANG35/AARCH64/MdePkg/Library/BaseMemoryLibOptDxe/BaseMemoryLibOptDxe/OUTPUT/inc.lst /home/vivy/gbl_root_canoe/edk2/MdePkg/Library/BaseMemoryLibOptDxe/SetMem64Wrapper.c
SetMem64Wrapper.s:4:2: warning: inconsistent use of MD5 checksums
        .file   1 "/home/vivy/gbl_root_canoe/edk2" "MdePkg/Library/BaseMemoryLibOptDxe/SetMem64Wrapper.c"
        ^
"/usr/bin/clang" -g -fshort-wchar -fno-strict-aliasing -Wall -Werror -Wno-array-bounds -c -include AutoGen.h -mlittle-endian -fno-short-enums -save-temps -fverbose-asm -fsigned-char -ffunction-sections -fdata-sections -fomit-frame-pointer -fno-builtin -Wno-address -fno-asynchronous-unwind-tables -target aarch64-linux-gnu -mcmodel=small -mstrict-align -Wno-parentheses-equality -Wno-tautological-compare -Wno-tautological-constant-out-of-range-compare -Wno-empty-body -D=__FORTIFY_SOURCE -D_FORTIFY_SOURCE=2 -O2 -Wno-shift-negative-value -fstack-protector-all -Wno-varargs -fno-common -Wno-misleading-indentation -Wno-unknown-warning-option  -mtune=cortex-a53 -Oz -DZ_SOLO -DPRODUCT_NAME=\"canoe\" -DENABLE_UPDATE_PARTITIONS_CMDS -DENABLE_BOOT_CMD -DENABLE_DEVICE_CRITICAL_LOCK_UNLOCK_CMDS -DAUTO_PATCH_ABL -DDISABLE_PATCH_2 -DDISABLE_PATCH_3 -DDISABLE_PATCH_4 -DDISABLE_PATCH_5 -DDISABLE_PATCH_6 -DDISABLE_PATCH_7 -DDISABLE_PATCH_8 -DDISABLE_PATCH_9 -DINIT_BIN='"/init"' -DVERIFIED_BOOT_ENABLED -DBASE_ADDRESS=0x80000000 -DREMOVE_CARVEOUT_REGION -DQSPA_BOOTCONFIG_ENABLE  -c -o /home/vivy/gbl_root_canoe/edk2/Build/RELEASE_CLANG35/AARCH64/MdePkg/Library/BaseMemoryLibOptDxe/BaseMemoryLibOptDxe/OUTPUT/./SetMemWrapper.obj @/home/vivy/gbl_root_canoe/edk2/Build/RELEASE_CLANG35/AARCH64/MdePkg/Library/BaseMemoryLibOptDxe/BaseMemoryLibOptDxe/OUTPUT/inc.lst /home/vivy/gbl_root_canoe/edk2/MdePkg/Library/BaseMemoryLibOptDxe/SetMemWrapper.c
SetMemWrapper.s:4:2: warning: inconsistent use of MD5 checksums
        .file   1 "/home/vivy/gbl_root_canoe/edk2" "MdePkg/Library/BaseMemoryLibOptDxe/SetMemWrapper.c"
        ^
"/usr/bin/clang" -g -fshort-wchar -fno-strict-aliasing -Wall -Werror -Wno-array-bounds -c -include AutoGen.h -mlittle-endian -fno-short-enums -save-temps -fverbose-asm -fsigned-char -ffunction-sections -fdata-sections -fomit-frame-pointer -fno-builtin -Wno-address -fno-asynchronous-unwind-tables -target aarch64-linux-gnu -mcmodel=small -mstrict-align -Wno-parentheses-equality -Wno-tautological-compare -Wno-tautological-constant-out-of-range-compare -Wno-empty-body -D=__FORTIFY_SOURCE -D_FORTIFY_SOURCE=2 -O2 -Wno-shift-negative-value -fstack-protector-all -Wno-varargs -fno-common -Wno-misleading-indentation -Wno-unknown-warning-option  -mtune=cortex-a53 -Oz -DZ_SOLO -DPRODUCT_NAME=\"canoe\" -DENABLE_UPDATE_PARTITIONS_CMDS -DENABLE_BOOT_CMD -DENABLE_DEVICE_CRITICAL_LOCK_UNLOCK_CMDS -DAUTO_PATCH_ABL -DDISABLE_PATCH_2 -DDISABLE_PATCH_3 -DDISABLE_PATCH_4 -DDISABLE_PATCH_5 -DDISABLE_PATCH_6 -DDISABLE_PATCH_7 -DDISABLE_PATCH_8 -DDISABLE_PATCH_9 -DINIT_BIN='"/init"' -DVERIFIED_BOOT_ENABLED -DBASE_ADDRESS=0x80000000 -DREMOVE_CARVEOUT_REGION -DQSPA_BOOTCONFIG_ENABLE  -c -o /home/vivy/gbl_root_canoe/edk2/Build/RELEASE_CLANG35/AARCH64/MdePkg/Library/BaseMemoryLibOptDxe/BaseMemoryLibOptDxe/OUTPUT/./ZeroMemWrapper.obj @/home/vivy/gbl_root_canoe/edk2/Build/RELEASE_CLANG35/AARCH64/MdePkg/Library/BaseMemoryLibOptDxe/BaseMemoryLibOptDxe/OUTPUT/inc.lst /home/vivy/gbl_root_canoe/edk2/MdePkg/Library/BaseMemoryLibOptDxe/ZeroMemWrapper.c
ZeroMemWrapper.s:4:2: warning: inconsistent use of MD5 checksums
        .file   1 "/home/vivy/gbl_root_canoe/edk2" "MdePkg/Library/BaseMemoryLibOptDxe/ZeroMemWrapper.c"
        ^
rm -f /home/vivy/gbl_root_canoe/edk2/Build/RELEASE_CLANG35/AARCH64/MdePkg/Library/BaseMemoryLibOptDxe/BaseMemoryLibOptDxe/OUTPUT/BaseMemoryLibOptDxe.lib
"/usr/bin/llvm-ar" -cr /home/vivy/gbl_root_canoe/edk2/Build/RELEASE_CLANG35/AARCH64/MdePkg/Library/BaseMemoryLibOptDxe/BaseMemoryLibOptDxe/OUTPUT/BaseMemoryLibOptDxe.lib  @/home/vivy/gbl_root_canoe/edk2/Build/RELEASE_CLANG35/AARCH64/MdePkg/Library/BaseMemoryLibOptDxe/BaseMemoryLibOptDxe/OUTPUT/object_files.lst
make[2]: Leaving directory '/home/vivy/gbl_root_canoe/edk2/Build/RELEASE_CLANG35/AARCH64/MdePkg/Library/BaseMemoryLibOptDxe/BaseMemoryLibOptDxe'
Building ... /home/vivy/gbl_root_canoe/edk2/MdePkg/Library/BasePcdLibNull/BasePcdLibNull.inf [AARCH64]
make[2]: Entering directory '/home/vivy/gbl_root_canoe/edk2/Build/RELEASE_CLANG35/AARCH64/MdePkg/Library/BasePcdLibNull/BasePcdLibNull'
"/usr/bin/clang" -g -fshort-wchar -fno-strict-aliasing -Wall -Werror -Wno-array-bounds -c -include AutoGen.h -mlittle-endian -fno-short-enums -save-temps -fverbose-asm -fsigned-char -ffunction-sections -fdata-sections -fomit-frame-pointer -fno-builtin -Wno-address -fno-asynchronous-unwind-tables -target aarch64-linux-gnu -mcmodel=small -mstrict-align -Wno-parentheses-equality -Wno-tautological-compare -Wno-tautological-constant-out-of-range-compare -Wno-empty-body -D=__FORTIFY_SOURCE -D_FORTIFY_SOURCE=2 -O2 -Wno-shift-negative-value -fstack-protector-all -Wno-varargs -fno-common -Wno-misleading-indentation -Wno-unknown-warning-option  -mtune=cortex-a53 -Oz -DZ_SOLO -DPRODUCT_NAME=\"canoe\" -DENABLE_UPDATE_PARTITIONS_CMDS -DENABLE_BOOT_CMD -DENABLE_DEVICE_CRITICAL_LOCK_UNLOCK_CMDS -DAUTO_PATCH_ABL -DDISABLE_PATCH_2 -DDISABLE_PATCH_3 -DDISABLE_PATCH_4 -DDISABLE_PATCH_5 -DDISABLE_PATCH_6 -DDISABLE_PATCH_7 -DDISABLE_PATCH_8 -DDISABLE_PATCH_9 -DINIT_BIN='"/init"' -DVERIFIED_BOOT_ENABLED -DBASE_ADDRESS=0x80000000 -DREMOVE_CARVEOUT_REGION -DQSPA_BOOTCONFIG_ENABLE  -c -o /home/vivy/gbl_root_canoe/edk2/Build/RELEASE_CLANG35/AARCH64/MdePkg/Library/BasePcdLibNull/BasePcdLibNull/OUTPUT/./PcdLib.obj @/home/vivy/gbl_root_canoe/edk2/Build/RELEASE_CLANG35/AARCH64/MdePkg/Library/BasePcdLibNull/BasePcdLibNull/OUTPUT/inc.lst /home/vivy/gbl_root_canoe/edk2/MdePkg/Library/BasePcdLibNull/PcdLib.c
PcdLib.s:4:2: warning: inconsistent use of MD5 checksums
        .file   1 "/home/vivy/gbl_root_canoe/edk2" "MdePkg/Library/BasePcdLibNull/PcdLib.c"
        ^
rm -f /home/vivy/gbl_root_canoe/edk2/Build/RELEASE_CLANG35/AARCH64/MdePkg/Library/BasePcdLibNull/BasePcdLibNull/OUTPUT/BasePcdLibNull.lib
"/usr/bin/llvm-ar" -cr /home/vivy/gbl_root_canoe/edk2/Build/RELEASE_CLANG35/AARCH64/MdePkg/Library/BasePcdLibNull/BasePcdLibNull/OUTPUT/BasePcdLibNull.lib  @/home/vivy/gbl_root_canoe/edk2/Build/RELEASE_CLANG35/AARCH64/MdePkg/Library/BasePcdLibNull/BasePcdLibNull/OUTPUT/object_files.lst
make[2]: Leaving directory '/home/vivy/gbl_root_canoe/edk2/Build/RELEASE_CLANG35/AARCH64/MdePkg/Library/BasePcdLibNull/BasePcdLibNull'
Building ... /home/vivy/gbl_root_canoe/edk2/MdePkg/Library/BasePrintLib/BasePrintLib.inf [AARCH64]
make[2]: Entering directory '/home/vivy/gbl_root_canoe/edk2/Build/RELEASE_CLANG35/AARCH64/MdePkg/Library/BasePrintLib/BasePrintLib'
"/usr/bin/clang" -g -fshort-wchar -fno-strict-aliasing -Wall -Werror -Wno-array-bounds -c -include AutoGen.h -mlittle-endian -fno-short-enums -save-temps -fverbose-asm -fsigned-char -ffunction-sections -fdata-sections -fomit-frame-pointer -fno-builtin -Wno-address -fno-asynchronous-unwind-tables -target aarch64-linux-gnu -mcmodel=small -mstrict-align -Wno-parentheses-equality -Wno-tautological-compare -Wno-tautological-constant-out-of-range-compare -Wno-empty-body -D=__FORTIFY_SOURCE -D_FORTIFY_SOURCE=2 -O2 -Wno-shift-negative-value -fstack-protector-all -Wno-varargs -fno-common -Wno-misleading-indentation -Wno-unknown-warning-option  -mtune=cortex-a53 -Oz -DZ_SOLO -DPRODUCT_NAME=\"canoe\" -DENABLE_UPDATE_PARTITIONS_CMDS -DENABLE_BOOT_CMD -DENABLE_DEVICE_CRITICAL_LOCK_UNLOCK_CMDS -DAUTO_PATCH_ABL -DDISABLE_PATCH_2 -DDISABLE_PATCH_3 -DDISABLE_PATCH_4 -DDISABLE_PATCH_5 -DDISABLE_PATCH_6 -DDISABLE_PATCH_7 -DDISABLE_PATCH_8 -DDISABLE_PATCH_9 -DINIT_BIN='"/init"' -DVERIFIED_BOOT_ENABLED -DBASE_ADDRESS=0x80000000 -DREMOVE_CARVEOUT_REGION -DQSPA_BOOTCONFIG_ENABLE  -c -o /home/vivy/gbl_root_canoe/edk2/Build/RELEASE_CLANG35/AARCH64/MdePkg/Library/BasePrintLib/BasePrintLib/OUTPUT/./PrintLib.obj @/home/vivy/gbl_root_canoe/edk2/Build/RELEASE_CLANG35/AARCH64/MdePkg/Library/BasePrintLib/BasePrintLib/OUTPUT/inc.lst /home/vivy/gbl_root_canoe/edk2/MdePkg/Library/BasePrintLib/PrintLib.c
PrintLib.s:4:2: warning: inconsistent use of MD5 checksums
        .file   1 "/home/vivy/gbl_root_canoe/edk2" "MdePkg/Library/BasePrintLib/PrintLib.c"
        ^
"/usr/bin/clang" -g -fshort-wchar -fno-strict-aliasing -Wall -Werror -Wno-array-bounds -c -include AutoGen.h -mlittle-endian -fno-short-enums -save-temps -fverbose-asm -fsigned-char -ffunction-sections -fdata-sections -fomit-frame-pointer -fno-builtin -Wno-address -fno-asynchronous-unwind-tables -target aarch64-linux-gnu -mcmodel=small -mstrict-align -Wno-parentheses-equality -Wno-tautological-compare -Wno-tautological-constant-out-of-range-compare -Wno-empty-body -D=__FORTIFY_SOURCE -D_FORTIFY_SOURCE=2 -O2 -Wno-shift-negative-value -fstack-protector-all -Wno-varargs -fno-common -Wno-misleading-indentation -Wno-unknown-warning-option  -mtune=cortex-a53 -Oz -DZ_SOLO -DPRODUCT_NAME=\"canoe\" -DENABLE_UPDATE_PARTITIONS_CMDS -DENABLE_BOOT_CMD -DENABLE_DEVICE_CRITICAL_LOCK_UNLOCK_CMDS -DAUTO_PATCH_ABL -DDISABLE_PATCH_2 -DDISABLE_PATCH_3 -DDISABLE_PATCH_4 -DDISABLE_PATCH_5 -DDISABLE_PATCH_6 -DDISABLE_PATCH_7 -DDISABLE_PATCH_8 -DDISABLE_PATCH_9 -DINIT_BIN='"/init"' -DVERIFIED_BOOT_ENABLED -DBASE_ADDRESS=0x80000000 -DREMOVE_CARVEOUT_REGION -DQSPA_BOOTCONFIG_ENABLE  -c -o /home/vivy/gbl_root_canoe/edk2/Build/RELEASE_CLANG35/AARCH64/MdePkg/Library/BasePrintLib/BasePrintLib/OUTPUT/./PrintLibInternal.obj @/home/vivy/gbl_root_canoe/edk2/Build/RELEASE_CLANG35/AARCH64/MdePkg/Library/BasePrintLib/BasePrintLib/OUTPUT/inc.lst /home/vivy/gbl_root_canoe/edk2/MdePkg/Library/BasePrintLib/PrintLibInternal.c
PrintLibInternal.s:4:2: warning: inconsistent use of MD5 checksums
        .file   1 "/home/vivy/gbl_root_canoe/edk2" "MdePkg/Include/AArch64/ProcessorBind.h"
        ^
rm -f /home/vivy/gbl_root_canoe/edk2/Build/RELEASE_CLANG35/AARCH64/MdePkg/Library/BasePrintLib/BasePrintLib/OUTPUT/BasePrintLib.lib
"/usr/bin/llvm-ar" -cr /home/vivy/gbl_root_canoe/edk2/Build/RELEASE_CLANG35/AARCH64/MdePkg/Library/BasePrintLib/BasePrintLib/OUTPUT/BasePrintLib.lib  @/home/vivy/gbl_root_canoe/edk2/Build/RELEASE_CLANG35/AARCH64/MdePkg/Library/BasePrintLib/BasePrintLib/OUTPUT/object_files.lst
make[2]: Leaving directory '/home/vivy/gbl_root_canoe/edk2/Build/RELEASE_CLANG35/AARCH64/MdePkg/Library/BasePrintLib/BasePrintLib'
Building ... /home/vivy/gbl_root_canoe/edk2/MdeModulePkg/Library/DxeReportStatusCodeLib/DxeReportStatusCodeLib.inf [AARCH64]
make[2]: Entering directory '/home/vivy/gbl_root_canoe/edk2/Build/RELEASE_CLANG35/AARCH64/MdeModulePkg/Library/DxeReportStatusCodeLib/DxeReportStatusCodeLib'
"/usr/bin/clang"  -g -fshort-wchar -fno-strict-aliasing -Wall -Werror -Wno-array-bounds -c -include AutoGen.h -mlittle-endian -fno-short-enums -save-temps -fverbose-asm -fsigned-char -ffunction-sections -fdata-sections -fomit-frame-pointer -fno-builtin -Wno-address -fno-asynchronous-unwind-tables -target aarch64-linux-gnu -mcmodel=small -mstrict-align -Wno-parentheses-equality -Wno-tautological-compare -Wno-tautological-constant-out-of-range-compare -Wno-empty-body -D=__FORTIFY_SOURCE -D_FORTIFY_SOURCE=2 -O2 -Wno-shift-negative-value -fstack-protector-all -Wno-varargs -fno-common -Wno-misleading-indentation -Wno-unknown-warning-option  -mtune=cortex-a53 -Oz -DZ_SOLO -DPRODUCT_NAME=\"canoe\" -DENABLE_UPDATE_PARTITIONS_CMDS -DENABLE_BOOT_CMD -DENABLE_DEVICE_CRITICAL_LOCK_UNLOCK_CMDS -DAUTO_PATCH_ABL -DDISABLE_PATCH_2 -DDISABLE_PATCH_3 -DDISABLE_PATCH_4 -DDISABLE_PATCH_5 -DDISABLE_PATCH_6 -DDISABLE_PATCH_7 -DDISABLE_PATCH_8 -DDISABLE_PATCH_9 -DINIT_BIN='"/init"' -DVERIFIED_BOOT_ENABLED -DBASE_ADDRESS=0x80000000 -DREMOVE_CARVEOUT_REGION -DQSPA_BOOTCONFIG_ENABLE -o /home/vivy/gbl_root_canoe/edk2/Build/RELEASE_CLANG35/AARCH64/MdeModulePkg/Library/DxeReportStatusCodeLib/DxeReportStatusCodeLib/OUTPUT/./ReportStatusCodeLib.obj -I/home/vivy/gbl_root_canoe/edk2/MdeModulePkg/Library/DxeReportStatusCodeLib -I/home/vivy/gbl_root_canoe/edk2/Build/RELEASE_CLANG35/AARCH64/MdeModulePkg/Library/DxeReportStatusCodeLib/DxeReportStatusCodeLib/DEBUG -I/home/vivy/gbl_root_canoe/edk2/MdePkg -I/home/vivy/gbl_root_canoe/edk2/MdePkg/Include -I/home/vivy/gbl_root_canoe/edk2/MdePkg/Include/AArch64 -I/home/vivy/gbl_root_canoe/edk2/MdeModulePkg -I/home/vivy/gbl_root_canoe/edk2/MdeModulePkg/Include /home/vivy/gbl_root_canoe/edk2/MdeModulePkg/Library/DxeReportStatusCodeLib/ReportStatusCodeLib.c
ReportStatusCodeLib.s:4:2: warning: inconsistent use of MD5 checksums
        .file   1 "/home/vivy/gbl_root_canoe/edk2" "MdePkg/Include/AArch64/ProcessorBind.h"
        ^
rm -f /home/vivy/gbl_root_canoe/edk2/Build/RELEASE_CLANG35/AARCH64/MdeModulePkg/Library/DxeReportStatusCodeLib/DxeReportStatusCodeLib/OUTPUT/DxeReportStatusCodeLib.lib
"/usr/bin/llvm-ar" -cr /home/vivy/gbl_root_canoe/edk2/Build/RELEASE_CLANG35/AARCH64/MdeModulePkg/Library/DxeReportStatusCodeLib/DxeReportStatusCodeLib/OUTPUT/DxeReportStatusCodeLib.lib  @/home/vivy/gbl_root_canoe/edk2/Build/RELEASE_CLANG35/AARCH64/MdeModulePkg/Library/DxeReportStatusCodeLib/DxeReportStatusCodeLib/OUTPUT/object_files.lst
make[2]: Leaving directory '/home/vivy/gbl_root_canoe/edk2/Build/RELEASE_CLANG35/AARCH64/MdeModulePkg/Library/DxeReportStatusCodeLib/DxeReportStatusCodeLib'
Building ... /home/vivy/gbl_root_canoe/edk2/QcomModulePkg/Application/LinuxLoader/LinuxLoader.inf [AARCH64]
make[2]: Entering directory '/home/vivy/gbl_root_canoe/edk2/Build/RELEASE_CLANG35/AARCH64/QcomModulePkg/Application/LinuxLoader/LinuxLoader'
"/usr/bin/clang"  -g -fshort-wchar -fno-strict-aliasing -Wall -Werror -Wno-array-bounds -c -include AutoGen.h -mlittle-endian -fno-short-enums -save-temps -fverbose-asm -fsigned-char -ffunction-sections -fdata-sections -fomit-frame-pointer -fno-builtin -Wno-address -fno-asynchronous-unwind-tables -target aarch64-linux-gnu -mcmodel=small -mstrict-align -Wno-parentheses-equality -Wno-tautological-compare -Wno-tautological-constant-out-of-range-compare -Wno-empty-body -D=__FORTIFY_SOURCE -D_FORTIFY_SOURCE=2 -O2 -Wno-shift-negative-value -fstack-protector-all -Wno-varargs -fno-common -Wno-misleading-indentation -Wno-unknown-warning-option  -mtune=cortex-a53 -Oz         -DZ_SOLO -DPRODUCT_NAME=\"canoe\" -DENABLE_UPDATE_PARTITIONS_CMDS -DENABLE_BOOT_CMD -DENABLE_DEVICE_CRITICAL_LOCK_UNLOCK_CMDS -DAUTO_PATCH_ABL -DDISABLE_PATCH_2 -DDISABLE_PATCH_3 -DDISABLE_PATCH_4 -DDISABLE_PATCH_5 -DDISABLE_PATCH_6 -DDISABLE_PATCH_7 -DDISABLE_PATCH_8 -DDISABLE_PATCH_9 -DINIT_BIN='"/init"' -DVERIFIED_BOOT_ENABLED -DBASE_ADDRESS=0x80000000 -DREMOVE_CARVEOUT_REGION -DQSPA_BOOTCONFIG_ENABLE -o /home/vivy/gbl_root_canoe/edk2/Build/RELEASE_CLANG35/AARCH64/QcomModulePkg/Application/LinuxLoader/LinuxLoader/OUTPUT/./AutoGen.obj -I/home/vivy/gbl_root_canoe/edk2/QcomModulePkg/Application/LinuxLoader/hibernation -I/home/vivy/gbl_root_canoe/edk2/QcomModulePkg/Application/LinuxLoader -I/home/vivy/gbl_root_canoe/edk2/Build/RELEASE_CLANG35/AARCH64/QcomModulePkg/Application/LinuxLoader/LinuxLoader/DEBUG -I/home/vivy/gbl_root_canoe/edk2/ArmPkg -I/home/vivy/gbl_root_canoe/edk2/ArmPkg/Include -I/home/vivy/gbl_root_canoe/edk2/MdePkg -I/home/vivy/gbl_root_canoe/edk2/MdePkg/Include -I/home/vivy/gbl_root_canoe/edk2/MdePkg/Include/AArch64 -I/home/vivy/gbl_root_canoe/edk2/EmbeddedPkg -I/home/vivy/gbl_root_canoe/edk2/EmbeddedPkg/Include -I/home/vivy/gbl_root_canoe/edk2/EmbeddedPkg/Library/LibUfdt -I/home/vivy/gbl_root_canoe/edk2/EmbeddedPkg/Library/LibUfdt/include -I/home/vivy/gbl_root_canoe/edk2/EmbeddedPkg/Library/LibUfdt/sysdeps/include -I/home/vivy/gbl_root_canoe/edk2/ArmPlatformPkg -I/home/vivy/gbl_root_canoe/edk2/ArmPlatformPkg/Include -I/home/vivy/gbl_root_canoe/edk2/MdeModulePkg -I/home/vivy/gbl_root_canoe/edk2/MdeModulePkg/Include -I/home/vivy/gbl_root_canoe/edk2/QcomModulePkg -I/home/vivy/gbl_root_canoe/edk2/QcomModulePkg/Include -I/home/vivy/gbl_root_canoe/edk2/QcomModulePkg/Include/Library -I/home/vivy/gbl_root_canoe/edk2/QcomModulePkg/Library /home/vivy/gbl_root_canoe/edk2/Build/RELEASE_CLANG35/AARCH64/QcomModulePkg/Application/LinuxLoader/LinuxLoader/DEBUG/AutoGen.c
AutoGen.s:4:2: warning: inconsistent use of MD5 checksums
        .file   1 "/home/vivy/gbl_root_canoe/edk2" "MdePkg/Include/AArch64/ProcessorBind.h"
        ^
"/usr/bin/clang"  -g -fshort-wchar -fno-strict-aliasing -Wall -Werror -Wno-array-bounds -c -include AutoGen.h -mlittle-endian -fno-short-enums -save-temps -fverbose-asm -fsigned-char -ffunction-sections -fdata-sections -fomit-frame-pointer -fno-builtin -Wno-address -fno-asynchronous-unwind-tables -target aarch64-linux-gnu -mcmodel=small -mstrict-align -Wno-parentheses-equality -Wno-tautological-compare -Wno-tautological-constant-out-of-range-compare -Wno-empty-body -D=__FORTIFY_SOURCE -D_FORTIFY_SOURCE=2 -O2 -Wno-shift-negative-value -fstack-protector-all -Wno-varargs -fno-common -Wno-misleading-indentation -Wno-unknown-warning-option  -mtune=cortex-a53 -Oz         -DZ_SOLO -DPRODUCT_NAME=\"canoe\" -DENABLE_UPDATE_PARTITIONS_CMDS -DENABLE_BOOT_CMD -DENABLE_DEVICE_CRITICAL_LOCK_UNLOCK_CMDS -DAUTO_PATCH_ABL -DDISABLE_PATCH_2 -DDISABLE_PATCH_3 -DDISABLE_PATCH_4 -DDISABLE_PATCH_5 -DDISABLE_PATCH_6 -DDISABLE_PATCH_7 -DDISABLE_PATCH_8 -DDISABLE_PATCH_9 -DINIT_BIN='"/init"' -DVERIFIED_BOOT_ENABLED -DBASE_ADDRESS=0x80000000 -DREMOVE_CARVEOUT_REGION -DQSPA_BOOTCONFIG_ENABLE -o /home/vivy/gbl_root_canoe/edk2/Build/RELEASE_CLANG35/AARCH64/QcomModulePkg/Application/LinuxLoader/LinuxLoader/OUTPUT/./LinuxLoader.obj -I/home/vivy/gbl_root_canoe/edk2/QcomModulePkg/Application/LinuxLoader/hibernation -I/home/vivy/gbl_root_canoe/edk2/QcomModulePkg/Application/LinuxLoader -I/home/vivy/gbl_root_canoe/edk2/Build/RELEASE_CLANG35/AARCH64/QcomModulePkg/Application/LinuxLoader/LinuxLoader/DEBUG -I/home/vivy/gbl_root_canoe/edk2/ArmPkg -I/home/vivy/gbl_root_canoe/edk2/ArmPkg/Include -I/home/vivy/gbl_root_canoe/edk2/MdePkg -I/home/vivy/gbl_root_canoe/edk2/MdePkg/Include -I/home/vivy/gbl_root_canoe/edk2/MdePkg/Include/AArch64 -I/home/vivy/gbl_root_canoe/edk2/EmbeddedPkg -I/home/vivy/gbl_root_canoe/edk2/EmbeddedPkg/Include -I/home/vivy/gbl_root_canoe/edk2/EmbeddedPkg/Library/LibUfdt -I/home/vivy/gbl_root_canoe/edk2/EmbeddedPkg/Library/LibUfdt/include -I/home/vivy/gbl_root_canoe/edk2/EmbeddedPkg/Library/LibUfdt/sysdeps/include -I/home/vivy/gbl_root_canoe/edk2/ArmPlatformPkg -I/home/vivy/gbl_root_canoe/edk2/ArmPlatformPkg/Include -I/home/vivy/gbl_root_canoe/edk2/MdeModulePkg -I/home/vivy/gbl_root_canoe/edk2/MdeModulePkg/Include -I/home/vivy/gbl_root_canoe/edk2/QcomModulePkg -I/home/vivy/gbl_root_canoe/edk2/QcomModulePkg/Include -I/home/vivy/gbl_root_canoe/edk2/QcomModulePkg/Include/Library -I/home/vivy/gbl_root_canoe/edk2/QcomModulePkg/Library /home/vivy/gbl_root_canoe/edk2/QcomModulePkg/Application/LinuxLoader/LinuxLoader.c
In file included from /home/vivy/gbl_root_canoe/edk2/QcomModulePkg/Application/LinuxLoader/LinuxLoader.c:1089:
In file included from /home/vivy/gbl_root_canoe/edk2/QcomModulePkg/Application/LinuxLoader/../../../../tools/patchlib.h:3:
/home/vivy/gbl_root_canoe/edk2/QcomModulePkg/Application/LinuxLoader/../../../../tools/arm64_inst_decoder.h:346:15: error: unused function 'encode_movz_w' [-Werror,-Wunused-function]
  346 | static UINT32 encode_movz_w(UINT8 rd, UINT16 imm16) {
      |               ^~~~~~~~~~~~~
In file included from /home/vivy/gbl_root_canoe/edk2/QcomModulePkg/Application/LinuxLoader/LinuxLoader.c:1089:
/home/vivy/gbl_root_canoe/edk2/QcomModulePkg/Application/LinuxLoader/../../../../tools/patchlib.h:140:14: error: unused function 'track_forward_patch_strb' [-Werror,-Wunused-function]
  140 | static INT32 track_forward_patch_strb(CHAR8* buffer, INT32 size, INT32 ldrb_off,
      |              ^~~~~~~~~~~~~~~~~~~~~~~~
2 errors generated.
make[2]: *** [GNUmakefile:393: /home/vivy/gbl_root_canoe/edk2/Build/RELEASE_CLANG35/AARCH64/QcomModulePkg/Application/LinuxLoader/LinuxLoader/OUTPUT/LinuxLoader.obj] Error 1
make[2]: Leaving directory '/home/vivy/gbl_root_canoe/edk2/Build/RELEASE_CLANG35/AARCH64/QcomModulePkg/Application/LinuxLoader/LinuxLoader'


build.py...
 : error 7000: Failed to execute command
	make tbuild [/home/vivy/gbl_root_canoe/edk2/Build/RELEASE_CLANG35/AARCH64/QcomModulePkg/Application/LinuxLoader/LinuxLoader]


build.py...
 : error F002: Failed to build module
	/home/vivy/gbl_root_canoe/edk2/QcomModulePkg/Application/LinuxLoader/LinuxLoader.inf [AARCH64, CLANG35, RELEASE]

- Failed -
Build end time: 04:25:05, Apr.26 2026
Build total time: 00:00:11

