/*
 * Generated by embed_variant.py. Do not edit; not committed.
 */
#include <Uefi.h>

STATIC CONST UINT8 mCanoeMsdImage[57344] = {
  0x4d, 0x5a, 0x00, 0x00, 0x00, 0x00, 0x00, 0x00, 0x00, 0x00, 0x00, 0x00, 0x00, 0x00, 0x00, 0x00,
  0x00, 0x00, 0x00, 0x00, 0x00, 0x00, 0x00, 0x00, 0x00, 0x00, 0x00, 0x00, 0x00, 0x00, 0x00, 0x00,
  0x00, 0x00, 0x00, 0x00, 0x00, 0x00, 0x00, 0x00, 0x00, 0x00, 0x00, 0x00, 0x00, 0x00, 0x00, 0x00,
  0x00, 0x00, 0x00, 0x00, 0x00, 0x00, 0x00, 0x00, 0x00, 0x00, 0x00, 0x00, 0x58, 0x0e, 0x00, 0x00,
  0x00, 0x00, 0x00, 0x00, 0x00, 0x00, 0x00, 0x00, 0x00, 0x00, 0x00, 0x00, 0x00, 0x00, 0x00, 0x00,
  0x00, 0x00, 0x00, 0x00, 0x00, 0x00, 0x00, 0x00, 0x00, 0x00, 0x00, 0x00, 0x00, 0x00, 0x00, 0x00,
  0x00, 0x00, 0x00, 0x00, 0x00, 0x00, 0x00, 0x00, 0x00, 0x00, 0x00, 0x00, 0x00, 0x00, 0x00, 0x00,
  0x00, 0x00, 0x00, 0x00, 0x00, 0x00, 0x00, 0x00, 0x00, 0x00, 0x00, 0x00, 0x00, 0x00, 0x00, 0x00,
  0x00, 0x00, 0x00, 0x00, 0x00, 0x00, 0x00, 0x00, 0x00, 0x00, 0x00, 0x00, 0x00, 0x00, 0x00, 0x00,
  0x00, 0x00, 0x00, 0x00, 0x00, 0x00, 0x00, 0x00, 0x00, 0x00, 0x00, 0x00, 0x00, 0x00, 0x00, 0x00,
  0x00, 0x00, 0x00, 0x00, 0x00, 0x00, 0x00, 0x00, 0x00, 0x00, 0x00, 0x00, 0x00, 0x00, 0x00, 0x00,
  0x00, 0x00, 0x00, 0x00, 0x00, 0x00, 0x00, 0x00, 0x00, 0x00, 0x00, 0x00, 0x00, 0x00, 0x00, 0x00,
  0x00, 0x00, 0x00, 0x00, 0x00, 0x00, 0x00, 0x00, 0x00, 0x00, 0x00, 0x00, 0x00, 0x00, 0x00, 0x00,
  0x00, 0x00, 0x00, 0x00, 0x00, 0x00, 0x00, 0x00, 0x00, 0x00, 0x00, 0x00, 0x00, 0x00, 0x00, 0x00,
  0x00, 0x00, 0x00, 0x00, 0x00, 0x00, 0x00, 0x00, 0x00, 0x00, 0x00, 0x00, 0x00, 0x00, 0x00, 0x00,
  0x00, 0x00, 0x00, 0x00, 0x00, 0x00, 0x00, 0x00, 0x00, 0x00, 0x00, 0x00, 0x00, 0x00, 0x00, 0x00,
  0x00, 0x00, 0x00, 0x00, 0x00, 0x00, 0x00, 0x00, 0x00, 0x00, 0x00, 0x00, 0x00, 0x00, 0x00, 0x00,
  0x00, 0x00, 0x00, 0x00, 0x00, 0x00, 0x00, 0x00, 0x00, 0x00, 0x00, 0x00, 0x00, 0x00, 0x00, 0x00,
  0x00, 0x00, 0x00, 0x00, 0x00, 0x00, 0x00, 0x00, 0x00, 0x00, 0x00, 0x00, 0x00, 0x00, 0x00, 0x00,
  0x00, 0x00, 0x00, 0x00, 0x00, 0x00, 0x00, 0x00, 0x00, 0x00, 0x00, 0x00, 0x00, 0x00, 0x00, 0x00,
  0x00, 0x00, 0x00, 0x00, 0x00, 0x00, 0x00, 0x00, 0x00, 0x00, 0x00, 0x00, 0x00, 0x00, 0x00, 0x00,
  0x00, 0x00, 0x00, 0x00, 0x00, 0x00, 0x00, 0x00, 0x00, 0x00, 0x00, 0x00, 0x00, 0x00, 0x00, 0x00,
  0x00, 0x00, 0x00, 0x00, 0x00, 0x00, 0x00, 0x00, 0x00, 0x00, 0x00, 0x00, 0x00, 0x00, 0x00, 0x00,
  0x00, 0x00, 0x00, 0x00, 0x00, 0x00, 0x00, 0x00, 0x00, 0x00, 0x00, 0x00, 0x00, 0x00, 0x00, 0x00,
  0x00, 0x00, 0x00, 0x00, 0x00, 0x00, 0x00, 0x00, 0x00, 0x00, 0x00, 0x00, 0x00, 0x00, 0x00, 0x00,
  0x00, 0x00, 0x00, 0x00, 0x00, 0x00, 0x00, 0x00, 0x00, 0x00, 0x00, 0x00, 0x00, 0x00, 0x00, 0x00,
  0x00, 0x00, 0x00, 0x00, 0x00, 0x00, 0x00, 0x00, 0x00, 0x00, 0x00, 0x00, 0x00, 0x00, 0x00, 0x00,
  0x00, 0x00, 0x00, 0x00, 0x00, 0x00, 0x00, 0x00, 0x00, 0x00, 0x00, 0x00, 0x00, 0x00, 0x00, 0x00,
  0x00, 0x00, 0x00, 0x00, 0x00, 0x00, 0x00, 0x00, 0x00, 0x00, 0x00, 0x00, 0x00, 0x00, 0x00, 0x00,
  0x00, 0x00, 0x00, 0x00, 0x00, 0x00, 0x00, 0x00, 0x00, 0x00, 0x00, 0x00, 0x00, 0x00, 0x00, 0x00,
  0x00, 0x00, 0x00, 0x00, 0x00, 0x00, 0x00, 0x00, 0x00, 0x00, 0x00, 0x00, 0x00, 0x00, 0x00, 0x00,
  0x00, 0x00, 0x00, 0x00, 0x00, 0x00, 0x00, 0x00, 0x00, 0x00, 0x00, 0x00, 0x00, 0x00, 0x00, 0x00,
  0x00, 0x00, 0x00, 0x00, 0x00, 0x00, 0x00, 0x00, 0x00, 0x00, 0x00, 0x00, 0x00, 0x00, 0x00, 0x00,
  0x00, 0x00, 0x00, 0x00, 0x00, 0x00, 0x00, 0x00, 0x00, 0x00, 0x00, 0x00, 0x00, 0x00, 0x00, 0x00,
  0x00, 0x00, 0x00, 0x00, 0x00, 0x00, 0x00, 0x00, 0x00, 0x00, 0x00, 0x00, 0x00, 0x00, 0x00, 0x00,
  0x00, 0x00, 0x00, 0x00, 0x00, 0x00, 0x00, 0x00, 0x00, 0x00, 0x00, 0x00, 0x00, 0x00, 0x00, 0x00,
  0x00, 0x00, 0x00, 0x00, 0x00, 0x00, 0x00, 0x00, 0x00, 0x00, 0x00, 0x00, 0x00, 0x00, 0x00, 0x00,
  0x00, 0x00, 0x00, 0x00, 0x00, 0x00, 0x00, 0x00, 0x00, 0x00, 0x00, 0x00, 0x00, 0x00, 0x00, 0x00,
  0x00, 0x00, 0x00, 0x00, 0x00, 0x00, 0x00, 0x00, 0x00, 0x00, 0x00, 0x00, 0x00, 0x00, 0x00, 0x00,
  0x00, 0x00, 0x00, 0x00, 0x00, 0x00, 0x00, 0x00, 0x00, 0x00, 0x00, 0x00, 0x00, 0x00, 0x00, 0x00,
  0x00, 0x00, 0x00, 0x00, 0x00, 0x00, 0x00, 0x00, 0x00, 0x00, 0x00, 0x00, 0x00, 0x00, 0x00, 0x00,
  0x00, 0x00, 0x00, 0x00, 0x00, 0x00, 0x00, 0x00, 0x00, 0x00, 0x00, 0x00, 0x00, 0x00, 0x00, 0x00,
  0x00, 0x00, 0x00, 0x00, 0x00, 0x00, 0x00, 0x00, 0x00, 0x00, 0x00, 0x00, 0x00, 0x00, 0x00, 0x00,
  0x00, 0x00, 0x00, 0x00, 0x00, 0x00, 0x00, 0x00, 0x00, 0x00, 0x00, 0x00, 0x00, 0x00, 0x00, 0x00,
  0x00, 0x00, 0x00, 0x00, 0x00, 0x00, 0x00, 0x00, 0x00, 0x00, 0x00, 0x00, 0x00, 0x00, 0x00, 0x00,
  0x00, 0x00, 0x00, 0x00, 0x00, 0x00, 0x00, 0x00, 0x00, 0x00, 0x00, 0x00, 0x00, 0x00, 0x00, 0x00,
  0x00, 0x00, 0x00, 0x00, 0x00, 0x00, 0x00, 0x00, 0x00, 0x00, 0x00, 0x00, 0x00, 0x00, 0x00, 0x00,
  0x00, 0x00, 0x00, 0x00, 0x00, 0x00, 0x00, 0x00, 0x00, 0x00, 0x00, 0x00, 0x00, 0x00, 0x00, 0x00,
  0x00, 0x00, 0x00, 0x00, 0x00, 0x00, 0x00, 0x00, 0x00, 0x00, 0x00, 0x00, 0x00, 0x00, 0x00, 0x00,
  0x00, 0x00, 0x00, 0x00, 0x00, 0x00, 0x00, 0x00, 0x00, 0x00, 0x00, 0x00, 0x00, 0x00, 0x00, 0x00,
  0x00, 0x00, 0x00, 0x00, 0x00, 0x00, 0x00, 0x00, 0x00, 0x00, 0x00, 0x00, 0x00, 0x00, 0x00, 0x00,
  0x00, 0x00, 0x00, 0x00, 0x00, 0x00, 0x00, 0x00, 0x00, 0x00, 0x00, 0x00, 0x00, 0x00, 0x00, 0x00,
  0x00, 0x00, 0x00, 0x00, 0x00, 0x00, 0x00, 0x00, 0x00, 0x00, 0x00, 0x00, 0x00, 0x00, 0x00, 0x00,
  0x00, 0x00, 0x00, 0x00, 0x00, 0x00, 0x00, 0x00, 0x00, 0x00, 0x00, 0x00, 0x00, 0x00, 0x00, 0x00,
  0x00, 0x00, 0x00, 0x00, 0x00, 0x00, 0x00, 0x00, 0x00, 0x00, 0x00, 0x00, 0x00, 0x00, 0x00, 0x00,
  0x00, 0x00, 0x00, 0x00, 0x00, 0x00, 0x00, 0x00, 0x00, 0x00, 0x00, 0x00, 0x00, 0x00, 0x00, 0x00,
  0x00, 0x00, 0x00, 0x00, 0x00, 0x00, 0x00, 0x00, 0x00, 0x00, 0x00, 0x00, 0x00, 0x00, 0x00, 0x00,
  0x00, 0x00, 0x00, 0x00, 0x00, 0x00, 0x00, 0x00, 0x00, 0x00, 0x00, 0x00, 0x00, 0x00, 0x00, 0x00,
  0x00, 0x00, 0x00, 0x00, 0x00, 0x00, 0x00, 0x00, 0x00, 0x00, 0x00, 0x00, 0x00, 0x00, 0x00, 0x00,
  0x00, 0x00, 0x00, 0x00, 0x00, 0x00, 0x00, 0x00, 0x00, 0x00, 0x00, 0x00, 0x00, 0x00, 0x00, 0x00,
  0x00, 0x00, 0x00, 0x00, 0x00, 0x00, 0x00, 0x00, 0x00, 0x00, 0x00, 0x00, 0x00, 0x00, 0x00, 0x00,
  0x00, 0x00, 0x00, 0x00, 0x00, 0x00, 0x00, 0x00, 0x00, 0x00, 0x00, 0x00, 0x00, 0x00, 0x00, 0x00,
  0x00, 0x00, 0x00, 0x00, 0x00, 0x00, 0x00, 0x00, 0x00, 0x00, 0x00, 0x00, 0x00, 0x00, 0x00, 0x00,
  0x00, 0x00, 0x00, 0x00, 0x00, 0x00, 0x00, 0x00, 0x00, 0x00, 0x00, 0x00, 0x00, 0x00, 0x00, 0x00,
  0x00, 0x00, 0x00, 0x00, 0x00, 0x00, 0x00, 0x00, 0x00, 0x00, 0x00, 0x00, 0x00, 0x00, 0x00, 0x00,
  0x00, 0x00, 0x00, 0x00, 0x00, 0x00, 0x00, 0x00, 0x00, 0x00, 0x00, 0x00, 0x00, 0x00, 0x00, 0x00,
  0x00, 0x00, 0x00, 0x00, 0x00, 0x00, 0x00, 0x00, 0x00, 0x00, 0x00, 0x00, 0x00, 0x00, 0x00, 0x00,
  0x00, 0x00, 0x00, 0x00, 0x00, 0x00, 0x00, 0x00, 0x00, 0x00, 0x00, 0x00, 0x00, 0x00, 0x00, 0x00,
  0x00, 0x00, 0x00, 0x00, 0x00, 0x00, 0x00, 0x00, 0x00, 0x00, 0x00, 0x00, 0x00, 0x00, 0x00, 0x00,
  0x00, 0x00, 0x00, 0x00, 0x00, 0x00, 0x00, 0x00, 0x00, 0x00, 0x00, 0x00, 0x00, 0x00, 0x00, 0x00,
  0x00, 0x00, 0x00, 0x00, 0x00, 0x00, 0x00, 0x00, 0x00, 0x00, 0x00, 0x00, 0x00, 0x00, 0x00, 0x00,
  0x00, 0x00, 0x00, 0x00, 0x00, 0x00, 0x00, 0x00, 0x00, 0x00, 0x00, 0x00, 0x00, 0x00, 0x00, 0x00,
  0x00, 0x00, 0x00, 0x00, 0x00, 0x00, 0x00, 0x00, 0x00, 0x00, 0x00, 0x00, 0x00, 0x00, 0x00, 0x00,
  0x00, 0x00, 0x00, 0x00, 0x00, 0x00, 0x00, 0x00, 0x00, 0x00, 0x00, 0x00, 0x00, 0x00, 0x00, 0x00,
  0x00, 0x00, 0x00, 0x00, 0x00, 0x00, 0x00, 0x00, 0x00, 0x00, 0x00, 0x00, 0x00, 0x00, 0x00, 0x00,
  0x00, 0x00, 0x00, 0x00, 0x00, 0x00, 0x00, 0x00, 0x00, 0x00, 0x00, 0x00, 0x00, 0x00, 0x00, 0x00,
  0x00, 0x00, 0x00, 0x00, 0x00, 0x00, 0x00, 0x00, 0x00, 0x00, 0x00, 0x00, 0x00, 0x00, 0x00, 0x00,
  0x00, 0x00, 0x00, 0x00, 0x00, 0x00, 0x00, 0x00, 0x00, 0x00, 0x00, 0x00, 0x00, 0x00, 0x00, 0x00,
  0x00, 0x00, 0x00, 0x00, 0x00, 0x00, 0x00, 0x00, 0x00, 0x00, 0x00, 0x00, 0x00, 0x00, 0x00, 0x00,
  0x00, 0x00, 0x00, 0x00, 0x00, 0x00, 0x00, 0x00, 0x00, 0x00, 0x00, 0x00, 0x00, 0x00, 0x00, 0x00,
  0x00, 0x00, 0x00, 0x00, 0x00, 0x00, 0x00, 0x00, 0x00, 0x00, 0x00, 0x00, 0x00, 0x00, 0x00, 0x00,
  0x00, 0x00, 0x00, 0x00, 0x00, 0x00, 0x00, 0x00, 0x00, 0x00, 0x00, 0x00, 0x00, 0x00, 0x00, 0x00,
  0x00, 0x00, 0x00, 0x00, 0x00, 0x00, 0x00, 0x00, 0x00, 0x00, 0x00, 0x00, 0x00, 0x00, 0x00, 0x00,
  0x00, 0x00, 0x00, 0x00, 0x00, 0x00, 0x00, 0x00, 0x00, 0x00, 0x00, 0x00, 0x00, 0x00, 0x00, 0x00,
  0x00, 0x00, 0x00, 0x00, 0x00, 0x00, 0x00, 0x00, 0x00, 0x00, 0x00, 0x00, 0x00, 0x00, 0x00, 0x00,
  0x00, 0x00, 0x00, 0x00, 0x00, 0x00, 0x00, 0x00, 0x00, 0x00, 0x00, 0x00, 0x00, 0x00, 0x00, 0x00,
  0x00, 0x00, 0x00, 0x00, 0x00, 0x00, 0x00, 0x00, 0x00, 0x00, 0x00, 0x00, 0x00, 0x00, 0x00, 0x00,
  0x00, 0x00, 0x00, 0x00, 0x00, 0x00, 0x00, 0x00, 0x00, 0x00, 0x00, 0x00, 0x00, 0x00, 0x00, 0x00,
  0x00, 0x00, 0x00, 0x00, 0x00, 0x00, 0x00, 0x00, 0x00, 0x00, 0x00, 0x00, 0x00, 0x00, 0x00, 0x00,
  0x00, 0x00, 0x00, 0x00, 0x00, 0x00, 0x00, 0x00, 0x00, 0x00, 0x00, 0x00, 0x00, 0x00, 0x00, 0x00,
  0x00, 0x00, 0x00, 0x00, 0x00, 0x00, 0x00, 0x00, 0x00, 0x00, 0x00, 0x00, 0x00, 0x00, 0x00, 0x00,
  0x00, 0x00, 0x00, 0x00, 0x00, 0x00, 0x00, 0x00, 0x00, 0x00, 0x00, 0x00, 0x00, 0x00, 0x00, 0x00,
  0x00, 0x00, 0x00, 0x00, 0x00, 0x00, 0x00, 0x00, 0x00, 0x00, 0x00, 0x00, 0x00, 0x00, 0x00, 0x00,
  0x00, 0x00, 0x00, 0x00, 0x00, 0x00, 0x00, 0x00, 0x00, 0x00, 0x00, 0x00, 0x00, 0x00, 0x00, 0x00,
  0x00, 0x00, 0x00, 0x00, 0x00, 0x00, 0x00, 0x00, 0x00, 0x00, 0x00, 0x00, 0x00, 0x00, 0x00, 0x00,
  0x00, 0x00, 0x00, 0x00, 0x00, 0x00, 0x00, 0x00, 0x00, 0x00, 0x00, 0x00, 0x00, 0x00, 0x00, 0x00,
  0x00, 0x00, 0x00, 0x00, 0x00, 0x00, 0x00, 0x00, 0x00, 0x00, 0x00, 0x00, 0x00, 0x00, 0x00, 0x00,
  0x00, 0x00, 0x00, 0x00, 0x00, 0x00, 0x00, 0x00, 0x00, 0x00, 0x00, 0x00, 0x00, 0x00, 0x00, 0x00,
  0x00, 0x00, 0x00, 0x00, 0x00, 0x00, 0x00, 0x00, 0x00, 0x00, 0x00, 0x00, 0x00, 0x00, 0x00, 0x00,
  0x00, 0x00, 0x00, 0x00, 0x00, 0x00, 0x00, 0x00, 0x00, 0x00, 0x00, 0x00, 0x00, 0x00, 0x00, 0x00,
  0x00, 0x00, 0x00, 0x00, 0x00, 0x00, 0x00, 0x00, 0x00, 0x00, 0x00, 0x00, 0x00, 0x00, 0x00, 0x00,
  0x00, 0x00, 0x00, 0x00, 0x00, 0x00, 0x00, 0x00, 0x00, 0x00, 0x00, 0x00, 0x00, 0x00, 0x00, 0x00,
  0x00, 0x00, 0x00, 0x00, 0x00, 0x00, 0x00, 0x00, 0x00, 0x00, 0x00, 0x00, 0x00, 0x00, 0x00, 0x00,
  0x00, 0x00, 0x00, 0x00, 0x00, 0x00, 0x00, 0x00, 0x00, 0x00, 0x00, 0x00, 0x00, 0x00, 0x00, 0x00,
  0x00, 0x00, 0x00, 0x00, 0x00, 0x00, 0x00, 0x00, 0x00, 0x00, 0x00, 0x00, 0x00, 0x00, 0x00, 0x00,
  0x00, 0x00, 0x00, 0x00, 0x00, 0x00, 0x00, 0x00, 0x00, 0x00, 0x00, 0x00, 0x00, 0x00, 0x00, 0x00,
  0x00, 0x00, 0x00, 0x00, 0x00, 0x00, 0x00, 0x00, 0x00, 0x00, 0x00, 0x00, 0x00, 0x00, 0x00, 0x00,
  0x00, 0x00, 0x00, 0x00, 0x00, 0x00, 0x00, 0x00, 0x00, 0x00, 0x00, 0x00, 0x00, 0x00, 0x00, 0x00,
  0x00, 0x00, 0x00, 0x00, 0x00, 0x00, 0x00, 0x00, 0x00, 0x00, 0x00, 0x00, 0x00, 0x00, 0x00, 0x00,
  0x00, 0x00, 0x00, 0x00, 0x00, 0x00, 0x00, 0x00, 0x00, 0x00, 0x00, 0x00, 0x00, 0x00, 0x00, 0x00,
  0x00, 0x00, 0x00, 0x00, 0x00, 0x00, 0x00, 0x00, 0x00, 0x00, 0x00, 0x00, 0x00, 0x00, 0x00, 0x00,
  0x00, 0x00, 0x00, 0x00, 0x00, 0x00, 0x00, 0x00, 0x00, 0x00, 0x00, 0x00, 0x00, 0x00, 0x00, 0x00,
  0x00, 0x00, 0x00, 0x00, 0x00, 0x00, 0x00, 0x00, 0x00, 0x00, 0x00, 0x00, 0x00, 0x00, 0x00, 0x00,
  0x00, 0x00, 0x00, 0x00, 0x00, 0x00, 0x00, 0x00, 0x00, 0x00, 0x00, 0x00, 0x00, 0x00, 0x00, 0x00,
  0x00, 0x00, 0x00, 0x00, 0x00, 0x00, 0x00, 0x00, 0x00, 0x00, 0x00, 0x00, 0x00, 0x00, 0x00, 0x00,
  0x00, 0x00, 0x00, 0x00, 0x00, 0x00, 0x00, 0x00, 0x00, 0x00, 0x00, 0x00, 0x00, 0x00, 0x00, 0x00,
  0x00, 0x00, 0x00, 0x00, 0x00, 0x00, 0x00, 0x00, 0x00, 0x00, 0x00, 0x00, 0x00, 0x00, 0x00, 0x00,
  0x00, 0x00, 0x00, 0x00, 0x00, 0x00, 0x00, 0x00, 0x00, 0x00, 0x00, 0x00, 0x00, 0x00, 0x00, 0x00,
  0x00, 0x00, 0x00, 0x00, 0x00, 0x00, 0x00, 0x00, 0x00, 0x00, 0x00, 0x00, 0x00, 0x00, 0x00, 0x00,
  0x00, 0x00, 0x00, 0x00, 0x00, 0x00, 0x00, 0x00, 0x00, 0x00, 0x00, 0x00, 0x00, 0x00, 0x00, 0x00,
  0x00, 0x00, 0x00, 0x00, 0x00, 0x00, 0x00, 0x00, 0x00, 0x00, 0x00, 0x00, 0x00, 0x00, 0x00, 0x00,
  0x00, 0x00, 0x00, 0x00, 0x00, 0x00, 0x00, 0x00, 0x00, 0x00, 0x00, 0x00, 0x00, 0x00, 0x00, 0x00,
  0x00, 0x00, 0x00, 0x00, 0x00, 0x00, 0x00, 0x00, 0x00, 0x00, 0x00, 0x00, 0x00, 0x00, 0x00, 0x00,
  0x00, 0x00, 0x00, 0x00, 0x00, 0x00, 0x00, 0x00, 0x00, 0x00, 0x00, 0x00, 0x00, 0x00, 0x00, 0x00,
  0x00, 0x00, 0x00, 0x00, 0x00, 0x00, 0x00, 0x00, 0x00, 0x00, 0x00, 0x00, 0x00, 0x00, 0x00, 0x00,
  0x00, 0x00, 0x00, 0x00, 0x00, 0x00, 0x00, 0x00, 0x00, 0x00, 0x00, 0x00, 0x00, 0x00, 0x00, 0x00,
  0x00, 0x00, 0x00, 0x00, 0x00, 0x00, 0x00, 0x00, 0x00, 0x00, 0x00, 0x00, 0x00, 0x00, 0x00, 0x00,
  0x00, 0x00, 0x00, 0x00, 0x00, 0x00, 0x00, 0x00, 0x00, 0x00, 0x00, 0x00, 0x00, 0x00, 0x00, 0x00,
  0x00, 0x00, 0x00, 0x00, 0x00, 0x00, 0x00, 0x00, 0x00, 0x00, 0x00, 0x00, 0x00, 0x00, 0x00, 0x00,
  0x00, 0x00, 0x00, 0x00, 0x00, 0x00, 0x00, 0x00, 0x00, 0x00, 0x00, 0x00, 0x00, 0x00, 0x00, 0x00,
  0x00, 0x00, 0x00, 0x00, 0x00, 0x00, 0x00, 0x00, 0x00, 0x00, 0x00, 0x00, 0x00, 0x00, 0x00, 0x00,
  0x00, 0x00, 0x00, 0x00, 0x00, 0x00, 0x00, 0x00, 0x00, 0x00, 0x00, 0x00, 0x00, 0x00, 0x00, 0x00,
  0x00, 0x00, 0x00, 0x00, 0x00, 0x00, 0x00, 0x00, 0x00, 0x00, 0x00, 0x00, 0x00, 0x00, 0x00, 0x00,
  0x00, 0x00, 0x00, 0x00, 0x00, 0x00, 0x00, 0x00, 0x00, 0x00, 0x00, 0x00, 0x00, 0x00, 0x00, 0x00,
  0x00, 0x00, 0x00, 0x00, 0x00, 0x00, 0x00, 0x00, 0x00, 0x00, 0x00, 0x00, 0x00, 0x00, 0x00, 0x00,
  0x00, 0x00, 0x00, 0x00, 0x00, 0x00, 0x00, 0x00, 0x00, 0x00, 0x00, 0x00, 0x00, 0x00, 0x00, 0x00,
  0x00, 0x00, 0x00, 0x00, 0x00, 0x00, 0x00, 0x00, 0x00, 0x00, 0x00, 0x00, 0x00, 0x00, 0x00, 0x00,
  0x00, 0x00, 0x00, 0x00, 0x00, 0x00, 0x00, 0x00, 0x00, 0x00, 0x00, 0x00, 0x00, 0x00, 0x00, 0x00,
  0x00, 0x00, 0x00, 0x00, 0x00, 0x00, 0x00, 0x00, 0x00, 0x00, 0x00, 0x00, 0x00, 0x00, 0x00, 0x00,
  0x00, 0x00, 0x00, 0x00, 0x00, 0x00, 0x00, 0x00, 0x00, 0x00, 0x00, 0x00, 0x00, 0x00, 0x00, 0x00,
  0x00, 0x00, 0x00, 0x00, 0x00, 0x00, 0x00, 0x00, 0x00, 0x00, 0x00, 0x00, 0x00, 0x00, 0x00, 0x00,
  0x00, 0x00, 0x00, 0x00, 0x00, 0x00, 0x00, 0x00, 0x00, 0x00, 0x00, 0x00, 0x00, 0x00, 0x00, 0x00,
  0x00, 0x00, 0x00, 0x00, 0x00, 0x00, 0x00, 0x00, 0x00, 0x00, 0x00, 0x00, 0x00, 0x00, 0x00, 0x00,
  0x00, 0x00, 0x00, 0x00, 0x00, 0x00, 0x00, 0x00, 0x00, 0x00, 0x00, 0x00, 0x00, 0x00, 0x00, 0x00,
  0x00, 0x00, 0x00, 0x00, 0x00, 0x00, 0x00, 0x00, 0x00, 0x00, 0x00, 0x00, 0x00, 0x00, 0x00, 0x00,
  0x00, 0x00, 0x00, 0x00, 0x00, 0x00, 0x00, 0x00, 0x00, 0x00, 0x00, 0x00, 0x00, 0x00, 0x00, 0x00,
  0x00, 0x00, 0x00, 0x00, 0x00, 0x00, 0x00, 0x00, 0x00, 0x00, 0x00, 0x00, 0x00, 0x00, 0x00, 0x00,
  0x00, 0x00, 0x00, 0x00, 0x00, 0x00, 0x00, 0x00, 0x00, 0x00, 0x00, 0x00, 0x00, 0x00, 0x00, 0x00,
  0x00, 0x00, 0x00, 0x00, 0x00, 0x00, 0x00, 0x00, 0x00, 0x00, 0x00, 0x00, 0x00, 0x00, 0x00, 0x00,
  0x00, 0x00, 0x00, 0x00, 0x00, 0x00, 0x00, 0x00, 0x00, 0x00, 0x00, 0x00, 0x00, 0x00, 0x00, 0x00,
  0x00, 0x00, 0x00, 0x00, 0x00, 0x00, 0x00, 0x00, 0x00, 0x00, 0x00, 0x00, 0x00, 0x00, 0x00, 0x00,
  0x00, 0x00, 0x00, 0x00, 0x00, 0x00, 0x00, 0x00, 0x00, 0x00, 0x00, 0x00, 0x00, 0x00, 0x00, 0x00,
  0x00, 0x00, 0x00, 0x00, 0x00, 0x00, 0x00, 0x00, 0x00, 0x00, 0x00, 0x00, 0x00, 0x00, 0x00, 0x00,
  0x00, 0x00, 0x00, 0x00, 0x00, 0x00, 0x00, 0x00, 0x00, 0x00, 0x00, 0x00, 0x00, 0x00, 0x00, 0x00,
  0x00, 0x00, 0x00, 0x00, 0x00, 0x00, 0x00, 0x00, 0x00, 0x00, 0x00, 0x00, 0x00, 0x00, 0x00, 0x00,
  0x00, 0x00, 0x00, 0x00, 0x00, 0x00, 0x00, 0x00, 0x00, 0x00, 0x00, 0x00, 0x00, 0x00, 0x00, 0x00,
  0x00, 0x00, 0x00, 0x00, 0x00, 0x00, 0x00, 0x00, 0x00, 0x00, 0x00, 0x00, 0x00, 0x00, 0x00, 0x00,
  0x00, 0x00, 0x00, 0x00, 0x00, 0x00, 0x00, 0x00, 0x00, 0x00, 0x00, 0x00, 0x00, 0x00, 0x00, 0x00,
  0x00, 0x00, 0x00, 0x00, 0x00, 0x00, 0x00, 0x00, 0x00, 0x00, 0x00, 0x00, 0x00, 0x00, 0x00, 0x00,
  0x00, 0x00, 0x00, 0x00, 0x00, 0x00, 0x00, 0x00, 0x00, 0x00, 0x00, 0x00, 0x00, 0x00, 0x00, 0x00,
  0x00, 0x00, 0x00, 0x00, 0x00, 0x00, 0x00, 0x00, 0x00, 0x00, 0x00, 0x00, 0x00, 0x00, 0x00, 0x00,
  0x00, 0x00, 0x00, 0x00, 0x00, 0x00, 0x00, 0x00, 0x00, 0x00, 0x00, 0x00, 0x00, 0x00, 0x00, 0x00,
  0x00, 0x00, 0x00, 0x00, 0x00, 0x00, 0x00, 0x00, 0x00, 0x00, 0x00, 0x00, 0x00, 0x00, 0x00, 0x00,
  0x00, 0x00, 0x00, 0x00, 0x00, 0x00, 0x00, 0x00, 0x00, 0x00, 0x00, 0x00, 0x00, 0x00, 0x00, 0x00,
  0x00, 0x00, 0x00, 0x00, 0x00, 0x00, 0x00, 0x00, 0x00, 0x00, 0x00, 0x00, 0x00, 0x00, 0x00, 0x00,
  0x00, 0x00, 0x00, 0x00, 0x00, 0x00, 0x00, 0x00, 0x00, 0x00, 0x00, 0x00, 0x00, 0x00, 0x00, 0x00,
  0x00, 0x00, 0x00, 0x00, 0x00, 0x00, 0x00, 0x00, 0x00, 0x00, 0x00, 0x00, 0x00, 0x00, 0x00, 0x00,
  0x00, 0x00, 0x00, 0x00, 0x00, 0x00, 0x00, 0x00, 0x00, 0x00, 0x00, 0x00, 0x00, 0x00, 0x00, 0x00,
  0x00, 0x00, 0x00, 0x00, 0x00, 0x00, 0x00, 0x00, 0x00, 0x00, 0x00, 0x00, 0x00, 0x00, 0x00, 0x00,
  0x00, 0x00, 0x00, 0x00, 0x00, 0x00, 0x00, 0x00, 0x00, 0x00, 0x00, 0x00, 0x00, 0x00, 0x00, 0x00,
  0x00, 0x00, 0x00, 0x00, 0x00, 0x00, 0x00, 0x00, 0x00, 0x00, 0x00, 0x00, 0x00, 0x00, 0x00, 0x00,
  0x00, 0x00, 0x00, 0x00, 0x00, 0x00, 0x00, 0x00, 0x00, 0x00, 0x00, 0x00, 0x00, 0x00, 0x00, 0x00,
  0x00, 0x00, 0x00, 0x00, 0x00, 0x00, 0x00, 0x00, 0x00, 0x00, 0x00, 0x00, 0x00, 0x00, 0x00, 0x00,
  0x00, 0x00, 0x00, 0x00, 0x00, 0x00, 0x00, 0x00, 0x00, 0x00, 0x00, 0x00, 0x00, 0x00, 0x00, 0x00,
  0x00, 0x00, 0x00, 0x00, 0x00, 0x00, 0x00, 0x00, 0x00, 0x00, 0x00, 0x00, 0x00, 0x00, 0x00, 0x00,
  0x00, 0x00, 0x00, 0x00, 0x00, 0x00, 0x00, 0x00, 0x00, 0x00, 0x00, 0x00, 0x00, 0x00, 0x00, 0x00,
  0x00, 0x00, 0x00, 0x00, 0x00, 0x00, 0x00, 0x00, 0x00, 0x00, 0x00, 0x00, 0x00, 0x00, 0x00, 0x00,
  0x00, 0x00, 0x00, 0x00, 0x00, 0x00, 0x00, 0x00, 0x00, 0x00, 0x00, 0x00, 0x00, 0x00, 0x00, 0x00,
  0x00, 0x00, 0x00, 0x00, 0x00, 0x00, 0x00, 0x00, 0x00, 0x00, 0x00, 0x00, 0x00, 0x00, 0x00, 0x00,
  0x00, 0x00, 0x00, 0x00, 0x00, 0x00, 0x00, 0x00, 0x00, 0x00, 0x00, 0x00, 0x00, 0x00, 0x00, 0x00,
  0x00, 0x00, 0x00, 0x00, 0x00, 0x00, 0x00, 0x00, 0x00, 0x00, 0x00, 0x00, 0x00, 0x00, 0x00, 0x00,
  0x00, 0x00, 0x00, 0x00, 0x00, 0x00, 0x00, 0x00, 0x00, 0x00, 0x00, 0x00, 0x00, 0x00, 0x00, 0x00,
  0x00, 0x00, 0x00, 0x00, 0x00, 0x00, 0x00, 0x00, 0x00, 0x00, 0x00, 0x00, 0x00, 0x00, 0x00, 0x00,
  0x00, 0x00, 0x00, 0x00, 0x00, 0x00, 0x00, 0x00, 0x00, 0x00, 0x00, 0x00, 0x00, 0x00, 0x00, 0x00,
  0x00, 0x00, 0x00, 0x00, 0x00, 0x00, 0x00, 0x00, 0x00, 0x00, 0x00, 0x00, 0x00, 0x00, 0x00, 0x00,
  0x00, 0x00, 0x00, 0x00, 0x00, 0x00, 0x00, 0x00, 0x00, 0x00, 0x00, 0x00, 0x00, 0x00, 0x00, 0x00,
  0x00, 0x00, 0x00, 0x00, 0x00, 0x00, 0x00, 0x00, 0x00, 0x00, 0x00, 0x00, 0x00, 0x00, 0x00, 0x00,
  0x00, 0x00, 0x00, 0x00, 0x00, 0x00, 0x00, 0x00, 0x00, 0x00, 0x00, 0x00, 0x00, 0x00, 0x00, 0x00,
  0x00, 0x00, 0x00, 0x00, 0x00, 0x00, 0x00, 0x00, 0x00, 0x00, 0x00, 0x00, 0x00, 0x00, 0x00, 0x00,
  0x00, 0x00, 0x00, 0x00, 0x00, 0x00, 0x00, 0x00, 0x00, 0x00, 0x00, 0x00, 0x00, 0x00, 0x00, 0x00,
  0x00, 0x00, 0x00, 0x00, 0x00, 0x00, 0x00, 0x00, 0x00, 0x00, 0x00, 0x00, 0x00, 0x00, 0x00, 0x00,
  0x00, 0x00, 0x00, 0x00, 0x00, 0x00, 0x00, 0x00, 0x00, 0x00, 0x00, 0x00, 0x00, 0x00, 0x00, 0x00,
  0x00, 0x00, 0x00, 0x00, 0x00, 0x00, 0x00, 0x00, 0x00, 0x00, 0x00, 0x00, 0x00, 0x00, 0x00, 0x00,
  0x00, 0x00, 0x00, 0x00, 0x00, 0x00, 0x00, 0x00, 0x00, 0x00, 0x00, 0x00, 0x00, 0x00, 0x00, 0x00,
  0x00, 0x00, 0x00, 0x00, 0x00, 0x00, 0x00, 0x00, 0x00, 0x00, 0x00, 0x00, 0x00, 0x00, 0x00, 0x00,
  0x00, 0x00, 0x00, 0x00, 0x00, 0x00, 0x00, 0x00, 0x00, 0x00, 0x00, 0x00, 0x00, 0x00, 0x00, 0x00,
  0x00, 0x00, 0x00, 0x00, 0x00, 0x00, 0x00, 0x00, 0x00, 0x00, 0x00, 0x00, 0x00, 0x00, 0x00, 0x00,
  0x00, 0x00, 0x00, 0x00, 0x00, 0x00, 0x00, 0x00, 0x00, 0x00, 0x00, 0x00, 0x00, 0x00, 0x00, 0x00,
  0x00, 0x00, 0x00, 0x00, 0x00, 0x00, 0x00, 0x00, 0x00, 0x00, 0x00, 0x00, 0x00, 0x00, 0x00, 0x00,
  0x00, 0x00, 0x00, 0x00, 0x00, 0x00, 0x00, 0x00, 0x00, 0x00, 0x00, 0x00, 0x00, 0x00, 0x00, 0x00,
  0x00, 0x00, 0x00, 0x00, 0x00, 0x00, 0x00, 0x00, 0x00, 0x00, 0x00, 0x00, 0x00, 0x00, 0x00, 0x00,
  0x00, 0x00, 0x00, 0x00, 0x00, 0x00, 0x00, 0x00, 0x00, 0x00, 0x00, 0x00, 0x00, 0x00, 0x00, 0x00,
  0x00, 0x00, 0x00, 0x00, 0x00, 0x00, 0x00, 0x00, 0x00, 0x00, 0x00, 0x00, 0x00, 0x00, 0x00, 0x00,
  0x00, 0x00, 0x00, 0x00, 0x00, 0x00, 0x00, 0x00, 0x00, 0x00, 0x00, 0x00, 0x00, 0x00, 0x00, 0x00,
  0x00, 0x00, 0x00, 0x00, 0x00, 0x00, 0x00, 0x00, 0x00, 0x00, 0x00, 0x00, 0x00, 0x00, 0x00, 0x00,
  0x00, 0x00, 0x00, 0x00, 0x00, 0x00, 0x00, 0x00, 0x00, 0x00, 0x00, 0x00, 0x00, 0x00, 0x00, 0x00,
  0x00, 0x00, 0x00, 0x00, 0x00, 0x00, 0x00, 0x00, 0x00, 0x00, 0x00, 0x00, 0x00, 0x00, 0x00, 0x00,
  0x00, 0x00, 0x00, 0x00, 0x00, 0x00, 0x00, 0x00, 0x00, 0x00, 0x00, 0x00, 0x00, 0x00, 0x00, 0x00,
  0x00, 0x00, 0x00, 0x00, 0x00, 0x00, 0x00, 0x00, 0x00, 0x00, 0x00, 0x00, 0x00, 0x00, 0x00, 0x00,
  0x00, 0x00, 0x00, 0x00, 0x00, 0x00, 0x00, 0x00, 0x00, 0x00, 0x00, 0x00, 0x00, 0x00, 0x00, 0x00,
  0x00, 0x00, 0x00, 0x00, 0x00, 0x00, 0x00, 0x00, 0x00, 0x00, 0x00, 0x00, 0x00, 0x00, 0x00, 0x00,
  0x00, 0x00, 0x00, 0x00, 0x00, 0x00, 0x00, 0x00, 0x00, 0x00, 0x00, 0x00, 0x00, 0x00, 0x00, 0x00,
  0x00, 0x00, 0x00, 0x00, 0x00, 0x00, 0x00, 0x00, 0x00, 0x00, 0x00, 0x00, 0x00, 0x00, 0x00, 0x00,
  0x00, 0x00, 0x00, 0x00, 0x00, 0x00, 0x00, 0x00, 0x00, 0x00, 0x00, 0x00, 0x00, 0x00, 0x00, 0x00,
  0x00, 0x00, 0x00, 0x00, 0x00, 0x00, 0x00, 0x00, 0x00, 0x00, 0x00, 0x00, 0x00, 0x00, 0x00, 0x00,
  0x00, 0x00, 0x00, 0x00, 0x00, 0x00, 0x00, 0x00, 0x00, 0x00, 0x00, 0x00, 0x00, 0x00, 0x00, 0x00,
  0x00, 0x00, 0x00, 0x00, 0x00, 0x00, 0x00, 0x00, 0x00, 0x00, 0x00, 0x00, 0x00, 0x00, 0x00, 0x00,
  0x00, 0x00, 0x00, 0x00, 0x00, 0x00, 0x00, 0x00, 0x00, 0x00, 0x00, 0x00, 0x00, 0x00, 0x00, 0x00,
  0x00, 0x00, 0x00, 0x00, 0x00, 0x00, 0x00, 0x00, 0x00, 0x00, 0x00, 0x00, 0x00, 0x00, 0x00, 0x00,
  0x00, 0x00, 0x00, 0x00, 0x00, 0x00, 0x00, 0x00, 0x00, 0x00, 0x00, 0x00, 0x00, 0x00, 0x00, 0x00,
  0x00, 0x00, 0x00, 0x00, 0x00, 0x00, 0x00, 0x00, 0x00, 0x00, 0x00, 0x00, 0x00, 0x00, 0x00, 0x00,
  0x00, 0x00, 0x00, 0x00, 0x00, 0x00, 0x00, 0x00, 0x00, 0x00, 0x00, 0x00, 0x00, 0x00, 0x00, 0x00,
  0x00, 0x00, 0x00, 0x00, 0x00, 0x00, 0x00, 0x00, 0x00, 0x00, 0x00, 0x00, 0x00, 0x00, 0x00, 0x00,
  0x00, 0x00, 0x00, 0x00, 0x00, 0x00, 0x00, 0x00, 0x00, 0x00, 0x00, 0x00, 0x00, 0x00, 0x00, 0x00,
  0x00, 0x00, 0x00, 0x00, 0x00, 0x00, 0x00, 0x00, 0x00, 0x00, 0x00, 0x00, 0x00, 0x00, 0x00, 0x00,
  0x00, 0x00, 0x00, 0x00, 0x00, 0x00, 0x00, 0x00, 0x00, 0x00, 0x00, 0x00, 0x00, 0x00, 0x00, 0x00,
  0x00, 0x00, 0x00, 0x00, 0x00, 0x00, 0x00, 0x00, 0x00, 0x00, 0x00, 0x00, 0x00, 0x00, 0x00, 0x00,
  0x00, 0x00, 0x00, 0x00, 0x00, 0x00, 0x00, 0x00, 0x00, 0x00, 0x00, 0x00, 0x00, 0x00, 0x00, 0x00,
  0x00, 0x00, 0x00, 0x00, 0x00, 0x00, 0x00, 0x00, 0x00, 0x00, 0x00, 0x00, 0x00, 0x00, 0x00, 0x00,
  0x00, 0x00, 0x00, 0x00, 0x00, 0x00, 0x00, 0x00, 0x50, 0x45, 0x00, 0x00, 0x64, 0xaa, 0x03, 0x00,
  0x00, 0x00, 0x00, 0x00, 0x00, 0x00, 0x00, 0x00, 0x00, 0x00, 0x00, 0x00, 0xf0, 0x00, 0x2e, 0x00,
  0x0b, 0x02, 0x00, 0x00, 0x00, 0xa0, 0x00, 0x00, 0x00, 0x20, 0x00, 0x00, 0x00, 0x00, 0x00, 0x00,
  0x3c, 0x10, 0x00, 0x00, 0x00, 0x10, 0x00, 0x00, 0x00, 0x00, 0x00, 0x00, 0x00, 0x00, 0x00, 0x00,
  0x00, 0x10, 0x00, 0x00, 0x00, 0x10, 0x00, 0x00, 0x00, 0x00, 0x00, 0x00, 0x00, 0x00, 0x00, 0x00,
  0x00, 0x00, 0x00, 0x00, 0x00, 0x00, 0x00, 0x00, 0x00, 0xe0, 0x00, 0x00, 0x00, 0x10, 0x00, 0x00,
  0x00, 0x00, 0x00, 0x00, 0x0b, 0x00, 0x00, 0x00, 0x00, 0x00, 0x00, 0x00, 0x00, 0x00, 0x00, 0x00,
  0x00, 0x00, 0x00, 0x00, 0x00, 0x00, 0x00, 0x00, 0x00, 0x00, 0x00, 0x00, 0x00, 0x00, 0x00, 0x00,
  0x00, 0x00, 0x00, 0x00, 0x00, 0x00, 0x00, 0x00, 0x00, 0x00, 0x00, 0x00, 0x10, 0x00, 0x00, 0x00,
  0x00, 0x00, 0x00, 0x00, 0x00, 0x00, 0x00, 0x00, 0x00, 0x00, 0x00, 0x00, 0x00, 0x00, 0x00, 0x00,
  0x00, 0x00, 0x00, 0x00, 0x00, 0x00, 0x00, 0x00, 0x00, 0x00, 0x00, 0x00, 0x00, 0x00, 0x00, 0x00,
  0x00, 0x00, 0x00, 0x00, 0x00, 0x00, 0x00, 0x00, 0x00, 0xd0, 0x00, 0x00, 0x00, 0x10, 0x00, 0x00,
  0x88, 0xc4, 0x00, 0x00, 0x1c, 0x00, 0x00, 0x00, 0x00, 0x00, 0x00, 0x00, 0x00, 0x00, 0x00, 0x00,
  0x00, 0x00, 0x00, 0x00, 0x00, 0x00, 0x00, 0x00, 0x00, 0x00, 0x00, 0x00, 0x00, 0x00, 0x00, 0x00,
  0x00, 0x00, 0x00, 0x00, 0x00, 0x00, 0x00, 0x00, 0x00, 0x00, 0x00, 0x00, 0x00, 0x00, 0x00, 0x00,
  0x00, 0x00, 0x00, 0x00, 0x00, 0x00, 0x00, 0x00, 0x00, 0x00, 0x00, 0x00, 0x00, 0x00, 0x00, 0x00,
  0x00, 0x00, 0x00, 0x00, 0x00, 0x00, 0x00, 0x00, 0x00, 0x00, 0x00, 0x00, 0x00, 0x00, 0x00, 0x00,
  0x2e, 0x74, 0x65, 0x78, 0x74, 0x00, 0x00, 0x00, 0x00, 0xa0, 0x00, 0x00, 0x00, 0x10, 0x00, 0x00,
  0x00, 0xa0, 0x00, 0x00, 0x00, 0x10, 0x00, 0x00, 0x00, 0x00, 0x00, 0x00, 0x00, 0x00, 0x00, 0x00,
  0x00, 0x00, 0x00, 0x00, 0x20, 0x00, 0x00, 0x60, 0x2e, 0x64, 0x61, 0x74, 0x61, 0x00, 0x00, 0x00,
  0x00, 0x20, 0x00, 0x00, 0x00, 0xb0, 0x00, 0x00, 0x00, 0x20, 0x00, 0x00, 0x00, 0xb0, 0x00, 0x00,
  0x00, 0x00, 0x00, 0x00, 0x00, 0x00, 0x00, 0x00, 0x00, 0x00, 0x00, 0x00, 0x40, 0x00, 0x00, 0xc0,
  0x2e, 0x72, 0x65, 0x6c, 0x6f, 0x63, 0x00, 0x00, 0x00, 0x10, 0x00, 0x00, 0x00, 0xd0, 0x00, 0x00,
  0x00, 0x10, 0x00, 0x00, 0x00, 0xd0, 0x00, 0x00, 0x00, 0x00, 0x00, 0x00, 0x00, 0x00, 0x00, 0x00,
  0x00, 0x00, 0x00, 0x00, 0x40, 0x00, 0x00, 0x42, 0x00, 0x00, 0x00, 0x00, 0x00, 0x00, 0x00, 0x00,
  0x00, 0x00, 0x00, 0x00, 0x00, 0x00, 0x00, 0x00, 0x00, 0x00, 0x00, 0x00, 0x00, 0x00, 0x00, 0x00,
  0x00, 0x00, 0x00, 0x00, 0x00, 0x00, 0x00, 0x00, 0x00, 0x00, 0x00, 0x00, 0x00, 0x00, 0x00, 0x00,
  0xfe, 0x0f, 0x1e, 0xf8, 0xf4, 0x4f, 0x01, 0xa9, 0xf4, 0x03, 0x00, 0xaa, 0xcc, 0x00, 0x00, 0x94,
  0xf3, 0x03, 0x00, 0xaa, 0xc0, 0x00, 0xf8, 0xb7, 0x48, 0x00, 0x00, 0xd0, 0xe0, 0x03, 0x14, 0xaa,
  0x08, 0x81, 0x1b, 0x91, 0x01, 0x01, 0x40, 0xf9, 0xc3, 0x00, 0x00, 0x94, 0xe0, 0x03, 0x13, 0xaa,
  0xf4, 0x4f, 0x41, 0xa9, 0xfe, 0x07, 0x42, 0xf8, 0xc0, 0x03, 0x5f, 0xd6, 0xff, 0xc3, 0x00, 0xd1,
  0xfe, 0x57, 0x01, 0xa9, 0xf4, 0x4f, 0x02, 0xa9, 0x48, 0x00, 0x00, 0xb0, 0xf3, 0x03, 0x01, 0xaa,
  0xf4, 0x03, 0x00, 0xaa, 0x08, 0x11, 0x27, 0x91, 0x08, 0x01, 0x40, 0xb9, 0xe8, 0x00, 0x00, 0x34,
  0x69, 0x0a, 0x40, 0xb9, 0x3f, 0x01, 0x08, 0x6b, 0x82, 0x00, 0x00, 0x54, 0x35, 0x03, 0x80, 0xd2,
  0x15, 0x00, 0xf0, 0xf2, 0x34, 0x00, 0x00, 0x14, 0xe0, 0x03, 0x14, 0xaa, 0xe1, 0x03, 0x13, 0xaa,
  0x6c, 0x00, 0x00, 0x94, 0x48, 0x00, 0x00, 0xb0, 0x08, 0x21, 0x27, 0x91, 0x08, 0x01, 0x40, 0x39,
  0xa8, 0x04, 0x00, 0x34, 0x48, 0x00, 0x00, 0xd0, 0x41, 0x00, 0x00, 0xb0, 0xe2, 0x23, 0x00, 0x91,
  0xe0, 0x03, 0x14, 0xaa, 0x08, 0xa1, 0x1b, 0x91, 0x08, 0x01, 0x40, 0xf9, 0x08, 0x4d, 0x40, 0xf9,
  0x21, 0x20, 0x3a, 0x91, 0x00, 0x01, 0x3f, 0xd6, 0xf5, 0x03, 0x00, 0xaa, 0x58, 0x00, 0x00, 0x94,
  0x1f, 0x1c, 0x00, 0x72, 0x80, 0x02, 0x00, 0x54, 0x75, 0x02, 0xf8, 0xb6, 0x55, 0x00, 0x00, 0x94,
  0x1f, 0x1c, 0x00, 0x72, 0x40, 0x01, 0x00, 0x54, 0x00, 0x00, 0xb0, 0x52, 0x52, 0x00, 0x00, 0x94,
  0x1f, 0x1c, 0x00, 0x72, 0xc0, 0x00, 0x00, 0x54, 0x41, 0x00, 0x00, 0x90, 0x21, 0x80, 0x22, 0x91,
  0x00, 0x00, 0xb0, 0x52, 0xe2, 0x03, 0x15, 0xaa, 0x47, 0x00, 0x00, 0x94, 0x40, 0x00, 0x00, 0x90,
  0x00, 0x00, 0x0b, 0x91, 0x42, 0x00, 0x00, 0xb0, 0x42, 0xac, 0x12, 0x91, 0x01, 0x0f, 0x80, 0x52,
  0x42, 0x00, 0x00, 0x94, 0xe8, 0x07, 0x40, 0xf9, 0x09, 0x00, 0x00, 0x90, 0x29, 0x01, 0x00, 0x91,
  0x09, 0x2d, 0x00, 0xf9, 0xe0, 0x03, 0x14, 0xaa, 0xe1, 0x03, 0x13, 0xaa, 0x83, 0x00, 0x00, 0x94,
  0xf5, 0x03, 0x00, 0xaa, 0x80, 0x00, 0xf8, 0xb6, 0xe0, 0x03, 0x14, 0xaa, 0xe1, 0x03, 0x13, 0xaa,
  0x7d, 0x00, 0x00, 0x94, 0xe0, 0x03, 0x15, 0xaa, 0xf4, 0x4f, 0x42, 0xa9, 0xfe, 0x57, 0x41, 0xa9,
  0xff, 0xc3, 0x00, 0x91, 0xc0, 0x03, 0x5f, 0xd6, 0xfe, 0x0f, 0x1e, 0xf8, 0xf4, 0x4f, 0x01, 0xa9,
  0x54, 0x00, 0x00, 0xd0, 0xf3, 0x03, 0x01, 0xaa, 0x80, 0x6e, 0x03, 0xf9, 0x2c, 0x00, 0x00, 0x94,
  0x1f, 0x1c, 0x00, 0x72, 0x20, 0x01, 0x00, 0x54, 0x88, 0x6e, 0x43, 0xf9, 0xe8, 0x00, 0x00, 0xb5,
  0x40, 0x00, 0x00, 0x90, 0x00, 0x88, 0x32, 0x91, 0x42, 0x00, 0x00, 0x90, 0x42, 0x04, 0x23, 0x91,
  0xa1, 0x05, 0x80, 0x52, 0x21, 0x00, 0x00, 0x94, 0x54, 0x00, 0x00, 0xd0, 0x93, 0x72, 0x03, 0xf9,
  0x1f, 0x00, 0x00, 0x94, 0x1f, 0x1c, 0x00, 0x72, 0x20, 0x01, 0x00, 0x54, 0x88, 0x72, 0x43, 0xf9,
  0xe8, 0x00, 0x00, 0xb5, 0x40, 0x00, 0x00, 0x90, 0x00, 0x88, 0x32, 0x91, 0x42, 0x00, 0x00, 0x90,
  0x42, 0x30, 0x14, 0x91, 0x61, 0x06, 0x80, 0x52, 0x14, 0x00, 0x00, 0x94, 0x68, 0x32, 0x40, 0xf9,
  0x53, 0x00, 0x00, 0xd0, 0x68, 0x76, 0x03, 0xf9, 0x11, 0x00, 0x00, 0x94, 0x1f, 0x1c, 0x00, 0x72,
  0x20, 0x01, 0x00, 0x54, 0x68, 0x76, 0x43, 0xf9, 0xe8, 0x00, 0x00, 0xb5, 0x40, 0x00, 0x00, 0x90,
  0x00, 0x88, 0x32, 0x91, 0x42, 0x00, 0x00, 0xb0, 0x42, 0x28, 0x09, 0x91, 0x21, 0x07, 0x80, 0x52,
  0x06, 0x00, 0x00, 0x94, 0xf4, 0x4f, 0x41, 0xa9, 0xe0, 0x03, 0x1f, 0xaa, 0xfe, 0x07, 0x42, 0xf8,
  0xc0, 0x03, 0x5f, 0xd6, 0xc0, 0x03, 0x5f, 0xd6, 0xc0, 0x03, 0x5f, 0xd6, 0x03, 0x00, 0x00, 0x14,
  0x02, 0x00, 0x00, 0x14, 0x01, 0x00, 0x00, 0x14, 0xe0, 0x03, 0x1f, 0x2a, 0xc0, 0x03, 0x5f, 0xd6,
  0xfe, 0x57, 0xbe, 0xa9, 0xf4, 0x4f, 0x01, 0xa9, 0xf3, 0x03, 0x01, 0xaa, 0xf4, 0x03, 0x00, 0xaa,
  0xc6, 0xff, 0xff, 0x97, 0xf5, 0x03, 0x00, 0xaa, 0xf5, 0xff, 0xff, 0x97, 0x1f, 0x1c, 0x00, 0x72,
  0x80, 0x01, 0x00, 0x54, 0x75, 0x01, 0xf8, 0xb6, 0xf2, 0xff, 0xff, 0x97, 0x1f, 0x1c, 0x00, 0x72,
  0xa0, 0x00, 0x00, 0x54, 0x42, 0x00, 0x00, 0x94, 0x1f, 0x1c, 0x00, 0x72, 0x40, 0x00, 0x00, 0x54,
  0x3a, 0x00, 0x00, 0x94, 0x34, 0x00, 0x00, 0x94, 0xc1, 0x1c, 0x80, 0x52, 0xe7, 0xff, 0xff, 0x97,
  0xe0, 0x03, 0x14, 0xaa, 0xe1, 0x03, 0x13, 0xaa, 0x3b, 0x00, 0x00, 0x94, 0xf5, 0x03, 0x00, 0xaa,
  0xe3, 0xff, 0xff, 0x97, 0x1f, 0x1c, 0x00, 0x72, 0x80, 0x01, 0x00, 0x54, 0x75, 0x01, 0xf8, 0xb6,
  0xe0, 0xff, 0xff, 0x97, 0x1f, 0x1c, 0x00, 0x72, 0xa0, 0x00, 0x00, 0x54, 0x30, 0x00, 0x00, 0x94,
  0x1f, 0x1c, 0x00, 0x72, 0x40, 0x00, 0x00, 0x54, 0x28, 0x00, 0x00, 0x94, 0x22, 0x00, 0x00, 0x94,
  0x21, 0x1d, 0x80, 0x52, 0xd5, 0xff, 0xff, 0x97, 0xe0, 0x03, 0x14, 0xaa, 0xe1, 0x03, 0x13, 0xaa,
  0x3b, 0x00, 0x00, 0x94, 0xf3, 0x03, 0x00, 0xaa, 0xd1, 0xff, 0xff, 0x97, 0x1f, 0x1c, 0x00, 0x72,
  0x40, 0x02, 0x00, 0x54, 0x33, 0x02, 0xf8, 0xb6, 0xce, 0xff, 0xff, 0x97, 0x1f, 0x1c, 0x00, 0x72,
  0x20, 0x01, 0x00, 0x54, 0x1e, 0x00, 0x00, 0x94, 0x1f, 0x1c, 0x00, 0x72, 0xc0, 0x00, 0x00, 0x54,
  0x41, 0x00, 0x00, 0x90, 0x21, 0x80, 0x22, 0x91, 0x00, 0x00, 0xb0, 0x52, 0xe2, 0x03, 0x13, 0xaa,
  0xc1, 0xff, 0xff, 0x97, 0xf4, 0x4f, 0x41, 0xa9, 0x0b, 0x00, 0x00, 0x94, 0x81, 0x1d, 0x80, 0x52,
  0xfe, 0x57, 0xc2, 0xa8, 0xbd, 0xff, 0xff, 0x17, 0xf4, 0x4f, 0x41, 0xa9, 0xfe, 0x57, 0xc2, 0xa8,
  0xc0, 0x03, 0x5f, 0xd6, 0xc0, 0x03, 0x5f, 0xd6, 0x59, 0x02, 0x00, 0x14, 0xe0, 0x03, 0x1f, 0xaa,
  0xc0, 0x03, 0x5f, 0xd6, 0x40, 0x00, 0x00, 0x90, 0x00, 0x80, 0x14, 0x91, 0x42, 0x00, 0x00, 0xb0,
  0x42, 0xac, 0x12, 0x91, 0xc0, 0x03, 0x5f, 0xd6, 0x41, 0x00, 0x00, 0x90, 0x21, 0x80, 0x22, 0x91,
  0x00, 0x00, 0xb0, 0x52, 0xe2, 0x03, 0x15, 0xaa, 0xab, 0xff, 0xff, 0x17, 0x00, 0x00, 0xb0, 0x52,
  0xad, 0xff, 0xff, 0x17, 0xfe, 0x4f, 0xbf, 0xa9, 0x28, 0x2c, 0x40, 0xf9, 0x53, 0x00, 0x00, 0xd0,
  0x68, 0x7a, 0x03, 0xf9, 0xa6, 0xff, 0xff, 0x97, 0x1f, 0x1c, 0x00, 0x72, 0x20, 0x01, 0x00, 0x54,
  0x68, 0x7a, 0x43, 0xf9, 0xe8, 0x00, 0x00, 0xb5, 0x40, 0x00, 0x00, 0x90, 0x00, 0x6c, 0x17, 0x91,
  0x22, 0x00, 0x00, 0xf0, 0x42, 0x1c, 0x12, 0x91, 0x21, 0x05, 0x80, 0x52, 0x9b, 0xff, 0xff, 0x97,
  0xe0, 0x03, 0x1f, 0xaa, 0xfe, 0x4f, 0xc1, 0xa8, 0xc0, 0x03, 0x5f, 0xd6, 0xe0, 0x03, 0x1f, 0xaa,
  0xc0, 0x03, 0x5f, 0xd6, 0x00, 0x00, 0x00, 0x00, 0x00, 0x00, 0x00, 0x00, 0x00, 0x00, 0x00, 0x00,
  0x20, 0x00, 0x80, 0xf9, 0x24, 0x00, 0x02, 0x8b, 0x05, 0x00, 0x02, 0x8b, 0x5f, 0x40, 0x00, 0xf1,
  0x09, 0x02, 0x00, 0x54, 0x5f, 0x80, 0x01, 0xf1, 0x48, 0x06, 0x00, 0x54, 0x49, 0x04, 0x00, 0xd1,
  0x26, 0x1c, 0x40, 0xa9, 0x69, 0x04, 0x30, 0x37, 0x8c, 0x34, 0x7f, 0xa9, 0xa9, 0x00, 0x28, 0x36,
  0x28, 0x24, 0x41, 0xa9, 0x8a, 0x2c, 0x7e, 0xa9, 0x08, 0x24, 0x01, 0xa9, 0xaa, 0x2c, 0x3e, 0xa9,
  0x06, 0x1c, 0x00, 0xa9, 0xac, 0x34, 0x3f, 0xa9, 0xc0, 0x03, 0x5f, 0xd6, 0x1f, 0x20, 0x03, 0xd5,
  0x5f, 0x20, 0x00, 0xf1, 0xe3, 0x00, 0x00, 0x54, 0x26, 0x00, 0x40, 0xf9, 0x87, 0x80, 0x5f, 0xf8,
  0x06, 0x00, 0x00, 0xf9, 0xa7, 0x80, 0x1f, 0xf8, 0xc0, 0x03, 0x5f, 0xd6, 0x1f, 0x20, 0x03, 0xd5,
  0xc2, 0x00, 0x10, 0x36, 0x26, 0x00, 0x40, 0xb9, 0x87, 0xc0, 0x5f, 0xb8, 0x06, 0x00, 0x00, 0xb9,
  0xa7, 0xc0, 0x1f, 0xb8, 0xc0, 0x03, 0x5f, 0xd6, 0x02, 0x01, 0x00, 0xb4, 0x49, 0xfc, 0x41, 0xd3,
  0x26, 0x00, 0x40, 0x39, 0x87, 0xf0, 0x5f, 0x38, 0x28, 0x68, 0x69, 0x38, 0x06, 0x00, 0x00, 0x39,
  0x08, 0x68, 0x29, 0x38, 0xa7, 0xf0, 0x1f, 0x38, 0xc0, 0x03, 0x5f, 0xd6, 0x1f, 0x20, 0x03, 0xd5,
  0x28, 0x24, 0x41, 0xa9, 0x2a, 0x2c, 0x42, 0xa9, 0x2c, 0x34, 0x43, 0xa9, 0x8e, 0x3c, 0x7e, 0xa9,
  0x84, 0x0c, 0x7f, 0xa9, 0x06, 0x1c, 0x00, 0xa9, 0x08, 0x24, 0x01, 0xa9, 0x0a, 0x2c, 0x02, 0xa9,
  0x0c, 0x34, 0x03, 0xa9, 0xae, 0x3c, 0x3e, 0xa9, 0xa4, 0x0c, 0x3f, 0xa9, 0xc0, 0x03, 0x5f, 0xd6,
  0x09, 0x0c, 0x40, 0x92, 0x03, 0xec, 0x7c, 0x92, 0x2c, 0x34, 0x40, 0xa9, 0x21, 0x00, 0x09, 0xcb,
  0x42, 0x00, 0x09, 0x8b, 0x26, 0x1c, 0x41, 0xa9, 0x0c, 0x34, 0x00, 0xa9, 0x28, 0x24, 0x42, 0xa9,
  0x2a, 0x2c, 0x43, 0xa9, 0x2c, 0x34, 0xc4, 0xa9, 0x42, 0x40, 0x02, 0xf1, 0x69, 0x01, 0x00, 0x54,
  0x66, 0x1c, 0x01, 0xa9, 0x26, 0x1c, 0x41, 0xa9, 0x68, 0x24, 0x02, 0xa9, 0x28, 0x24, 0x42, 0xa9,
  0x6a, 0x2c, 0x03, 0xa9, 0x2a, 0x2c, 0x43, 0xa9, 0x6c, 0x34, 0x84, 0xa9, 0x2c, 0x34, 0xc4, 0xa9,
  0x42, 0x00, 0x01, 0xf1, 0xe8, 0xfe, 0xff, 0x54, 0x8e, 0x3c, 0x7c, 0xa9, 0x66, 0x1c, 0x01, 0xa9,
  0x86, 0x1c, 0x7d, 0xa9, 0x68, 0x24, 0x02, 0xa9, 0x88, 0x24, 0x7e, 0xa9, 0x6a, 0x2c, 0x03, 0xa9,
  0x8a, 0x2c, 0x7f, 0xa9, 0x6c, 0x34, 0x04, 0xa9, 0xae, 0x3c, 0x3c, 0xa9, 0xa6, 0x1c, 0x3d, 0xa9,
  0xa8, 0x24, 0x3e, 0xa9, 0xaa, 0x2c, 0x3f, 0xa9, 0xc0, 0x03, 0x5f, 0xd6, 0x03, 0x00, 0x01, 0xcb,
  0x5f, 0x80, 0x01, 0xf1, 0x62, 0x80, 0x42, 0xfa, 0x42, 0xf4, 0xff, 0x54, 0xc3, 0x04, 0x00, 0xb4,
  0x05, 0x00, 0x02, 0x8b, 0x24, 0x00, 0x02, 0x8b, 0xa3, 0x0c, 0x40, 0x92, 0x8c, 0x34, 0x7f, 0xa9,
  0x84, 0x00, 0x03, 0xcb, 0x42, 0x00, 0x03, 0xcb, 0x86, 0x1c, 0x7f, 0xa9, 0xac, 0x34, 0x3f, 0xa9,
  0x88, 0x24, 0x7e, 0xa9, 0x8a, 0x2c, 0x7d, 0xa9, 0x8c, 0x34, 0xfc, 0xa9, 0xa5, 0x00, 0x03, 0xcb,
  0x42, 0x00, 0x02, 0xf1, 0x89, 0x01, 0x00, 0x54, 0x1f, 0x20, 0x03, 0xd5, 0xa6, 0x1c, 0x3f, 0xa9,
  0x86, 0x1c, 0x7f, 0xa9, 0xa8, 0x24, 0x3e, 0xa9, 0x88, 0x24, 0x7e, 0xa9, 0xaa, 0x2c, 0x3d, 0xa9,
  0x8a, 0x2c, 0x7d, 0xa9, 0xac, 0x34, 0xbc, 0xa9, 0x8c, 0x34, 0xfc, 0xa9, 0x42, 0x00, 0x01, 0xf1,
  0xe8, 0xfe, 0xff, 0x54, 0x2e, 0x3c, 0x43, 0xa9, 0xa6, 0x1c, 0x3f, 0xa9, 0x26, 0x1c, 0x42, 0xa9,
  0xa8, 0x24, 0x3e, 0xa9, 0x28, 0x24, 0x41, 0xa9, 0xaa, 0x2c, 0x3d, 0xa9, 0x2a, 0x2c, 0x40, 0xa9,
  0xac, 0x34, 0x3c, 0xa9, 0x0e, 0x3c, 0x03, 0xa9, 0x06, 0x1c, 0x02, 0xa9, 0x08, 0x24, 0x01, 0xa9,
  0x0a, 0x2c, 0x00, 0xa9, 0xc0, 0x03, 0x5f, 0xd6, 0xfe, 0x0f, 0x1f, 0xf8, 0x48, 0x00, 0x00, 0xd0,
  0xe2, 0x23, 0x00, 0x91, 0x08, 0xa1, 0x1b, 0x91, 0x08, 0x01, 0x40, 0xf9, 0x08, 0x21, 0x40, 0xf9,
  0x00, 0x01, 0x3f, 0xd6, 0xe8, 0x07, 0x40, 0xf9, 0x1f, 0x00, 0x00, 0xf1, 0xe0, 0x43, 0x88, 0x9a,
  0xfe, 0x07, 0x41, 0xf8, 0xc0, 0x03, 0x5f, 0xd6, 0xe1, 0x03, 0x00, 0xaa, 0x80, 0x00, 0x80, 0x52,
  0xf2, 0xff, 0xff, 0x17, 0xfe, 0x4f, 0xbf, 0xa9, 0xf3, 0x03, 0x01, 0xaa, 0xef, 0xff, 0xff, 0x97,
  0x80, 0x00, 0x00, 0xb4, 0xe1, 0x03, 0x13, 0xaa, 0xfe, 0x4f, 0xc1, 0xa8, 0x2b, 0x00, 0x00, 0x14,
  0xfe, 0x4f, 0xc1, 0xa8, 0xc0, 0x03, 0x5f, 0xd6, 0xe1, 0x03, 0x00, 0xaa, 0x80, 0x00, 0x80, 0x52,
  0xf5, 0xff, 0xff, 0x17, 0xfe, 0x4f, 0xbf, 0xa9, 0x48, 0x00, 0x00, 0xd0, 0x08, 0xa1, 0x1b, 0x91,
  0x08, 0x01, 0x40, 0xf9, 0x08, 0x25, 0x40, 0xf9, 0x00, 0x01, 0x3f, 0xd6, 0x1d, 0x00, 0x00, 0x94,
  0x1f, 0x1c, 0x00, 0x72, 0xa0, 0x01, 0x00, 0x54, 0x93, 0x01, 0xf8, 0xb6, 0xe9, 0xfe, 0xff, 0x97,
  0x1f, 0x1c, 0x00, 0x72, 0xa0, 0x00, 0x00, 0x54, 0x14, 0x00, 0x00, 0x94, 0x1f, 0x1c, 0x00, 0x72,
  0x40, 0x00, 0x00, 0x54, 0x07, 0x00, 0x00, 0x94, 0x0b, 0x00, 0x00, 0x94, 0xa1, 0x65, 0x80, 0x52,
  0xfe, 0x4f, 0xc1, 0xa8, 0xdd, 0xfe, 0xff, 0x17, 0xfe, 0x4f, 0xc1, 0xa8, 0xc0, 0x03, 0x5f, 0xd6,
  0x41, 0x00, 0x00, 0x90, 0x21, 0x80, 0x22, 0x91, 0x00, 0x00, 0xb0, 0x52, 0xe2, 0x03, 0x13, 0xaa,
  0xd5, 0xfe, 0xff, 0x17, 0x20, 0x00, 0x00, 0xf0, 0x00, 0x6c, 0x12, 0x91, 0x42, 0x00, 0x00, 0xb0,
  0x42, 0xac, 0x12, 0x91, 0xc0, 0x03, 0x5f, 0xd6, 0x00, 0x00, 0xb0, 0x52, 0xd2, 0xfe, 0xff, 0x17,
  0xf3, 0x03, 0x00, 0xaa, 0xce, 0xfe, 0xff, 0x17, 0xfe, 0x0f, 0x1e, 0xf8, 0xf4, 0x4f, 0x01, 0xa9,
  0xf4, 0x03, 0x00, 0xaa, 0xa1, 0x03, 0x00, 0xb4, 0xf3, 0x03, 0x01, 0xaa, 0xc8, 0xfe, 0xff, 0x97,
  0x34, 0x01, 0x00, 0xb5, 0x1f, 0x1c, 0x00, 0x72, 0xe0, 0x00, 0x00, 0x54, 0x20, 0x00, 0x00, 0xf0,
  0x00, 0x30, 0x38, 0x91, 0x22, 0x00, 0x00, 0xf0, 0x42, 0x94, 0x0c, 0x91, 0xe1, 0x05, 0x80, 0x52,
  0xbe, 0xfe, 0xff, 0x97, 0xbe, 0xfe, 0xff, 0x97, 0xe8, 0x03, 0x14, 0xcb, 0x7f, 0x02, 0x08, 0xeb,
  0x29, 0x01, 0x00, 0x54, 0x1f, 0x1c, 0x00, 0x72, 0xe0, 0x00, 0x00, 0x54, 0x20, 0x00, 0x00, 0xf0,
  0x00, 0x30, 0x38, 0x91, 0x42, 0x00, 0x00, 0x90, 0x42, 0x14, 0x35, 0x91, 0x01, 0x06, 0x80, 0x52,
  0xb2, 0xfe, 0xff, 0x97, 0xe0, 0x03, 0x14, 0xaa, 0xe1, 0x03, 0x13, 0xaa, 0xf4, 0x4f, 0x41, 0xa9,
  0xfe, 0x07, 0x42, 0xf8, 0x10, 0x00, 0x00, 0x14, 0xe0, 0x03, 0x14, 0xaa, 0xf4, 0x4f, 0x41, 0xa9,
  0xfe, 0x07, 0x42, 0xf8, 0xc0, 0x03, 0x5f, 0xd6, 0x00, 0x00, 0x00, 0x00, 0x00, 0x00, 0x00, 0x00,
  0x40, 0x0c, 0x02, 0x4e, 0x21, 0xf8, 0x7f, 0xd3, 0x0a, 0x00, 0x00, 0x14, 0x40, 0x0c, 0x04, 0x4e,
  0x21, 0xf4, 0x7e, 0xd3, 0x07, 0x00, 0x00, 0x14, 0x40, 0x0c, 0x08, 0x4e, 0x21, 0xf0, 0x7d, 0xd3,
  0x04, 0x00, 0x00, 0x14, 0x00, 0xe4, 0x00, 0x4f, 0x02, 0x00, 0x00, 0x14, 0x40, 0x0c, 0x01, 0x4e,
  0x04, 0x00, 0x01, 0x8b, 0x02, 0x3c, 0x08, 0x4e, 0x3f, 0x80, 0x01, 0xf1, 0xc8, 0x03, 0x00, 0x54,
  0x3f, 0x40, 0x00, 0xf1, 0xe2, 0x01, 0x00, 0x54, 0xa1, 0x00, 0x18, 0x36, 0x02, 0x00, 0x00, 0xf9,
  0x82, 0x80, 0x1f, 0xf8, 0xc0, 0x03, 0x5f, 0xd6, 0x1f, 0x20, 0x03, 0xd5, 0x81, 0x00, 0x10, 0x36,
  0x02, 0x00, 0x00, 0xb9, 0x82, 0xc0, 0x1f, 0xb8, 0xc0, 0x03, 0x5f, 0xd6, 0x81, 0x00, 0x00, 0xb4,
  0x02, 0x00, 0x00, 0x39, 0x41, 0x00, 0x08, 0x36, 0x82, 0xe0, 0x1f, 0x78, 0xc0, 0x03, 0x5f, 0xd6,
  0x00, 0x00, 0x80, 0x3d, 0xe1, 0x00, 0x30, 0x37, 0x80, 0x00, 0x9f, 0x3c, 0x61, 0x00, 0x28, 0x36,
  0x00, 0x04, 0x80, 0x3d, 0x80, 0x00, 0x9e, 0x3c, 0xc0, 0x03, 0x5f, 0xd6, 0x1f, 0x20, 0x03, 0xd5,
  0x00, 0x04, 0x80, 0x3d, 0x00, 0x00, 0x01, 0xad, 0x80, 0x00, 0x3f, 0xad, 0xc0, 0x03, 0x5f, 0xd6,
  0x1f, 0x20, 0x03, 0xd5, 0x03, 0xec, 0x7c, 0x92, 0x00, 0x00, 0x80, 0x3d, 0x3f, 0x00, 0x04, 0xf1,
  0x40, 0x28, 0x40, 0xfa, 0x60, 0x01, 0x00, 0x54, 0x81, 0x00, 0x03, 0xcb, 0x63, 0x40, 0x00, 0x91,
  0x21, 0x40, 0x01, 0xd1, 0x60, 0x00, 0x82, 0xac, 0x60, 0x00, 0x3f, 0xad, 0x21, 0x00, 0x01, 0xf1,
  0xa8, 0xff, 0xff, 0x54, 0x80, 0x00, 0x3e, 0xad, 0x80, 0x00, 0x3f, 0xad, 0xc0, 0x03, 0x5f, 0xd6,
  0xe5, 0x00, 0x3b, 0xd5, 0xa5, 0xfe, 0x27, 0x37, 0xa5, 0x0c, 0x00, 0x12, 0xbf, 0x10, 0x00, 0x71,
  0x81, 0x02, 0x00, 0x54, 0x60, 0x04, 0x80, 0x3d, 0x60, 0x00, 0x01, 0xad, 0x63, 0xe4, 0x7a, 0x92,
  0x60, 0x00, 0x02, 0xad, 0x60, 0x00, 0x03, 0xad, 0x81, 0x00, 0x03, 0xcb, 0x21, 0x00, 0x04, 0xd1,
  0x63, 0x00, 0x02, 0x91, 0x1f, 0x20, 0x03, 0xd5, 0x23, 0x74, 0x0b, 0xd5, 0x63, 0x00, 0x01, 0x91,
  0x21, 0x00, 0x01, 0xf1, 0xa8, 0xff, 0xff, 0x54, 0x60, 0x00, 0x00, 0xad, 0x60, 0x00, 0x01, 0xad,
  0x80, 0x00, 0x3e, 0xad, 0x80, 0x00, 0x3f, 0xad, 0xc0, 0x03, 0x5f, 0xd6, 0x1f, 0x20, 0x03, 0xd5,
  0xbf, 0x14, 0x00, 0x71, 0x41, 0x02, 0x00, 0x54, 0x60, 0x04, 0x80, 0x3d, 0x60, 0x00, 0x01, 0xad,
  0x60, 0x00, 0x02, 0xad, 0x60, 0x00, 0x03, 0xad, 0x63, 0xe0, 0x79, 0x92, 0x81, 0x00, 0x03, 0xcb,
  0x21, 0x00, 0x04, 0xd1, 0x63, 0x00, 0x02, 0x91, 0x23, 0x74, 0x0b, 0xd5, 0x63, 0x00, 0x02, 0x91,
  0x21, 0x00, 0x02, 0xf1, 0xa8, 0xff, 0xff, 0x54, 0x80, 0x00, 0x3c, 0xad, 0x80, 0x00, 0x3d, 0xad,
  0x80, 0x00, 0x3e, 0xad, 0x80, 0x00, 0x3f, 0xad, 0xc0, 0x03, 0x5f, 0xd6, 0x86, 0x00, 0x80, 0x52,
  0xc7, 0x20, 0xc5, 0x1a, 0xe5, 0x00, 0x01, 0x91, 0x3f, 0x00, 0x05, 0xeb, 0xe3, 0xf8, 0xff, 0x54,
  0xe6, 0x04, 0x00, 0xd1, 0x65, 0x00, 0x07, 0x8b, 0x63, 0x40, 0x00, 0x91, 0xa1, 0x00, 0x03, 0xeb,
  0xa5, 0x00, 0x26, 0x8a, 0xa0, 0x00, 0x00, 0x54, 0x60, 0x00, 0x82, 0xac, 0x60, 0x00, 0x3f, 0xad,
  0x21, 0x00, 0x01, 0xf1, 0xa8, 0xff, 0xff, 0x54, 0xe3, 0x03, 0x05, 0xaa, 0x81, 0x00, 0x05, 0xcb,
  0x21, 0x00, 0x07, 0xeb, 0xa3, 0x00, 0x00, 0x54, 0x23, 0x74, 0x0b, 0xd5, 0x63, 0x00, 0x07, 0x8b,
  0x21, 0x00, 0x07, 0xeb, 0xa2, 0xff, 0xff, 0x54, 0x21, 0x00, 0x07, 0x8b, 0xb8, 0xff, 0xff, 0x17,
  0xfe, 0x0f, 0x1d, 0xf8, 0xf6, 0x57, 0x01, 0xa9, 0xf4, 0x4f, 0x02, 0xa9, 0xf5, 0x03, 0x00, 0xaa,
  0x62, 0x04, 0x00, 0xb4, 0xf3, 0x03, 0x02, 0xaa, 0xf4, 0x03, 0x01, 0xaa, 0x20, 0xfe, 0xff, 0x97,
  0xf6, 0x03, 0x13, 0xcb, 0xdf, 0x02, 0x15, 0xeb, 0x22, 0x01, 0x00, 0x54, 0x1f, 0x1c, 0x00, 0x72,
  0xe0, 0x00, 0x00, 0x54, 0x20, 0x00, 0x00, 0xf0, 0x00, 0x80, 0x24, 0x91, 0x22, 0x00, 0x00, 0xf0,
  0x42, 0x58, 0x1d, 0x91, 0x41, 0x06, 0x80, 0x52, 0x14, 0xfe, 0xff, 0x97, 0x14, 0xfe, 0xff, 0x97,
  0xdf, 0x02, 0x14, 0xeb, 0x22, 0x01, 0x00, 0x54, 0x1f, 0x1c, 0x00, 0x72, 0xe0, 0x00, 0x00, 0x54,
  0x20, 0x00, 0x00, 0xf0, 0x00, 0x80, 0x24, 0x91, 0x42, 0x00, 0x00, 0x90, 0x42, 0x5c, 0x0d, 0x91,
  0x61, 0x06, 0x80, 0x52, 0x09, 0xfe, 0xff, 0x97, 0xbf, 0x02, 0x14, 0xeb, 0x00, 0x01, 0x00, 0x54,
  0xe0, 0x03, 0x15, 0xaa, 0xe1, 0x03, 0x14, 0xaa, 0xe2, 0x03, 0x13, 0xaa, 0xf4, 0x4f, 0x42, 0xa9,
  0xf6, 0x57, 0x41, 0xa9, 0xfe, 0x07, 0x43, 0xf8, 0xc9, 0xfe, 0xff, 0x17, 0xe0, 0x03, 0x15, 0xaa,
  0xf4, 0x4f, 0x42, 0xa9, 0xf6, 0x57, 0x41, 0xa9, 0xfe, 0x07, 0x43, 0xf8, 0xc0, 0x03, 0x5f, 0xd6,
  0xe8, 0x03, 0x00, 0xaa, 0xe0, 0x03, 0x1f, 0xaa, 0x68, 0x01, 0x00, 0xb4, 0x41, 0x01, 0x00, 0xb4,
  0xe0, 0x03, 0x1f, 0xaa, 0x29, 0x04, 0x00, 0xd1, 0x0a, 0x69, 0x60, 0x38, 0xca, 0x00, 0x00, 0x34,
  0x3f, 0x01, 0x00, 0xeb, 0x60, 0x00, 0x00, 0x54, 0x00, 0x04, 0x00, 0x91, 0xfb, 0xff, 0xff, 0x17,
  0xe0, 0x03, 0x01, 0xaa, 0xc0, 0x03, 0x5f, 0xd6, 0xfe, 0x5f, 0xbd, 0xa9, 0xf6, 0x57, 0x01, 0xa9,
  0xf4, 0x4f, 0x02, 0xa9, 0x55, 0x00, 0x80, 0xd2, 0x7c, 0x00, 0x00, 0x94, 0x77, 0x00, 0x00, 0x94,
  0xd3, 0x00, 0x00, 0xb5, 0x1f, 0x1c, 0x00, 0x72, 0x80, 0x00, 0x00, 0x54, 0x54, 0x00, 0x00, 0x94,
  0xc1, 0xe2, 0x80, 0x52, 0x08, 0x00, 0x00, 0x14, 0x13, 0x01, 0x00, 0xb4, 0xe0, 0xfd, 0xff, 0x97,
  0x34, 0x01, 0x00, 0xb5, 0x1f, 0x1c, 0x00, 0x72, 0xe0, 0x00, 0x00, 0x54, 0x51, 0x00, 0x00, 0x94,
  0xe1, 0xe2, 0x80, 0x52, 0xd9, 0xfd, 0xff, 0x97, 0x64, 0x00, 0x00, 0x94, 0xfe, 0x5f, 0xc3, 0xa8,
  0xc0, 0x03, 0x5f, 0xd6, 0xb4, 0xff, 0xff, 0xb4, 0x5c, 0x00, 0x00, 0x94, 0x77, 0x01, 0x00, 0x34,
  0xd3, 0xfd, 0xff, 0x97, 0xdf, 0x02, 0x17, 0xeb, 0xc9, 0x00, 0x00, 0x54, 0x1f, 0x1c, 0x00, 0x72,
  0x80, 0x00, 0x00, 0x54, 0x48, 0x00, 0x00, 0x94, 0xa1, 0xe3, 0x80, 0x52, 0xcb, 0xfd, 0xff, 0x97,
  0xdf, 0x02, 0x17, 0xeb, 0x28, 0xfe, 0xff, 0x54, 0xc9, 0xfd, 0xff, 0x97, 0xd6, 0x00, 0x00, 0xb5,
  0x1f, 0x1c, 0x00, 0x72, 0x80, 0x00, 0x00, 0x54, 0x30, 0x00, 0x00, 0x94, 0x61, 0xe4, 0x80, 0x52,
  0xe9, 0xff, 0xff, 0x17, 0x36, 0xfd, 0xff, 0xb4, 0x58, 0x00, 0x00, 0x94, 0xc5, 0xff, 0xff, 0x97,
  0x50, 0x00, 0x00, 0x94, 0x1f, 0x1c, 0x00, 0x72, 0xc0, 0x00, 0x00, 0x54, 0xdf, 0x02, 0x17, 0xeb,
  0x88, 0x00, 0x00, 0x54, 0x39, 0x00, 0x00, 0x94, 0x21, 0xe5, 0x80, 0x52, 0xb7, 0xfd, 0xff, 0x97,
  0xdf, 0x02, 0x17, 0xeb, 0x49, 0x03, 0x00, 0x54, 0xb5, 0xfd, 0xff, 0x97, 0x88, 0x02, 0x17, 0x8b,
  0x1f, 0x1c, 0x00, 0x72, 0x15, 0x05, 0x00, 0x91, 0x60, 0x01, 0x00, 0x54, 0x7f, 0x02, 0x14, 0xeb,
  0xa0, 0x22, 0x53, 0xfa, 0x88, 0x00, 0x00, 0x54, 0x4a, 0x00, 0x00, 0x94, 0x00, 0x21, 0x54, 0xfa,
  0xa9, 0x00, 0x00, 0x54, 0x2e, 0x00, 0x00, 0x94, 0x43, 0x00, 0x00, 0x94, 0xc1, 0xe5, 0x80, 0x52,
  0xa6, 0xfd, 0xff, 0x97, 0x7f, 0x02, 0x14, 0xeb, 0xa0, 0x22, 0x53, 0xfa, 0x48, 0x01, 0x00, 0x54,
  0x40, 0x00, 0x00, 0x94, 0x00, 0x21, 0x54, 0xfa, 0xe8, 0x00, 0x00, 0x54, 0x88, 0x16, 0x40, 0x38,
  0xe8, 0x00, 0x00, 0x34, 0x68, 0x16, 0x00, 0x38, 0xfd, 0xff, 0xff, 0x17, 0xb5, 0x0e, 0x00, 0x91,
  0xc2, 0xff, 0xff, 0x17, 0xf5, 0x13, 0x41, 0xb2, 0xc0, 0xff, 0xff, 0x17, 0xf5, 0x03, 0x1f, 0xaa,
  0x7f, 0x02, 0x00, 0x39, 0xbd, 0xff, 0xff, 0x17, 0x40, 0x00, 0x00, 0x90, 0x00, 0xe4, 0x07, 0x91,
  0x42, 0x00, 0x00, 0x90, 0x42, 0x10, 0x1a, 0x91, 0xc0, 0x03, 0x5f, 0xd6, 0x40, 0x00, 0x00, 0x90,
  0x00, 0xe4, 0x07, 0x91, 0x42, 0x00, 0x00, 0x90, 0x42, 0x54, 0x0e, 0x91, 0xc0, 0x03, 0x5f, 0xd6,
  0x40, 0x00, 0x00, 0x90, 0x00, 0xe4, 0x07, 0x91, 0x22, 0x00, 0x00, 0xf0, 0x42, 0xb4, 0x00, 0x91,
  0xc0, 0x03, 0x5f, 0xd6, 0x40, 0x00, 0x00, 0x90, 0x00, 0xe4, 0x07, 0x91, 0x22, 0x00, 0x00, 0xf0,
  0x42, 0x18, 0x01, 0x91, 0xc0, 0x03, 0x5f, 0xd6, 0x40, 0x00, 0x00, 0x90, 0x00, 0xe4, 0x07, 0x91,
  0x22, 0x00, 0x00, 0xf0, 0x42, 0xf0, 0x0c, 0x91, 0xc0, 0x03, 0x5f, 0xd6, 0x40, 0x00, 0x00, 0x90,
  0x00, 0xe4, 0x07, 0x91, 0xc0, 0x03, 0x5f, 0xd6, 0x48, 0x00, 0x00, 0xb0, 0x08, 0x01, 0x27, 0x91,
  0x17, 0x01, 0x40, 0xb9, 0xc0, 0x03, 0x5f, 0xd6, 0xe0, 0x03, 0x15, 0xaa, 0xf4, 0x4f, 0x42, 0xa9,
  0xf6, 0x57, 0x41, 0xa9, 0xc0, 0x03, 0x5f, 0xd6, 0x15, 0x00, 0xf0, 0xf2, 0x70, 0xfd, 0xff, 0x17,
  0xf7, 0x03, 0x00, 0xaa, 0x6e, 0xfd, 0xff, 0x17, 0xf4, 0x03, 0x02, 0xaa, 0xf6, 0x03, 0x01, 0xaa,
  0xf3, 0x03, 0x00, 0xaa, 0xc0, 0x03, 0x5f, 0xd6, 0xe0, 0x03, 0x14, 0xaa, 0xe1, 0x03, 0x16, 0xaa,
  0xc0, 0x03, 0x5f, 0xd6, 0x22, 0x00, 0x00, 0xf0, 0x42, 0xe0, 0x14, 0x91, 0xc0, 0x03, 0x5f, 0xd6,
  0xc8, 0x02, 0x13, 0x8b, 0x9f, 0x02, 0x13, 0xeb, 0xc0, 0x03, 0x5f, 0xd6, 0xff, 0xc3, 0x00, 0xd1,
  0xfe, 0x57, 0x01, 0xa9, 0xf4, 0x4f, 0x02, 0xa9, 0xf3, 0x03, 0x00, 0xaa, 0xe0, 0x07, 0x00, 0xf9,
  0x5c, 0xfd, 0xff, 0x97, 0x1f, 0x1c, 0x00, 0x72, 0xe0, 0x00, 0x00, 0x54, 0x84, 0x04, 0x00, 0x94,
  0x1f, 0x1c, 0x00, 0x72, 0x80, 0x00, 0x00, 0x54, 0x8e, 0x04, 0x00, 0x94, 0x9d, 0x04, 0x00, 0x94,
  0x81, 0x04, 0x00, 0x94, 0x53, 0xfd, 0xff, 0x97, 0xd3, 0x0b, 0x00, 0xb4, 0x1f, 0x1c, 0x00, 0x72,
  0xe0, 0x00, 0x00, 0x54, 0x7a, 0x04, 0x00, 0x94, 0x1f, 0x1c, 0x00, 0x72, 0x80, 0x00, 0x00, 0x54,
  0x84, 0x04, 0x00, 0x94, 0xa8, 0x04, 0x00, 0x94, 0x77, 0x04, 0x00, 0x94, 0x00, 0xdb, 0x80, 0x52,
  0x52, 0xfe, 0xff, 0x97, 0x55, 0x00, 0x00, 0xd0, 0xf3, 0x03, 0x00, 0xaa, 0xb5, 0xa2, 0x1b, 0x91,
  0x60, 0x0b, 0x00, 0xb4, 0xa8, 0x6e, 0x8e, 0x52, 0x69, 0x00, 0x80, 0x52, 0x48, 0xac, 0xad, 0x72,
  0x29, 0x00, 0xa0, 0x72, 0x0a, 0x00, 0x00, 0xb0, 0x4a, 0x21, 0x0b, 0x91, 0x60, 0x82, 0x01, 0x91,
  0x01, 0x30, 0x80, 0x52, 0x68, 0x02, 0x00, 0xf9, 0x08, 0x00, 0x00, 0xb0, 0x08, 0x81, 0x08, 0x91,
  0x69, 0x0a, 0x00, 0xb9, 0x09, 0x00, 0x00, 0xb0, 0x29, 0x11, 0x19, 0x91, 0xe2, 0x03, 0x1f, 0x2a,
  0x6a, 0x22, 0x01, 0xa9, 0x08, 0x00, 0x00, 0xb0, 0x08, 0xd1, 0x11, 0x91, 0xaa, 0x02, 0x40, 0xf9,
  0x68, 0x26, 0x02, 0xa9, 0x08, 0x00, 0x00, 0xb0, 0x08, 0x31, 0x20, 0x91, 0x09, 0x00, 0x00, 0xb0,
  0x29, 0x91, 0x25, 0x91, 0x68, 0x26, 0x03, 0xa9, 0x08, 0x00, 0x00, 0xb0, 0x08, 0x51, 0x29, 0x91,
  0x09, 0x00, 0x00, 0xb0, 0x29, 0x31, 0x2b, 0x91, 0x68, 0x26, 0x04, 0xa9, 0x08, 0x00, 0x00, 0xb0,
  0x08, 0x11, 0x2d, 0x91, 0x68, 0x2a, 0x00, 0xf9, 0x48, 0xb5, 0x40, 0xf9, 0x00, 0x01, 0x3f, 0xd6,
  0xa8, 0x02, 0x40, 0xf9, 0x44, 0x00, 0x00, 0xb0, 0x02, 0x00, 0x00, 0x90, 0x42, 0x20, 0x3d, 0x91,
  0x65, 0x82, 0x07, 0x91, 0x00, 0x40, 0x80, 0x52, 0x01, 0x01, 0x80, 0x52, 0xe3, 0x03, 0x13, 0xaa,
  0x08, 0xb9, 0x40, 0xf9, 0x84, 0xe0, 0x38, 0x91, 0x00, 0x01, 0x3f, 0xd6, 0x20, 0x0a, 0xf8, 0xb7,
  0x7f, 0x42, 0x1b, 0x39, 0x13, 0xfd, 0xff, 0x97, 0x1f, 0x1c, 0x00, 0x72, 0xe0, 0x00, 0x00, 0x54,
  0x3b, 0x04, 0x00, 0x94, 0x1f, 0x1c, 0x00, 0x72, 0x80, 0x00, 0x00, 0x54, 0x42, 0x04, 0x00, 0x94,
  0x69, 0x04, 0x00, 0x94, 0x38, 0x04, 0x00, 0x94, 0x93, 0x05, 0x00, 0xb4, 0xa8, 0x02, 0x40, 0xf9,
  0x41, 0x00, 0x00, 0xb0, 0xe0, 0x23, 0x00, 0x91, 0x62, 0x22, 0x00, 0x91, 0xe3, 0x03, 0x1f, 0xaa,
  0x08, 0xa5, 0x40, 0xf9, 0x21, 0x60, 0x39, 0x91, 0x00, 0x01, 0x3f, 0xd6, 0xf3, 0x03, 0x00, 0xaa,
  0xc0, 0x05, 0xf8, 0xb6, 0xff, 0xfc, 0xff, 0x97, 0x1f, 0x1c, 0x00, 0x72, 0x60, 0x05, 0x00, 0x54,
  0x25, 0x04, 0x00, 0x94, 0x1f, 0x1c, 0x00, 0x72, 0x00, 0x05, 0x00, 0x54, 0x21, 0x00, 0x00, 0xf0,
  0x21, 0x4c, 0x16, 0x91, 0x3f, 0x04, 0x00, 0x94, 0x14, 0x04, 0x00, 0x94, 0x23, 0x00, 0x00, 0x14,
  0x53, 0x00, 0x80, 0xd2, 0x1f, 0x1c, 0x00, 0x72, 0x13, 0x00, 0xf0, 0xf2, 0xe0, 0x03, 0x00, 0x54,
  0x19, 0x04, 0x00, 0x94, 0x1f, 0x1c, 0x00, 0x72, 0x80, 0x03, 0x00, 0x54, 0x2a, 0x04, 0x00, 0x94,
  0x34, 0x04, 0x00, 0x94, 0x1a, 0x04, 0x00, 0x94, 0x18, 0x00, 0x00, 0x14, 0xe9, 0xfc, 0xff, 0x97,
  0x1f, 0x1c, 0x00, 0x72, 0x80, 0xfa, 0xff, 0x54, 0x0f, 0x04, 0x00, 0x94, 0x1f, 0x1c, 0x00, 0x72,
  0x20, 0xfa, 0xff, 0x54, 0x41, 0x00, 0x00, 0x90, 0x21, 0x84, 0x28, 0x91, 0x3e, 0x04, 0x00, 0x94,
  0x0f, 0x04, 0x00, 0x94, 0xcc, 0xff, 0xff, 0x17, 0x2c, 0x04, 0x00, 0x94, 0x93, 0x1e, 0x00, 0x91,
  0x1f, 0x1c, 0x00, 0x72, 0x20, 0x01, 0x00, 0x54, 0x03, 0x04, 0x00, 0x94, 0x1f, 0x1c, 0x00, 0x72,
  0xc0, 0x00, 0x00, 0x54, 0x41, 0x00, 0x00, 0x90, 0x21, 0x84, 0x28, 0x91, 0x1d, 0x04, 0x00, 0x94,
  0x03, 0x04, 0x00, 0x94, 0x93, 0x1e, 0x00, 0x91, 0xd2, 0xfc, 0xff, 0x97, 0x1f, 0x1c, 0x00, 0x72,
  0xe0, 0x00, 0x00, 0x54, 0xfa, 0x03, 0x00, 0x94, 0x1f, 0x1c, 0x00, 0x72, 0x80, 0x00, 0x00, 0x54,
  0x01, 0x04, 0x00, 0x94, 0x13, 0x04, 0x00, 0x94, 0xf7, 0x03, 0x00, 0x94, 0xe0, 0x03, 0x13, 0xaa,
  0xf4, 0x4f, 0x42, 0xa9, 0xfe, 0x57, 0x41, 0xa9, 0xff, 0xc3, 0x00, 0x91, 0xc0, 0x03, 0x5f, 0xd6,
  0xff, 0x03, 0x00, 0x94, 0x1f, 0x1c, 0x00, 0x72, 0xc0, 0xf5, 0xff, 0x54, 0x40, 0x00, 0x80, 0x52,
  0xc1, 0xfc, 0xff, 0x97, 0x1f, 0x1c, 0x00, 0x72, 0x40, 0xf5, 0xff, 0x54, 0x21, 0x00, 0x00, 0xf0,
  0x21, 0x7c, 0x2e, 0x91, 0x18, 0x04, 0x00, 0x94, 0x40, 0x00, 0x80, 0x52, 0xe3, 0x03, 0x14, 0xaa,
  0xb5, 0xfc, 0xff, 0x97, 0xa3, 0xff, 0xff, 0x17, 0xfe, 0x4f, 0xbf, 0xa9, 0xf3, 0x03, 0x01, 0xaa,
  0xb4, 0xfc, 0xff, 0x97, 0x1f, 0x1c, 0x00, 0x72, 0x00, 0x01, 0x00, 0x54, 0xdc, 0x03, 0x00, 0x94,
  0x1f, 0x1c, 0x00, 0x72, 0xa0, 0x00, 0x00, 0x54, 0xe6, 0x03, 0x00, 0x94, 0x42, 0x00, 0x00, 0x90,
  0x42, 0xa8, 0x1e, 0x91, 0xd8, 0x03, 0x00, 0x94, 0x33, 0x02, 0x00, 0xb4, 0xe0, 0x03, 0x13, 0xaa,
  0xb5, 0xfd, 0xff, 0x97, 0xa7, 0xfc, 0xff, 0x97, 0x1f, 0x1c, 0x00, 0x72, 0x40, 0x01, 0x00, 0x54,
  0xcf, 0x03, 0x00, 0x94, 0x1f, 0x1c, 0x00, 0x72, 0xe0, 0x00, 0x00, 0x54, 0xd6, 0x03, 0x00, 0x94,
  0x42, 0x00, 0x00, 0x90, 0x42, 0xa8, 0x1e, 0x91, 0x00, 0x08, 0xa0, 0x52, 0xfe, 0x4f, 0xc1, 0xa8,
  0x99, 0xfc, 0xff, 0x17, 0xfe, 0x4f, 0xc1, 0xa8, 0xc0, 0x03, 0x5f, 0xd6, 0x99, 0xfc, 0xff, 0x97,
  0x1f, 0x1c, 0x00, 0x72, 0x00, 0xfe, 0xff, 0x54, 0xbf, 0x03, 0x00, 0x94, 0x1f, 0x1c, 0x00, 0x72,
  0xa0, 0xfd, 0xff, 0x54, 0xd0, 0x03, 0x00, 0x94, 0x42, 0x00, 0x00, 0x90, 0x42, 0xa8, 0x1e, 0x91,
  0xbf, 0x03, 0x00, 0x94, 0xe8, 0xff, 0xff, 0x17, 0xfe, 0x57, 0xbe, 0xa9, 0xf4, 0x4f, 0x01, 0xa9,
  0xf3, 0x03, 0x01, 0x2a, 0xc6, 0x03, 0x00, 0x94, 0x1f, 0x1c, 0x00, 0x72, 0x00, 0x01, 0x00, 0x54,
  0xb3, 0x03, 0x00, 0x94, 0x1f, 0x1c, 0x00, 0x72, 0xa0, 0x00, 0x00, 0x54, 0xbd, 0x03, 0x00, 0x94,
  0x22, 0x00, 0x00, 0xd0, 0x42, 0x64, 0x1e, 0x91, 0xaf, 0x03, 0x00, 0x94, 0x48, 0x00, 0x00, 0xb0,
  0x09, 0x03, 0x80, 0x52, 0x01, 0x03, 0x80, 0x52, 0xe2, 0x03, 0x1f, 0x2a, 0x75, 0x52, 0xa9, 0x9b,
  0x08, 0xa1, 0x1b, 0x91, 0xa0, 0x82, 0x01, 0x91, 0x08, 0x01, 0x40, 0xf9, 0x08, 0xb5, 0x40, 0xf9,
  0x00, 0x01, 0x3f, 0xd6, 0x88, 0x2e, 0x40, 0xf9, 0x08, 0x05, 0x00, 0xd1, 0x88, 0x2e, 0x00, 0xf9,
  0x74, 0xfc, 0xff, 0x97, 0x1f, 0x1c, 0x00, 0x72, 0x80, 0x01, 0x00, 0x54, 0x00, 0x08, 0x80, 0x52,
  0x71, 0xfc, 0xff, 0x97, 0x1f, 0x1c, 0x00, 0x72, 0x00, 0x01, 0x00, 0x54, 0xa4, 0x02, 0x46, 0xf8,
  0x21, 0x00, 0x00, 0xf0, 0x21, 0x00, 0x1f, 0x91, 0x85, 0x2e, 0x40, 0xf9, 0x22, 0x00, 0x00, 0xd0,
  0x42, 0x64, 0x1e, 0x91, 0xbb, 0x03, 0x00, 0x94, 0x66, 0xfc, 0xff, 0x97, 0x1f, 0x1c, 0x00, 0x72,
  0x00, 0x01, 0x00, 0x54, 0x8e, 0x03, 0x00, 0x94, 0x1f, 0x1c, 0x00, 0x72, 0xa0, 0x00, 0x00, 0x54,
  0x95, 0x03, 0x00, 0x94, 0x22, 0x00, 0x00, 0xd0, 0x42, 0x64, 0x1e, 0x91, 0x8a, 0x03, 0x00, 0x94,
  0xf4, 0x4f, 0x41, 0xa9, 0xe0, 0x03, 0x1f, 0xaa, 0xfe, 0x57, 0xc2, 0xa8, 0xc0, 0x03, 0x5f, 0xd6,
  0xfe, 0x0f, 0x1d, 0xf8, 0xf6, 0x57, 0x01, 0xa9, 0xf4, 0x4f, 0x02, 0xa9, 0xf4, 0x03, 0x02, 0x2a,
  0xf3, 0x03, 0x01, 0xaa, 0xf5, 0x03, 0x00, 0xaa, 0x52, 0xfc, 0xff, 0x97, 0x1f, 0x1c, 0x00, 0x72,
  0xe0, 0x00, 0x00, 0x54, 0x7a, 0x03, 0x00, 0x94, 0x1f, 0x1c, 0x00, 0x72, 0x80, 0x00, 0x00, 0x54,
  0x84, 0x03, 0x00, 0x94, 0x90, 0x03, 0x00, 0x94, 0x77, 0x03, 0x00, 0x94, 0xf5, 0x03, 0x00, 0xb4,
  0xd3, 0x03, 0x00, 0xb4, 0xb5, 0xa2, 0x01, 0x91, 0x28, 0x02, 0x80, 0x52, 0x08, 0x05, 0x00, 0xf1,
  0x80, 0x04, 0x00, 0x54, 0xa9, 0x82, 0x5f, 0xf8, 0x3f, 0x01, 0x13, 0xeb, 0x60, 0x04, 0x00, 0x54,
  0xb6, 0x62, 0x00, 0x91, 0xaa, 0x02, 0x40, 0x39, 0xf5, 0x03, 0x16, 0xaa, 0x09, 0xff, 0xff, 0xb4,
  0xf5, 0x03, 0x16, 0xaa, 0x9f, 0x02, 0x0a, 0x6b, 0xa1, 0xfe, 0xff, 0x54, 0x5a, 0x03, 0x00, 0x94,
  0x1f, 0x1c, 0x00, 0x72, 0x00, 0x05, 0x00, 0x54, 0x5f, 0x03, 0x00, 0x94, 0x73, 0x12, 0x00, 0x91,
  0x1f, 0x1c, 0x00, 0x72, 0xa0, 0x04, 0x00, 0x54, 0xc4, 0x02, 0x5e, 0xf8, 0x21, 0x00, 0x00, 0xd0,
  0x21, 0x30, 0x22, 0x91, 0x74, 0x03, 0x00, 0x94, 0x00, 0x00, 0xb0, 0x52, 0xe3, 0x03, 0x14, 0x2a,
  0x29, 0xfc, 0xff, 0x97, 0x1d, 0x00, 0x00, 0x14, 0x4b, 0x03, 0x00, 0x94, 0x1f, 0x1c, 0x00, 0x72,
  0x40, 0x03, 0x00, 0x54, 0x50, 0x03, 0x00, 0x94, 0x1f, 0x1c, 0x00, 0x72, 0xe0, 0x02, 0x00, 0x54,
  0x61, 0x03, 0x00, 0x94, 0x68, 0x03, 0x00, 0x94, 0x51, 0x03, 0x00, 0x94, 0x13, 0x00, 0x00, 0x14,
  0xf3, 0x03, 0x1f, 0xaa, 0x11, 0x00, 0x00, 0x14, 0x1e, 0xfc, 0xff, 0x97, 0x1f, 0x1c, 0x00, 0x72,
  0x60, 0x01, 0x00, 0x54, 0x44, 0x03, 0x00, 0x94, 0x1f, 0x1c, 0x00, 0x72, 0x00, 0x01, 0x00, 0x54,
  0xa4, 0x02, 0x40, 0x39, 0x41, 0x00, 0x00, 0x90, 0x21, 0x78, 0x09, 0x91, 0x5a, 0x03, 0x00, 0x94,
  0x00, 0x00, 0xb0, 0x52, 0xe3, 0x03, 0x13, 0xaa, 0x0f, 0xfc, 0xff, 0x97, 0xf3, 0x0b, 0x41, 0xb2,
  0x02, 0x00, 0x00, 0x14, 0x73, 0x02, 0x7e, 0xb2, 0x0e, 0xfc, 0xff, 0x97, 0x1f, 0x1c, 0x00, 0x72,
  0xe0, 0x00, 0x00, 0x54, 0x36, 0x03, 0x00, 0x94, 0x1f, 0x1c, 0x00, 0x72, 0x80, 0x00, 0x00, 0x54,
  0x3d, 0x03, 0x00, 0x94, 0x4c, 0x03, 0x00, 0x94, 0x33, 0x03, 0x00, 0x94, 0xe0, 0x03, 0x13, 0xaa,
  0xf4, 0x4f, 0x42, 0xa9, 0xf6, 0x57, 0x41, 0xa9, 0xfe, 0x07, 0x43, 0xf8, 0xc0, 0x03, 0x5f, 0xd6,
  0xfe, 0x0f, 0x1e, 0xf8, 0xf4, 0x4f, 0x01, 0xa9, 0xf3, 0x03, 0x01, 0xaa, 0x38, 0x03, 0x00, 0x94,
  0x1f, 0x1c, 0x00, 0x72, 0x00, 0x01, 0x00, 0x54, 0x25, 0x03, 0x00, 0x94, 0x1f, 0x1c, 0x00, 0x72,
  0xa0, 0x00, 0x00, 0x54, 0x2f, 0x03, 0x00, 0x94, 0x22, 0x00, 0x00, 0xf0, 0x42, 0xf4, 0x09, 0x91,
  0x21, 0x03, 0x00, 0x94, 0x14, 0x02, 0x00, 0xb4, 0xf3, 0x01, 0x00, 0xb4, 0x08, 0x02, 0x80, 0x52,
  0x68, 0x02, 0x00, 0x39, 0xef, 0xfb, 0xff, 0x97, 0x1f, 0x1c, 0x00, 0x72, 0x00, 0x01, 0x00, 0x54,
  0x17, 0x03, 0x00, 0x94, 0x1f, 0x1c, 0x00, 0x72, 0xa0, 0x00, 0x00, 0x54, 0x1e, 0x03, 0x00, 0x94,
  0x22, 0x00, 0x00, 0xf0, 0x42, 0xf4, 0x09, 0x91, 0x13, 0x03, 0x00, 0x94, 0xf3, 0x03, 0x1f, 0xaa,
  0x0b, 0x00, 0x00, 0x14, 0x04, 0x03, 0x00, 0x94, 0x1f, 0x1c, 0x00, 0x72, 0x00, 0x01, 0x00, 0x54,
  0x09, 0x03, 0x00, 0x94, 0x1f, 0x1c, 0x00, 0x72, 0xa0, 0x00, 0x00, 0x54, 0x1a, 0x03, 0x00, 0x94,
  0x22, 0x00, 0x00, 0xf0, 0x42, 0xf4, 0x09, 0x91, 0x09, 0x03, 0x00, 0x94, 0x33, 0x03, 0x00, 0x94,
  0xfe, 0x07, 0x42, 0xf8, 0xc0, 0x03, 0x5f, 0xd6, 0xfe, 0x0f, 0x1d, 0xf8, 0xf6, 0x57, 0x01, 0xa9,
  0xf4, 0x4f, 0x02, 0xa9, 0xf3, 0x03, 0x02, 0x2a, 0xf6, 0x03, 0x01, 0xaa, 0x0c, 0x03, 0x00, 0x94,
  0x1f, 0x1c, 0x00, 0x72, 0xe0, 0x00, 0x00, 0x54, 0xf9, 0x02, 0x00, 0x94, 0x1f, 0x1c, 0x00, 0x72,
  0x80, 0x00, 0x00, 0x54, 0x03, 0x03, 0x00, 0x94, 0x2a, 0x03, 0x00, 0x94, 0xf6, 0x02, 0x00, 0x94,
  0x55, 0x00, 0x80, 0xd2, 0x15, 0x00, 0xf0, 0xf2, 0x34, 0x01, 0x00, 0xb4, 0xc4, 0xfb, 0xff, 0x97,
  0x1f, 0x1c, 0x00, 0x72, 0x80, 0x00, 0x00, 0x54, 0x88, 0x82, 0x5f, 0xf8, 0xf2, 0x02, 0x00, 0x94,
  0xa1, 0x01, 0x00, 0x54, 0x94, 0x22, 0x00, 0xd1, 0x0e, 0x00, 0x00, 0x14, 0xbd, 0xfb, 0xff, 0x97,
  0x1f, 0x1c, 0x00, 0x72, 0x40, 0x08, 0x00, 0x54, 0xe3, 0x02, 0x00, 0x94, 0x1f, 0x1c, 0x00, 0x72,
  0xe0, 0x07, 0x00, 0x54, 0xf4, 0x02, 0x00, 0x94, 0x16, 0x03, 0x00, 0x94, 0xe4, 0x02, 0x00, 0x94,
  0x3b, 0x00, 0x00, 0x14, 0xd7, 0x02, 0x00, 0x94, 0x01, 0x35, 0x80, 0x52, 0xaf, 0xfb, 0xff, 0x97,
  0x7f, 0x3e, 0x00, 0x71, 0xc8, 0x06, 0x00, 0x54, 0xf6, 0x05, 0x00, 0xb4, 0xe0, 0x03, 0x14, 0xaa,
  0xe1, 0x03, 0x16, 0xaa, 0xe2, 0x03, 0x13, 0x2a, 0x52, 0xff, 0xff, 0x97, 0xe0, 0x05, 0xf8, 0xb7,
  0x08, 0x03, 0x80, 0x52, 0x8a, 0x2e, 0x40, 0xf9, 0x75, 0x52, 0xa8, 0x9b, 0xb6, 0x0e, 0x06, 0xf8,
  0xa8, 0x32, 0x40, 0x39, 0xb3, 0x22, 0x00, 0x39, 0x08, 0x01, 0x00, 0x32, 0xa8, 0x32, 0x00, 0x39,
  0xc9, 0x06, 0x40, 0xf9, 0x29, 0x11, 0x40, 0x39, 0x28, 0x01, 0x1f, 0x33, 0xa8, 0x32, 0x00, 0x39,
  0x08, 0x75, 0x1c, 0x12, 0xc9, 0x06, 0x40, 0xf9, 0x29, 0x0d, 0x40, 0xb9, 0xa9, 0x12, 0x00, 0xb9,
  0xc9, 0x06, 0x40, 0xf9, 0x29, 0x19, 0x40, 0xb9, 0x29, 0x05, 0x00, 0x11, 0xa9, 0x16, 0x00, 0xb9,
  0xc9, 0x06, 0x40, 0xf9, 0x29, 0x1d, 0x40, 0x39, 0x29, 0x01, 0x1d, 0x53, 0x28, 0x01, 0x08, 0x2a,
  0x49, 0x05, 0x00, 0x91, 0xa8, 0x32, 0x00, 0x39, 0x89, 0x2e, 0x00, 0xf9, 0x8d, 0xfb, 0xff, 0x97,
  0x1f, 0x1c, 0x00, 0x72, 0xe0, 0x01, 0x00, 0x54, 0x00, 0x08, 0x80, 0x52, 0x8a, 0xfb, 0xff, 0x97,
  0x1f, 0x1c, 0x00, 0x72, 0x60, 0x01, 0x00, 0x54, 0xa4, 0x02, 0x40, 0xf9, 0x21, 0x00, 0x00, 0xf0,
  0x21, 0xec, 0x35, 0x91, 0x85, 0x2e, 0x40, 0xf9, 0xe2, 0x02, 0x00, 0x94, 0xd5, 0x02, 0x00, 0x94,
  0x04, 0x00, 0x00, 0x14, 0xe0, 0x03, 0x14, 0xaa, 0xe1, 0x03, 0x13, 0x2a, 0xef, 0xfe, 0xff, 0x97,
  0xf5, 0x03, 0x1f, 0xaa, 0x02, 0x00, 0x00, 0x14, 0xf5, 0x03, 0x00, 0xaa, 0x79, 0xfb, 0xff, 0x97,
  0x1f, 0x1c, 0x00, 0x72, 0xe0, 0x00, 0x00, 0x54, 0xa1, 0x02, 0x00, 0x94, 0x1f, 0x1c, 0x00, 0x72,
  0x80, 0x00, 0x00, 0x54, 0xa8, 0x02, 0x00, 0x94, 0xd2, 0x02, 0x00, 0x94, 0x9e, 0x02, 0x00, 0x94,
  0xe0, 0x03, 0x15, 0xaa, 0xf4, 0x4f, 0x42, 0xa9, 0xf6, 0x57, 0x41, 0xa9, 0xfe, 0x07, 0x43, 0xf8,
  0xc0, 0x03, 0x5f, 0xd6, 0xff, 0x43, 0x01, 0xd1, 0xfe, 0x57, 0x03, 0xa9, 0xf4, 0x4f, 0x04, 0xa9,
  0x08, 0x04, 0x80, 0x52, 0xff, 0x2f, 0x00, 0xb9, 0xe8, 0x03, 0x00, 0xf9, 0x40, 0x01, 0x00, 0xb4,
  0xf3, 0x03, 0x00, 0xaa, 0x62, 0xfb, 0xff, 0x97, 0x1f, 0x1c, 0x00, 0x72, 0x80, 0x00, 0x00, 0x54,
  0x68, 0x82, 0x5f, 0xf8, 0x90, 0x02, 0x00, 0x94, 0xc1, 0x01, 0x00, 0x54, 0x73, 0x22, 0x00, 0xd1,
  0x0f, 0x00, 0x00, 0x14, 0xa9, 0x02, 0x00, 0x94, 0x1f, 0x1c, 0x00, 0x72, 0xe0, 0x09, 0x00, 0x54,
  0x81, 0x02, 0x00, 0x94, 0x1f, 0x1c, 0x00, 0x72, 0x80, 0x09, 0x00, 0x54, 0x92, 0x02, 0x00, 0x94,
  0x22, 0x00, 0x00, 0xd0, 0x42, 0x48, 0x0d, 0x91, 0x81, 0x02, 0x00, 0x94, 0x47, 0x00, 0x00, 0x14,
  0x74, 0x02, 0x00, 0x94, 0x61, 0x3d, 0x80, 0x52, 0x4c, 0xfb, 0xff, 0x97, 0x68, 0x42, 0x5b, 0x39,
  0xa8, 0x07, 0x00, 0x34, 0x68, 0x46, 0x5b, 0x39, 0x55, 0x00, 0x80, 0xd2, 0x60, 0xf6, 0x40, 0xf9,
  0x15, 0x00, 0xf0, 0xf2, 0xc8, 0x00, 0x00, 0x34, 0x68, 0x52, 0x45, 0xb9, 0x1f, 0x15, 0x00, 0x71,
  0x61, 0x00, 0x00, 0x54, 0xb4, 0x2e, 0x00, 0x91, 0x38, 0x00, 0x00, 0x14, 0x80, 0x06, 0x00, 0xb4,
  0x08, 0x24, 0x40, 0xf9, 0xe1, 0xb3, 0x00, 0x91, 0xe2, 0x03, 0x00, 0x91, 0xe3, 0x23, 0x00, 0x91,
  0x00, 0x01, 0x3f, 0xd6, 0xe1, 0x2f, 0x40, 0xb9, 0xe1, 0x05, 0x00, 0x34, 0xe2, 0x03, 0x40, 0xf9,
  0x60, 0xc2, 0x07, 0x91, 0xe3, 0x23, 0x00, 0x91, 0x26, 0x04, 0x00, 0x94, 0xf4, 0x03, 0x00, 0xaa,
  0xe0, 0x05, 0xf8, 0xb7, 0xe8, 0x2f, 0x40, 0xb9, 0x1f, 0x11, 0x00, 0x71, 0xe1, 0x04, 0x00, 0x54,
  0x68, 0x0a, 0x43, 0xf9, 0xa8, 0x00, 0x00, 0xb4, 0x60, 0xf6, 0x40, 0xf9, 0x60, 0x00, 0x00, 0xb4,
  0x61, 0x22, 0x18, 0x91, 0x4f, 0x0f, 0x00, 0x94, 0x68, 0x1e, 0x43, 0xf9, 0xa8, 0x00, 0x00, 0xb4,
  0x60, 0xf6, 0x40, 0xf9, 0x60, 0x00, 0x00, 0xb4, 0x61, 0xc2, 0x18, 0x91, 0x49, 0x0f, 0x00, 0x94,
  0x68, 0x32, 0x43, 0xf9, 0xa8, 0x00, 0x00, 0xb4, 0x60, 0xf6, 0x40, 0xf9, 0x60, 0x00, 0x00, 0xb4,
  0x61, 0x62, 0x19, 0x91, 0x43, 0x0f, 0x00, 0x94, 0x68, 0x46, 0x43, 0xf9, 0xa8, 0x00, 0x00, 0xb4,
  0x60, 0xf6, 0x40, 0xf9, 0x60, 0x00, 0x00, 0xb4, 0x61, 0x02, 0x1a, 0x91, 0x3d, 0x0f, 0x00, 0x94,
  0x68, 0x5a, 0x43, 0xf9, 0xb4, 0x12, 0x00, 0x91, 0x88, 0x01, 0x00, 0xb4, 0x60, 0xf6, 0x40, 0xf9,
  0x40, 0x01, 0x00, 0xb4, 0x61, 0xa2, 0x1a, 0x91, 0x36, 0x0f, 0x00, 0x94, 0xb4, 0x12, 0x00, 0x91,
  0x06, 0x00, 0x00, 0x14, 0xf4, 0x03, 0x1f, 0xaa, 0x04, 0x00, 0x00, 0x14, 0xb4, 0x5a, 0x00, 0x91,
  0x02, 0x00, 0x00, 0x14, 0xf4, 0x03, 0x00, 0xaa, 0xe0, 0x03, 0x14, 0xaa, 0xf4, 0x4f, 0x44, 0xa9,
  0xfe, 0x57, 0x43, 0xa9, 0xff, 0x43, 0x01, 0x91, 0xc0, 0x03, 0x5f, 0xd6, 0x05, 0xfb, 0xff, 0x97,
  0x1f, 0x1c, 0x00, 0x72, 0x00, 0xfa, 0xff, 0x54, 0x2b, 0x02, 0x00, 0x94, 0x1f, 0x1c, 0x00, 0x72,
  0xa0, 0xf9, 0xff, 0x54, 0x21, 0x00, 0x00, 0xb0, 0x21, 0x90, 0x3c, 0x91, 0x22, 0x00, 0x00, 0xd0,
  0x42, 0x48, 0x0d, 0x91, 0x00, 0x00, 0xb0, 0x52, 0xe3, 0x03, 0x14, 0xaa, 0xf6, 0xfa, 0xff, 0x97,
  0xc5, 0xff, 0xff, 0x17, 0xfe, 0x0f, 0x1e, 0xf8, 0xf4, 0x4f, 0x01, 0xa9, 0x30, 0x02, 0x00, 0x94,
  0x1f, 0x1c, 0x00, 0x72, 0xe0, 0x00, 0x00, 0x54, 0x1d, 0x02, 0x00, 0x94, 0x1f, 0x1c, 0x00, 0x72,
  0x80, 0x00, 0x00, 0x54, 0x27, 0x02, 0x00, 0x94, 0x45, 0x02, 0x00, 0x94, 0x1a, 0x02, 0x00, 0x94,
  0x34, 0x01, 0x00, 0xb4, 0xea, 0xfa, 0xff, 0x97, 0x1f, 0x1c, 0x00, 0x72, 0x80, 0x00, 0x00, 0x54,
  0x88, 0x82, 0x5f, 0xf8, 0x18, 0x02, 0x00, 0x94, 0x61, 0x01, 0x00, 0x54, 0x94, 0x22, 0x00, 0xd1,
  0x0c, 0x00, 0x00, 0x14, 0x04, 0x02, 0x00, 0x94, 0x1f, 0x1c, 0x00, 0x72, 0x00, 0x0a, 0x00, 0x54,
  0x09, 0x02, 0x00, 0x94, 0x1f, 0x1c, 0x00, 0x72, 0xa0, 0x09, 0x00, 0x54, 0x1a, 0x02, 0x00, 0x94,
  0x0f, 0x00, 0x00, 0x14, 0xff, 0x01, 0x00, 0x94, 0xa1, 0x47, 0x80, 0x52, 0xd7, 0xfa, 0xff, 0x97,
  0x88, 0x42, 0x5b, 0x39, 0xa8, 0x01, 0x00, 0x34, 0xf7, 0x01, 0x00, 0x94, 0x1f, 0x1c, 0x00, 0x72,
  0xa0, 0x04, 0x00, 0x54, 0xfc, 0x01, 0x00, 0x94, 0x73, 0x12, 0x00, 0x91, 0x1f, 0x1c, 0x00, 0x72,
  0xe0, 0x07, 0x00, 0x54, 0x21, 0x00, 0x00, 0xd0, 0x21, 0x28, 0x23, 0x91, 0x24, 0x02, 0x00, 0x94,
  0xfb, 0x01, 0x00, 0x94, 0x3a, 0x00, 0x00, 0x14, 0x48, 0x00, 0x00, 0xb0, 0x40, 0x00, 0x00, 0x90,
  0x82, 0xa2, 0x07, 0x91, 0xe1, 0x03, 0x1f, 0xaa, 0x08, 0xa1, 0x1b, 0x91, 0x9f, 0x46, 0x1b, 0x39,
  0x08, 0x01, 0x40, 0xf9, 0x08, 0xa1, 0x40, 0xf9, 0x00, 0x20, 0x39, 0x91, 0x00, 0x01, 0x3f, 0xd6,
  0x60, 0x02, 0xf8, 0xb7, 0x81, 0xf6, 0x40, 0xf9, 0x80, 0xc2, 0x07, 0x91, 0x20, 0x02, 0x00, 0x94,
  0x00, 0x03, 0xf8, 0xb7, 0x80, 0xf6, 0x40, 0xf9, 0x41, 0x00, 0x00, 0xb0, 0x42, 0x00, 0x00, 0xb0,
  0x08, 0x48, 0x40, 0xf9, 0x21, 0x40, 0x19, 0x91, 0x42, 0xa0, 0x19, 0x91, 0x00, 0x01, 0x3f, 0xd6,
  0xf3, 0x03, 0x00, 0xaa, 0x00, 0x03, 0xf8, 0xb7, 0x28, 0x00, 0x80, 0x52, 0x88, 0x42, 0x1b, 0x39,
  0x1f, 0x00, 0x00, 0x14, 0x73, 0x02, 0x7e, 0xb2, 0x1d, 0x00, 0x00, 0x14, 0xf0, 0x01, 0x00, 0x94,
  0x1f, 0x1c, 0x00, 0x72, 0x40, 0x03, 0x00, 0x54, 0xd3, 0x01, 0x00, 0x94, 0x1f, 0x1c, 0x00, 0x72,
  0xe0, 0x02, 0x00, 0x54, 0x21, 0x00, 0x00, 0xd0, 0x21, 0xd0, 0x26, 0x91, 0x12, 0x00, 0x00, 0x14,
  0xe7, 0x01, 0x00, 0x94, 0x1f, 0x1c, 0x00, 0x72, 0x20, 0x02, 0x00, 0x54, 0xca, 0x01, 0x00, 0x94,
  0x1f, 0x1c, 0x00, 0x72, 0xc0, 0x01, 0x00, 0x54, 0x21, 0x00, 0x00, 0xd0, 0x21, 0x88, 0x27, 0x91,
  0x09, 0x00, 0x00, 0x14, 0x9b, 0xfa, 0xff, 0x97, 0x1f, 0x1c, 0x00, 0x72, 0x00, 0x01, 0x00, 0x54,
  0xc1, 0x01, 0x00, 0x94, 0x1f, 0x1c, 0x00, 0x72, 0xa0, 0x00, 0x00, 0x54, 0x21, 0x00, 0x00, 0xd0,
  0x21, 0x4c, 0x19, 0x91, 0xea, 0x01, 0x00, 0x94, 0xb0, 0x01, 0x00, 0x94, 0x91, 0xfa, 0xff, 0x97,
  0x1f, 0x1c, 0x00, 0x72, 0xe0, 0x00, 0x00, 0x54, 0xb9, 0x01, 0x00, 0x94, 0x1f, 0x1c, 0x00, 0x72,
  0x80, 0x00, 0x00, 0x54, 0xc0, 0x01, 0x00, 0x94, 0xe1, 0x01, 0x00, 0x94, 0xb6, 0x01, 0x00, 0x94,
  0xe2, 0x01, 0x00, 0x94, 0xfe, 0x07, 0x42, 0xf8, 0xc0, 0x03, 0x5f, 0xd6, 0xfe, 0x0f, 0x1e, 0xf8,
  0xf4, 0x4f, 0x01, 0xa9, 0xbe, 0x01, 0x00, 0x94, 0x1f, 0x1c, 0x00, 0x72, 0xe0, 0x00, 0x00, 0x54,
  0xab, 0x01, 0x00, 0x94, 0x1f, 0x1c, 0x00, 0x72, 0x80, 0x00, 0x00, 0x54, 0xb5, 0x01, 0x00, 0x94,
  0xc7, 0x01, 0x00, 0x94, 0xa8, 0x01, 0x00, 0x94, 0x53, 0x00, 0x80, 0xd2, 0x13, 0x00, 0xf0, 0xf2,
  0x34, 0x01, 0x00, 0xb4, 0x76, 0xfa, 0xff, 0x97, 0x1f, 0x1c, 0x00, 0x72, 0x80, 0x00, 0x00, 0x54,
  0x88, 0x82, 0x5f, 0xf8, 0xa4, 0x01, 0x00, 0x94, 0xa1, 0x01, 0x00, 0x54, 0x94, 0x22, 0x00, 0xd1,
  0x0e, 0x00, 0x00, 0x14, 0x6f, 0xfa, 0xff, 0x97, 0x1f, 0x1c, 0x00, 0x72, 0x40, 0x06, 0x00, 0x54,
  0x95, 0x01, 0x00, 0x94, 0x1f, 0x1c, 0x00, 0x72, 0xe0, 0x05, 0x00, 0x54, 0xa6, 0x01, 0x00, 0x94,
  0xb3, 0x01, 0x00, 0x94, 0x96, 0x01, 0x00, 0x94, 0x2b, 0x00, 0x00, 0x14, 0x89, 0x01, 0x00, 0x94,
  0x01, 0x4e, 0x80, 0x52, 0x61, 0xfa, 0xff, 0x97, 0x88, 0x42, 0x5b, 0x39, 0x68, 0x01, 0x00, 0x34,
  0x80, 0xf6, 0x40, 0xf9, 0x9f, 0x42, 0x1b, 0x39, 0xa0, 0x02, 0x00, 0xb4, 0x08, 0x3c, 0x40, 0xf9,
  0x00, 0x01, 0x3f, 0xd6, 0xf3, 0x03, 0x00, 0xaa, 0xa0, 0x02, 0xf8, 0xb7, 0x80, 0xc2, 0x07, 0x91,
  0xdf, 0x02, 0x00, 0x94, 0x1c, 0x00, 0x00, 0x14, 0x56, 0xfa, 0xff, 0x97, 0x74, 0x12, 0x00, 0x91,
  0x1f, 0x1c, 0x00, 0x72, 0x80, 0x01, 0x00, 0x54, 0x7b, 0x01, 0x00, 0x94, 0x1f, 0x1c, 0x00, 0x72,
  0x20, 0x01, 0x00, 0x54, 0x41, 0x00, 0x00, 0x90, 0x21, 0x68, 0x1a, 0x91, 0x98, 0x01, 0x00, 0x94,
  0x7b, 0x01, 0x00, 0x94, 0x73, 0x12, 0x00, 0x91, 0x0f, 0x00, 0x00, 0x14, 0x73, 0x5a, 0x00, 0x91,
  0x0d, 0x00, 0x00, 0x14, 0xf3, 0x03, 0x14, 0xaa, 0x0b, 0x00, 0x00, 0x14, 0x45, 0xfa, 0xff, 0x97,
  0x1f, 0x1c, 0x00, 0x72, 0x00, 0x01, 0x00, 0x54, 0x6b, 0x01, 0x00, 0x94, 0x1f, 0x1c, 0x00, 0x72,
  0xa0, 0x00, 0x00, 0x54, 0x21, 0x00, 0x00, 0xd0, 0x21, 0x80, 0x3a, 0x91, 0x88, 0x01, 0x00, 0x94,
  0x5a, 0x01, 0x00, 0x94, 0x3b, 0xfa, 0xff, 0x97, 0x1f, 0x1c, 0x00, 0x72, 0xe0, 0x00, 0x00, 0x54,
  0x63, 0x01, 0x00, 0x94, 0x1f, 0x1c, 0x00, 0x72, 0x80, 0x00, 0x00, 0x54, 0x6a, 0x01, 0x00, 0x94,
  0x7f, 0x01, 0x00, 0x94, 0x60, 0x01, 0x00, 0x94, 0x8c, 0x01, 0x00, 0x94, 0xfe, 0x07, 0x42, 0xf8,
  0xc0, 0x03, 0x5f, 0xd6, 0xfe, 0x0f, 0x1e, 0xf8, 0xf4, 0x4f, 0x01, 0xa9, 0xf4, 0x03, 0x01, 0xaa,
  0x6f, 0x01, 0x00, 0x94, 0x1f, 0x1c, 0x00, 0x72, 0x00, 0x01, 0x00, 0x54, 0x54, 0x01, 0x00, 0x94,
  0x1f, 0x1c, 0x00, 0x72, 0xa0, 0x00, 0x00, 0x54, 0x5e, 0x01, 0x00, 0x94, 0x22, 0x00, 0x00, 0xf0,
  0x42, 0x0c, 0x32, 0x91, 0x50, 0x01, 0x00, 0x94, 0x54, 0x01, 0x00, 0xb4, 0x33, 0x01, 0x00, 0xb4,
  0x1f, 0xfa, 0xff, 0x97, 0x1f, 0x1c, 0x00, 0x72, 0x80, 0x00, 0x00, 0x54, 0x68, 0x82, 0x5f, 0xf8,
  0x4d, 0x01, 0x00, 0x94, 0xc1, 0x01, 0x00, 0x54, 0x73, 0x22, 0x00, 0xd1, 0x0f, 0x00, 0x00, 0x14,
  0x39, 0x01, 0x00, 0x94, 0x1f, 0x1c, 0x00, 0x72, 0xc0, 0x02, 0x00, 0x54, 0x3e, 0x01, 0x00, 0x94,
  0x1f, 0x1c, 0x00, 0x72, 0x60, 0x02, 0x00, 0x54, 0x4f, 0x01, 0x00, 0x94, 0x22, 0x00, 0x00, 0xf0,
  0x42, 0x0c, 0x32, 0x91, 0x3e, 0x01, 0x00, 0x94, 0x0e, 0x00, 0x00, 0x14, 0x31, 0x01, 0x00, 0x94,
  0x61, 0x53, 0x80, 0x52, 0x09, 0xfa, 0xff, 0x97, 0x9f, 0x02, 0x00, 0xb9, 0x68, 0x52, 0x45, 0xb9,
  0x08, 0x0d, 0x00, 0x51, 0x1f, 0x15, 0x00, 0x71, 0xa8, 0x00, 0x00, 0x54, 0x68, 0x6a, 0x45, 0xb9,
  0xf3, 0x03, 0x1f, 0xaa, 0x88, 0x02, 0x00, 0xb9, 0x02, 0x00, 0x00, 0x14, 0xf3, 0x03, 0x1f, 0xaa,
  0x00, 0xfa, 0xff, 0x97, 0x1f, 0x1c, 0x00, 0x72, 0x00, 0x01, 0x00, 0x54, 0x28, 0x01, 0x00, 0x94,
  0x1f, 0x1c, 0x00, 0x72, 0xa0, 0x00, 0x00, 0x54, 0x2f, 0x01, 0x00, 0x94, 0x22, 0x00, 0x00, 0xf0,
  0x42, 0x0c, 0x32, 0x91, 0x24, 0x01, 0x00, 0x94, 0x50, 0x01, 0x00, 0x94, 0xfe, 0x07, 0x42, 0xf8,
  0xc0, 0x03, 0x5f, 0xd6, 0xfe, 0x4f, 0xbf, 0xa9, 0x35, 0x01, 0x00, 0x94, 0x1f, 0x1c, 0x00, 0x72,
  0x20, 0x01, 0x00, 0x54, 0x18, 0x01, 0x00, 0x94, 0x1f, 0x1c, 0x00, 0x72, 0xc0, 0x00, 0x00, 0x54,
  0x21, 0x00, 0x00, 0xd0, 0x21, 0xcc, 0x1e, 0x91, 0x22, 0x00, 0x00, 0xf0, 0x42, 0xac, 0x36, 0x91,
  0x06, 0x01, 0x00, 0x94, 0xe0, 0x03, 0x13, 0xaa, 0x16, 0x15, 0x00, 0x94, 0xf3, 0x03, 0x00, 0xaa,
  0x80, 0x01, 0x00, 0xb4, 0xe3, 0xf9, 0xff, 0x97, 0x1f, 0x1c, 0x00, 0x72, 0x20, 0x01, 0x00, 0x54,
  0x09, 0x01, 0x00, 0x94, 0x1f, 0x1c, 0x00, 0x72, 0xc0, 0x00, 0x00, 0x54, 0x21, 0x00, 0x00, 0xd0,
  0x21, 0x94, 0x0d, 0x91, 0x22, 0x00, 0x00, 0xf0, 0x42, 0xac, 0x36, 0x91, 0xf7, 0x00, 0x00, 0x94,
  0xe0, 0x03, 0x13, 0xaa, 0xfe, 0x4f, 0xc1, 0xa8, 0xc0, 0x03, 0x5f, 0xd6, 0xfe, 0x4f, 0xbf, 0xa9,
  0x17, 0x01, 0x00, 0x94, 0x1f, 0x1c, 0x00, 0x72, 0x20, 0x01, 0x00, 0x54, 0xfa, 0x00, 0x00, 0x94,
  0x1f, 0x1c, 0x00, 0x72, 0xc0, 0x00, 0x00, 0x54, 0x21, 0x00, 0x00, 0xd0, 0x21, 0x58, 0x28, 0x91,
  0x22, 0x00, 0x00, 0xd0, 0x42, 0xc8, 0x28, 0x91, 0xe8, 0x00, 0x00, 0x94, 0xe0, 0x03, 0x13, 0xaa,
  0xeb, 0x14, 0x00, 0x94, 0xf3, 0x03, 0x00, 0xaa, 0x80, 0x01, 0x00, 0xb4, 0xc5, 0xf9, 0xff, 0x97,
  0x1f, 0x1c, 0x00, 0x72, 0x20, 0x01, 0x00, 0x54, 0xeb, 0x00, 0x00, 0x94, 0x1f, 0x1c, 0x00, 0x72,
  0xc0, 0x00, 0x00, 0x54, 0x41, 0x00, 0x00, 0x90, 0x21, 0x70, 0x00, 0x91, 0x22, 0x00, 0x00, 0xd0,
  0x42, 0xc8, 0x28, 0x91, 0xd9, 0x00, 0x00, 0x94, 0xe0, 0x03, 0x13, 0xaa, 0xfe, 0x4f, 0xc1, 0xa8,
  0xc0, 0x03, 0x5f, 0xd6, 0xff, 0xc3, 0x02, 0xd1, 0xfd, 0x7b, 0x05, 0xa9, 0xfc, 0x6f, 0x06, 0xa9,
  0xfa, 0x67, 0x07, 0xa9, 0xf8, 0x5f, 0x08, 0xa9, 0xf6, 0x57, 0x09, 0xa9, 0xf4, 0x4f, 0x0a, 0xa9,
  0x48, 0x00, 0x00, 0xb0, 0xf3, 0x03, 0x01, 0xaa, 0xf4, 0x03, 0x00, 0xaa, 0x57, 0x00, 0x00, 0xb0,
  0xf7, 0xe2, 0x1b, 0x91, 0x08, 0xfd, 0x46, 0xb9, 0x08, 0x03, 0x00, 0x34, 0xa9, 0xf9, 0xff, 0x97,
  0x1f, 0x1c, 0x00, 0x72, 0x00, 0x01, 0x00, 0x54, 0xcf, 0x00, 0x00, 0x94, 0x1f, 0x1c, 0x00, 0x72,
  0xa0, 0x00, 0x00, 0x54, 0xe2, 0x06, 0x40, 0xf9, 0x21, 0x00, 0x00, 0xf0, 0x21, 0xcc, 0x0e, 0x91,
  0xe0, 0x00, 0x00, 0x94, 0xe8, 0x06, 0x40, 0xf9, 0xe0, 0x03, 0x1f, 0xaa, 0xf6, 0x57, 0x49, 0xa9,
  0xfa, 0x67, 0x47, 0xa9, 0x88, 0x02, 0x00, 0xf9, 0xe8, 0x02, 0x40, 0x79, 0xf8, 0x5f, 0x48, 0xa9,
  0xfc, 0x6f, 0x46, 0xa9, 0x68, 0x02, 0x00, 0x79, 0xf4, 0x4f, 0x4a, 0xa9, 0xfd, 0x7b, 0x45, 0xa9,
  0xff, 0xc3, 0x02, 0x91, 0xc0, 0x03, 0x5f, 0xd6, 0x92, 0xf9, 0xff, 0x97, 0x1f, 0x1c, 0x00, 0x72,
  0x00, 0x01, 0x00, 0x54, 0xb8, 0x00, 0x00, 0x94, 0x1f, 0x1c, 0x00, 0x72, 0xa0, 0x00, 0x00, 0x54,
  0xe2, 0x06, 0x40, 0xf9, 0x21, 0x00, 0x00, 0xd0, 0x21, 0x20, 0x0e, 0x91, 0xc9, 0x00, 0x00, 0x94,
  0x08, 0x02, 0x80, 0x52, 0xff, 0x7f, 0x03, 0xa9, 0xff, 0x02, 0x00, 0x79, 0xe8, 0x4b, 0x00, 0xb9,
  0x83, 0xf9, 0xff, 0x97, 0x20, 0x00, 0xa0, 0x52, 0x80, 0xfa, 0xff, 0x97, 0xe0, 0x06, 0x00, 0xf9,
  0x7f, 0xf9, 0xff, 0x97, 0xe8, 0x06, 0x40, 0xf9, 0x1f, 0x1c, 0x00, 0x72, 0x40, 0x01, 0x00, 0x54,
  0x28, 0x01, 0x00, 0xb5, 0x40, 0x00, 0x00, 0x90, 0x00, 0xfc, 0x12, 0x91, 0x22, 0x00, 0x00, 0xd0,
  0x42, 0xe0, 0x3e, 0x91, 0xe1, 0x7b, 0x80, 0x52, 0x74, 0xf9, 0xff, 0x97, 0x48, 0x00, 0x00, 0xb0,
  0x08, 0x81, 0x43, 0xf9, 0x48, 0xf9, 0xff, 0xb4, 0x72, 0xf9, 0xff, 0x97, 0x1f, 0x1c, 0x00, 0x72,
  0x20, 0x01, 0x00, 0x54, 0x98, 0x00, 0x00, 0x94, 0x1f, 0x1c, 0x00, 0x72, 0xc0, 0x00, 0x00, 0x54,
  0x21, 0x00, 0x00, 0xd0, 0x21, 0x54, 0x17, 0x91, 0x00, 0x00, 0xb0, 0x52, 0xc2, 0x01, 0x80, 0x52,
  0x65, 0xf9, 0xff, 0x97, 0x59, 0x00, 0x00, 0xb0, 0x55, 0x00, 0x00, 0x90, 0x56, 0x00, 0x00, 0x90,
  0xf4, 0xcf, 0x00, 0xa9, 0xf8, 0x03, 0x1f, 0xaa, 0x5a, 0x00, 0x00, 0xb0, 0x39, 0xa3, 0x1b, 0x91,
  0x3b, 0x00, 0x80, 0x52, 0xb5, 0xe2, 0x39, 0x91, 0x1d, 0x03, 0x80, 0x52, 0xd6, 0xa2, 0x39, 0x91,
  0x1f, 0x3b, 0x00, 0xf1, 0xa0, 0x0d, 0x00, 0x54, 0x48, 0x00, 0x00, 0xb0, 0x08, 0x01, 0x00, 0x91,
  0x1c, 0x11, 0x18, 0x8b, 0xe1, 0xa3, 0x00, 0x91, 0xe2, 0x42, 0x00, 0x91, 0xe3, 0x23, 0x01, 0x91,
  0x00, 0x30, 0x80, 0x52, 0x88, 0x07, 0x40, 0xf9, 0xe8, 0x17, 0x00, 0xf9, 0x5f, 0x14, 0x00, 0x94,
  0xe8, 0x06, 0x40, 0xf9, 0x01, 0x04, 0x80, 0x52, 0xe9, 0x02, 0x40, 0x79, 0x82, 0x03, 0x40, 0xf9,
  0x08, 0x19, 0x09, 0x8b, 0x00, 0x21, 0x00, 0x91, 0x5c, 0xfb, 0xff, 0x97, 0xe8, 0x4b, 0x40, 0xb9,
  0xe8, 0x09, 0x00, 0x34, 0x28, 0x03, 0x40, 0xf9, 0xe2, 0x63, 0x00, 0x91, 0xe0, 0x0a, 0x40, 0xf9,
  0x95, 0x00, 0x00, 0x94, 0xf4, 0x02, 0x40, 0x79, 0xe8, 0xa6, 0x40, 0xa9, 0x9f, 0xfa, 0x0f, 0x71,
  0x08, 0x19, 0x14, 0x8b, 0x09, 0x01, 0x00, 0xf9, 0xe9, 0x0e, 0x40, 0xf9, 0x1b, 0xc9, 0x00, 0x39,
  0x14, 0x61, 0x00, 0x79, 0x09, 0x15, 0x00, 0xf9, 0xe9, 0x0f, 0x40, 0xf9, 0x09, 0x1d, 0x00, 0xf9,
  0x48, 0x09, 0x00, 0x54, 0x88, 0x06, 0x00, 0x11, 0x89, 0x07, 0x40, 0xf9, 0xe1, 0xa3, 0x00, 0x91,
  0xe2, 0x42, 0x06, 0x91, 0xe3, 0x33, 0x01, 0x91, 0x00, 0x20, 0x80, 0x52, 0xe8, 0x02, 0x00, 0x79,
  0x08, 0x10, 0x80, 0x52, 0xe9, 0x17, 0x00, 0xf9, 0xe8, 0x4f, 0x00, 0xb9, 0x3b, 0x14, 0x00, 0x94,
  0xe8, 0x4f, 0x40, 0xb9, 0x1f, 0x05, 0x00, 0x71, 0x40, 0x07, 0x00, 0x54, 0xfc, 0x03, 0x1f, 0x2a,
  0x1f, 0x21, 0x3c, 0x6b, 0xe9, 0x06, 0x00, 0x54, 0x88, 0x3f, 0x40, 0x92, 0x29, 0x03, 0x40, 0xf9,
  0xe2, 0x83, 0x00, 0x91, 0xe1, 0x03, 0x16, 0xaa, 0x13, 0x5d, 0xbd, 0x9b, 0x28, 0x4d, 0x40, 0xf9,
  0x60, 0xca, 0x40, 0xf9, 0x00, 0x01, 0x3f, 0xd6, 0x40, 0x04, 0xf8, 0xb7, 0x28, 0x03, 0x40, 0xf9,
  0xe2, 0x63, 0x00, 0x91, 0x60, 0xca, 0x40, 0xf9, 0x6b, 0x00, 0x00, 0x94, 0xe9, 0x06, 0x40, 0xf9,
  0xe8, 0x02, 0x40, 0x79, 0x6a, 0xca, 0x40, 0xf9, 0x2b, 0x19, 0x08, 0x8b, 0x6a, 0x01, 0x00, 0xf9,
  0x69, 0xce, 0x40, 0xf9, 0x7b, 0xc9, 0x00, 0x39, 0x74, 0x61, 0x00, 0x79, 0x69, 0x15, 0x00, 0xf9,
  0xe9, 0x0f, 0x40, 0xf9, 0x69, 0x1d, 0x00, 0xf9, 0xe9, 0x13, 0x40, 0xf9, 0x2a, 0x8d, 0x43, 0x38,
  0x2c, 0x05, 0x40, 0x39, 0x4a, 0x21, 0x0c, 0x2a, 0xca, 0x01, 0x00, 0x34, 0xea, 0x03, 0x1f, 0xaa,
  0x6b, 0x21, 0x00, 0x91, 0x5f, 0x81, 0x00, 0xf1, 0xc0, 0x00, 0x00, 0x54, 0x2c, 0x79, 0x6a, 0x78,
  0x6c, 0x69, 0x2a, 0x38, 0x2c, 0x79, 0x6a, 0x78, 0x4a, 0x05, 0x00, 0x91, 0x4c, 0xff, 0xff, 0x35,
  0x1f, 0xf9, 0x0f, 0x71, 0xe8, 0x01, 0x00, 0x54, 0x08, 0x05, 0x00, 0x11, 0x48, 0xf3, 0x0d, 0x79,
  0xe8, 0x4f, 0x40, 0xb9, 0x9c, 0x07, 0x00, 0x11, 0xd2, 0xff, 0xff, 0x17, 0xe9, 0x06, 0x40, 0xf9,
  0xe8, 0x02, 0x40, 0x79, 0x29, 0x19, 0x08, 0x8b, 0x1f, 0xf9, 0x0f, 0x71, 0x3f, 0xc9, 0x00, 0x39,
  0x28, 0x61, 0x00, 0x79, 0xa8, 0x00, 0x00, 0x54, 0x08, 0x05, 0x00, 0x11, 0x48, 0xf3, 0x0d, 0x79,
  0x18, 0x07, 0x00, 0x91, 0x93, 0xff, 0xff, 0x17, 0xee, 0xf8, 0xff, 0x97, 0xf4, 0xcf, 0x40, 0xa9,
  0x1f, 0x1c, 0x00, 0x72, 0x40, 0xe8, 0xff, 0x54, 0x13, 0x00, 0x00, 0x94, 0x1f, 0x1c, 0x00, 0x72,
  0xe0, 0xe7, 0xff, 0x54, 0xe2, 0x06, 0x40, 0xf9, 0x21, 0x00, 0x00, 0xf0, 0x21, 0x70, 0x3a, 0x91,
  0x24, 0x00, 0x00, 0x94, 0x3a, 0xff, 0xff, 0x17, 0x00, 0x00, 0xb0, 0x52, 0xe3, 0x03, 0x13, 0xaa,
  0xdd, 0xf8, 0xff, 0x17, 0x53, 0x00, 0x80, 0xd2, 0x13, 0x00, 0xf0, 0xf2, 0xdd, 0xf8, 0xff, 0x17,
  0x40, 0x00, 0x00, 0x90, 0x00, 0xfc, 0x12, 0x91, 0x22, 0x00, 0x00, 0xf0, 0x42, 0x4c, 0x1a, 0x91,
  0xc0, 0x03, 0x5f, 0xd6, 0x00, 0x00, 0xb0, 0x52, 0xd7, 0xf8, 0xff, 0x17, 0x00, 0x08, 0xa0, 0x52,
  0xd5, 0xf8, 0xff, 0x17, 0x00, 0x08, 0xa0, 0x52, 0xcf, 0xf8, 0xff, 0x17, 0x00, 0x00, 0xb0, 0x52,
  0xcd, 0xf8, 0xff, 0x17, 0xa9, 0x6e, 0x8e, 0x52, 0x49, 0xac, 0xad, 0x72, 0x1f, 0x01, 0x09, 0xeb,
  0xc0, 0x03, 0x5f, 0xd6, 0x21, 0x00, 0x00, 0xd0, 0x21, 0x2c, 0x19, 0x91, 0xc0, 0x03, 0x5f, 0xd6,
  0x21, 0x00, 0x00, 0xf0, 0x21, 0x64, 0x28, 0x91, 0xc0, 0x03, 0x5f, 0xd6, 0xf4, 0x03, 0x00, 0xaa,
  0xc4, 0xf8, 0xff, 0x17, 0x41, 0x00, 0x00, 0x90, 0x21, 0x0c, 0x1a, 0x91, 0xc0, 0x03, 0x5f, 0xd6,
  0xe3, 0x02, 0x40, 0x79, 0x00, 0x00, 0xb0, 0x52, 0xbb, 0xf8, 0xff, 0x17, 0xf3, 0x03, 0x00, 0xaa,
  0xbc, 0xf8, 0xff, 0x17, 0x22, 0x00, 0x00, 0xd0, 0x42, 0xe0, 0x05, 0x91, 0xc0, 0x03, 0x5f, 0xd6,
  0x22, 0x00, 0x00, 0xd0, 0x42, 0x84, 0x05, 0x91, 0xc0, 0x03, 0x5f, 0xd6, 0x42, 0x00, 0x00, 0x90,
  0x42, 0xa4, 0x14, 0x91, 0xc0, 0x03, 0x5f, 0xd6, 0x54, 0x00, 0x80, 0xd2, 0x14, 0x00, 0xf0, 0xf2,
  0xb0, 0xf8, 0xff, 0x17, 0xe1, 0x03, 0x15, 0xaa, 0x08, 0x4d, 0x40, 0xf9, 0x00, 0x01, 0x1f, 0xd6,
  0x00, 0x08, 0x80, 0x52, 0xe3, 0x03, 0x13, 0x2a, 0xa7, 0xf8, 0xff, 0x17, 0x22, 0x00, 0x00, 0xd0,
  0x42, 0x10, 0x02, 0x91, 0xc0, 0x03, 0x5f, 0xd6, 0xe0, 0x03, 0x13, 0xaa, 0xf4, 0x4f, 0x41, 0xa9,
  0xc0, 0x03, 0x5f, 0xd6, 0x42, 0x00, 0x00, 0x90, 0x42, 0x10, 0x15, 0x91, 0xc0, 0x03, 0x5f, 0xd6,
  0x42, 0x00, 0x00, 0x90, 0x42, 0xc0, 0x1f, 0x91, 0xc0, 0x03, 0x5f, 0xd6, 0xff, 0xc3, 0x01, 0xd1,
  0xfe, 0x5f, 0x04, 0xa9, 0xf6, 0x57, 0x05, 0xa9, 0xf4, 0x4f, 0x06, 0xa9, 0xf5, 0x03, 0x01, 0xaa,
  0x58, 0x02, 0x00, 0x94, 0x1f, 0x1c, 0x00, 0x72, 0x00, 0x01, 0x00, 0x54, 0x3e, 0x02, 0x00, 0x94,
  0x1f, 0x1c, 0x00, 0x72, 0xa0, 0x00, 0x00, 0x54, 0x21, 0x00, 0x00, 0xf0, 0x21, 0x64, 0x28, 0x91,
  0x43, 0x02, 0x00, 0x94, 0x47, 0x02, 0x00, 0x94, 0x55, 0x16, 0x00, 0xb4, 0x56, 0x00, 0x00, 0xb0,
  0x41, 0x00, 0x00, 0xb0, 0x21, 0x80, 0x03, 0x91, 0xe0, 0x03, 0x13, 0xaa, 0x02, 0x9c, 0x80, 0x52,
  0xd6, 0xa2, 0x1b, 0x91, 0xc8, 0x02, 0x40, 0xf9, 0x08, 0xb1, 0x40, 0xf9, 0x00, 0x01, 0x3f, 0xd6,
  0x08, 0x00, 0x88, 0x52, 0x75, 0xb6, 0x01, 0xf9, 0x7f, 0x62, 0x10, 0x39, 0x62, 0x82, 0x10, 0x91,
  0x7f, 0x1e, 0x04, 0xb9, 0xe0, 0x03, 0x15, 0xaa, 0x68, 0x16, 0x02, 0xf9, 0x01, 0x00, 0x88, 0x52,
  0xff, 0x7f, 0x03, 0xa9, 0x77, 0x82, 0x10, 0x91, 0x7f, 0x1e, 0x02, 0xf9, 0x7f, 0x1a, 0x02, 0xf9,
  0x32, 0x02, 0x00, 0x94, 0x24, 0x02, 0x00, 0x94, 0x1f, 0x1c, 0x00, 0x72, 0xf4, 0x14, 0xf8, 0xb7,
  0x00, 0x01, 0x00, 0x54, 0x1c, 0x02, 0x00, 0x94, 0x1f, 0x1c, 0x00, 0x72, 0xa0, 0x00, 0x00, 0x54,
  0xe3, 0x02, 0x40, 0xf9, 0x21, 0x00, 0x00, 0xd0, 0x21, 0xf8, 0x3a, 0x91, 0x0f, 0x02, 0x00, 0x94,
  0x28, 0x20, 0x80, 0x52, 0x29, 0x00, 0xa0, 0x52, 0x7f, 0x6e, 0x04, 0xb9, 0x62, 0xc2, 0x11, 0x91,
  0xe0, 0x03, 0x15, 0xaa, 0x21, 0x00, 0xa0, 0x52, 0x68, 0xd2, 0x08, 0x79, 0x77, 0xc2, 0x11, 0x91,
  0x69, 0x3e, 0x02, 0xf9, 0xff, 0x7f, 0x02, 0xa9, 0x7f, 0x46, 0x02, 0xf9, 0x7f, 0x42, 0x02, 0xf9,
  0x1a, 0x02, 0x00, 0x94, 0x0c, 0x02, 0x00, 0x94, 0x1f, 0x1c, 0x00, 0x72, 0xd4, 0x12, 0xf8, 0xb7,
  0x00, 0x01, 0x00, 0x54, 0x04, 0x02, 0x00, 0x94, 0x1f, 0x1c, 0x00, 0x72, 0xa0, 0x00, 0x00, 0x54,
  0xe3, 0x02, 0x40, 0xf9, 0x21, 0x00, 0x00, 0x90, 0x21, 0x4c, 0x3d, 0x91, 0xf7, 0x01, 0x00, 0x94,
  0x60, 0x02, 0x11, 0x91, 0x61, 0xa2, 0x11, 0x91, 0x02, 0x05, 0x80, 0x52, 0x13, 0x02, 0x00, 0x94,
  0x7f, 0x06, 0x11, 0x39, 0x62, 0x22, 0x11, 0x91, 0xa8, 0x32, 0x40, 0xf9, 0xe0, 0x03, 0x15, 0xaa,
  0x61, 0x2a, 0x42, 0xf9, 0x77, 0x22, 0x11, 0x91, 0x00, 0x01, 0x3f, 0xd6, 0xf6, 0x01, 0x00, 0x94,
  0x1f, 0x1c, 0x00, 0x72, 0xf4, 0x10, 0xf8, 0xb7, 0x00, 0x01, 0x00, 0x54, 0xee, 0x01, 0x00, 0x94,
  0x1f, 0x1c, 0x00, 0x72, 0xa0, 0x00, 0x00, 0x54, 0xe3, 0x02, 0x40, 0xf9, 0x21, 0x00, 0x00, 0xf0,
  0x21, 0xc4, 0x01, 0x91, 0xe1, 0x01, 0x00, 0x94, 0x28, 0x00, 0x00, 0xf0, 0x29, 0x00, 0x80, 0x52,
  0x7f, 0x96, 0x04, 0xb9, 0x62, 0x62, 0x12, 0x91, 0xe0, 0x03, 0x15, 0xaa, 0xe1, 0x03, 0x80, 0x52,
  0x00, 0x79, 0xc2, 0x3d, 0x77, 0x62, 0x12, 0x91, 0x69, 0x22, 0x09, 0x79, 0xe9, 0x03, 0x80, 0x52,
  0xe0, 0x07, 0x80, 0x3d, 0xe8, 0x0f, 0x40, 0xf9, 0x68, 0x56, 0x02, 0xf9, 0xe8, 0x0b, 0x40, 0xf9,
  0x69, 0x5a, 0x02, 0xf9, 0x68, 0x52, 0x02, 0xf9, 0xe8, 0x01, 0x00, 0x94, 0xda, 0x01, 0x00, 0x94,
  0x1f, 0x1c, 0x00, 0x72, 0x54, 0x0e, 0xf8, 0xb7, 0x00, 0x01, 0x00, 0x54, 0xd2, 0x01, 0x00, 0x94,
  0x1f, 0x1c, 0x00, 0x72, 0xa0, 0x00, 0x00, 0x54, 0xe3, 0x02, 0x40, 0xf9, 0x21, 0x00, 0x00, 0xd0,
  0x21, 0xb0, 0x38, 0x91, 0xc5, 0x01, 0x00, 0x94, 0x28, 0x00, 0x00, 0xf0, 0x29, 0x20, 0x80, 0x52,
  0xaa, 0x01, 0x80, 0x52, 0x7f, 0xbe, 0x04, 0xb9, 0x62, 0x02, 0x13, 0x91, 0xe0, 0x03, 0x15, 0xaa,
  0x00, 0x7d, 0xc2, 0x3d, 0xa1, 0x01, 0x80, 0x52, 0x69, 0x72, 0x09, 0x79, 0x77, 0x02, 0x13, 0x91,
  0x6a, 0x66, 0x02, 0xf9, 0xe0, 0x03, 0x80, 0x3d, 0xe8, 0x07, 0x40, 0xf9, 0x68, 0x6e, 0x02, 0xf9,
  0xe8, 0x03, 0x40, 0xf9, 0x68, 0x6a, 0x02, 0xf9, 0xcc, 0x01, 0x00, 0x94, 0xbe, 0x01, 0x00, 0x94,
  0x1f, 0x1c, 0x00, 0x72, 0xb4, 0x0b, 0xf8, 0xb7, 0x00, 0x01, 0x00, 0x54, 0xb6, 0x01, 0x00, 0x94,
  0x1f, 0x1c, 0x00, 0x72, 0xa0, 0x00, 0x00, 0x54, 0xe3, 0x02, 0x40, 0xf9, 0x21, 0x00, 0x00, 0xd0,
  0x21, 0x60, 0x2c, 0x91, 0xa9, 0x01, 0x00, 0x94, 0x68, 0x62, 0x42, 0xf9, 0xa9, 0x6a, 0x8a, 0x52,
  0x49, 0x68, 0xaa, 0x72, 0x60, 0x12, 0x0e, 0x91, 0x01, 0x10, 0x80, 0x52, 0xe2, 0x03, 0x1f, 0x2a,
  0x77, 0x22, 0x10, 0x91, 0x1f, 0x09, 0x00, 0xb9, 0x68, 0x62, 0x42, 0xf9, 0x1f, 0x31, 0x00, 0x39,
  0x68, 0x62, 0x42, 0xf9, 0x09, 0x01, 0x00, 0xb9, 0x08, 0x10, 0x80, 0x52, 0xc9, 0x02, 0x40, 0xf9,
  0x75, 0xb6, 0x41, 0xf9, 0x68, 0x06, 0x02, 0xf9, 0x28, 0xb5, 0x40, 0xf9, 0x00, 0x01, 0x3f, 0xd6,
  0xa8, 0x12, 0x40, 0xf9, 0x62, 0x22, 0x10, 0x91, 0x63, 0x12, 0x0e, 0x91, 0xe0, 0x03, 0x15, 0xaa,
  0x21, 0x00, 0x80, 0x52, 0x00, 0x01, 0x3f, 0xd6, 0xf5, 0x03, 0x00, 0xaa, 0xed, 0xf7, 0xff, 0x97,
  0x1f, 0x1c, 0x00, 0x72, 0xb5, 0x0a, 0xf8, 0xb7, 0x20, 0x0d, 0x00, 0x54, 0x00, 0x08, 0x80, 0x52,
  0xe9, 0xf7, 0xff, 0x97, 0x1f, 0x1c, 0x00, 0x72, 0xa0, 0x0c, 0x00, 0x54, 0xe4, 0x02, 0x40, 0xf9,
  0x21, 0x00, 0x00, 0xf0, 0x21, 0x18, 0x1c, 0x91, 0x22, 0x00, 0x00, 0xd0, 0x42, 0x34, 0x20, 0x91,
  0x63, 0x12, 0x0e, 0x91, 0x00, 0x08, 0x80, 0x52, 0xdb, 0xf7, 0xff, 0x97, 0x5c, 0x00, 0x00, 0x14,
  0x54, 0x00, 0x80, 0xd2, 0x14, 0x00, 0xf0, 0xf2, 0xda, 0xf7, 0xff, 0x97, 0x1f, 0x1c, 0x00, 0x72,
  0x00, 0x06, 0x00, 0x54, 0x82, 0x01, 0x00, 0x94, 0x1f, 0x1c, 0x00, 0x72, 0xa0, 0x05, 0x00, 0x54,
  0x21, 0x00, 0x00, 0xf0, 0x21, 0x0c, 0x1a, 0x91, 0x85, 0x01, 0x00, 0x94, 0x00, 0x00, 0xb0, 0x52,
  0xcd, 0xf7, 0xff, 0x97, 0x27, 0x00, 0x00, 0x14, 0xc0, 0x04, 0x00, 0x54, 0x78, 0x01, 0x00, 0x94,
  0x1f, 0x1c, 0x00, 0x72, 0x60, 0x04, 0x00, 0x54, 0x21, 0x00, 0x00, 0xf0, 0x21, 0xf4, 0x00, 0x91,
  0x1c, 0x00, 0x00, 0x14, 0xe0, 0x03, 0x00, 0x54, 0x71, 0x01, 0x00, 0x94, 0x1f, 0x1c, 0x00, 0x72,
  0x80, 0x03, 0x00, 0x54, 0x21, 0x00, 0x00, 0xd0, 0x21, 0x80, 0x3b, 0x91, 0x15, 0x00, 0x00, 0x14,
  0x00, 0x03, 0x00, 0x54, 0x6a, 0x01, 0x00, 0x94, 0x1f, 0x1c, 0x00, 0x72, 0xa0, 0x02, 0x00, 0x54,
  0x21, 0x00, 0x00, 0xd0, 0x21, 0x00, 0x03, 0x91, 0x0e, 0x00, 0x00, 0x14, 0x20, 0x02, 0x00, 0x54,
  0x63, 0x01, 0x00, 0x94, 0x1f, 0x1c, 0x00, 0x72, 0xc0, 0x01, 0x00, 0x54, 0x21, 0x00, 0x00, 0xb0,
  0x21, 0x60, 0x06, 0x91, 0x07, 0x00, 0x00, 0x14, 0x40, 0x01, 0x00, 0x54, 0x5c, 0x01, 0x00, 0x94,
  0x1f, 0x1c, 0x00, 0x72, 0xe0, 0x00, 0x00, 0x54, 0x21, 0x00, 0x00, 0xf0, 0x21, 0x70, 0x0a, 0x91,
  0x5f, 0x01, 0x00, 0x94, 0x00, 0x00, 0xb0, 0x52, 0xe3, 0x03, 0x14, 0xaa, 0xa6, 0xf7, 0xff, 0x97,
  0xe0, 0x03, 0x13, 0xaa, 0x2e, 0x00, 0x00, 0x94, 0xa6, 0xf7, 0xff, 0x97, 0x1f, 0x1c, 0x00, 0x72,
  0x00, 0x01, 0x00, 0x54, 0x4c, 0x01, 0x00, 0x94, 0x1f, 0x1c, 0x00, 0x72, 0xa0, 0x00, 0x00, 0x54,
  0x21, 0x00, 0x00, 0xb0, 0x21, 0x2c, 0x19, 0x91, 0x51, 0x01, 0x00, 0x94, 0x55, 0x01, 0x00, 0x94,
  0xe0, 0x03, 0x14, 0xaa, 0xf4, 0x4f, 0x46, 0xa9, 0xf6, 0x57, 0x45, 0xa9, 0xfe, 0x5f, 0x44, 0xa9,
  0xff, 0xc3, 0x01, 0x91, 0xc0, 0x03, 0x5f, 0xd6, 0x60, 0x01, 0x00, 0x54, 0x40, 0x01, 0x00, 0x94,
  0x1f, 0x1c, 0x00, 0x72, 0x00, 0x01, 0x00, 0x54, 0x21, 0x00, 0x00, 0xb0, 0x21, 0xf0, 0x03, 0x91,
  0x22, 0x00, 0x00, 0xd0, 0x42, 0x34, 0x20, 0x91, 0x00, 0x00, 0xb0, 0x52, 0xe3, 0x03, 0x15, 0xaa,
  0x89, 0xf7, 0xff, 0x97, 0xc8, 0x02, 0x40, 0xf9, 0x29, 0x00, 0x00, 0xf0, 0x60, 0x12, 0x0e, 0x91,
  0x02, 0x05, 0x80, 0x52, 0x15, 0x05, 0x80, 0x52, 0x08, 0xb1, 0x40, 0xf9, 0x29, 0xb1, 0x2f, 0x91,
  0x21, 0x09, 0x00, 0x91, 0x00, 0x01, 0x3f, 0xd6, 0xf5, 0x02, 0x00, 0xf9, 0x00, 0xe4, 0x00, 0x6f,
  0x68, 0x0a, 0x40, 0xf9, 0x60, 0xb2, 0x01, 0xfd, 0x08, 0xfb, 0xff, 0xb4, 0xe0, 0x03, 0x13, 0xaa,
  0x41, 0x01, 0x80, 0x52, 0x00, 0x01, 0x3f, 0xd6, 0xd4, 0xff, 0xff, 0x17, 0xfe, 0x0f, 0x1e, 0xf8,
  0xf4, 0x4f, 0x01, 0xa9, 0x37, 0x01, 0x00, 0x94, 0x1f, 0x1c, 0x00, 0x72, 0x20, 0x01, 0x00, 0x54,
  0x1d, 0x01, 0x00, 0x94, 0x1f, 0x1c, 0x00, 0x72, 0xc0, 0x00, 0x00, 0x54, 0x21, 0x00, 0x00, 0xd0,
  0x21, 0x64, 0x28, 0x91, 0x22, 0x00, 0x00, 0xd0, 0x42, 0x44, 0x29, 0x91, 0x25, 0x01, 0x00, 0x94,
  0x61, 0x12, 0x42, 0xf9, 0x81, 0x00, 0x00, 0xb4, 0x10, 0x01, 0x00, 0x94, 0xe0, 0x04, 0xf8, 0xb7,
  0x7f, 0x12, 0x02, 0xf9, 0x61, 0x26, 0x42, 0xf9, 0x81, 0x00, 0x00, 0xb4, 0x0b, 0x01, 0x00, 0x94,
  0x80, 0x05, 0xf8, 0xb7, 0x7f, 0x26, 0x02, 0xf9, 0x61, 0x3a, 0x42, 0xf9, 0x81, 0x00, 0x00, 0xb4,
  0x06, 0x01, 0x00, 0x94, 0x20, 0x06, 0xf8, 0xb7, 0x7f, 0x3a, 0x02, 0xf9, 0x61, 0x4e, 0x42, 0xf9,
  0x81, 0x00, 0x00, 0xb4, 0x01, 0x01, 0x00, 0x94, 0xc0, 0x06, 0xf8, 0xb7, 0x7f, 0x4e, 0x02, 0xf9,
  0x61, 0x62, 0x42, 0xf9, 0x81, 0x00, 0x00, 0xb4, 0xfc, 0x00, 0x00, 0x94, 0x60, 0x07, 0xf8, 0xb7,
  0x7f, 0x62, 0x02, 0xf9, 0x53, 0xf7, 0xff, 0x97, 0x1f, 0x1c, 0x00, 0x72, 0x80, 0x01, 0x00, 0x54,
  0xf9, 0x00, 0x00, 0x94, 0x1f, 0x1c, 0x00, 0x72, 0x20, 0x01, 0x00, 0x54, 0xf4, 0x4f, 0x41, 0xa9,
  0x21, 0x00, 0x00, 0xb0, 0x21, 0x2c, 0x19, 0x91, 0x22, 0x00, 0x00, 0xd0, 0x42, 0x44, 0x29, 0x91,
  0x00, 0x08, 0xa0, 0x52, 0xfe, 0x07, 0x42, 0xf8, 0x43, 0xf7, 0xff, 0x17, 0xf4, 0x4f, 0x41, 0xa9,
  0xfe, 0x07, 0x42, 0xf8, 0xc0, 0x03, 0x5f, 0xd6, 0xef, 0x00, 0x00, 0x94, 0x1f, 0x1c, 0x00, 0x72,
  0x00, 0xfb, 0xff, 0x54, 0xf5, 0x00, 0x00, 0x94, 0x1f, 0x1c, 0x00, 0x72, 0xa0, 0xfa, 0xff, 0x54,
  0x21, 0x00, 0x00, 0xb0, 0x21, 0x10, 0x1a, 0x91, 0xd7, 0x00, 0x00, 0x94, 0xd1, 0xff, 0xff, 0x17,
  0xe5, 0x00, 0x00, 0x94, 0x1f, 0x1c, 0x00, 0x72, 0x60, 0xfa, 0xff, 0x54, 0xeb, 0x00, 0x00, 0x94,
  0x1f, 0x1c, 0x00, 0x72, 0x00, 0xfa, 0xff, 0x54, 0x21, 0x00, 0x00, 0xb0, 0x21, 0x58, 0x02, 0x91,
  0xcd, 0x00, 0x00, 0x94, 0xcc, 0xff, 0xff, 0x17, 0xdb, 0x00, 0x00, 0x94, 0x1f, 0x1c, 0x00, 0x72,
  0xc0, 0xf9, 0xff, 0x54, 0xe1, 0x00, 0x00, 0x94, 0x1f, 0x1c, 0x00, 0x72, 0x60, 0xf9, 0xff, 0x54,
  0x21, 0x00, 0x00, 0xb0, 0x21, 0x24, 0x03, 0x91, 0xc3, 0x00, 0x00, 0x94, 0xc7, 0xff, 0xff, 0x17,
  0xd1, 0x00, 0x00, 0x94, 0x1f, 0x1c, 0x00, 0x72, 0x20, 0xf9, 0xff, 0x54, 0xd7, 0x00, 0x00, 0x94,
  0x1f, 0x1c, 0x00, 0x72, 0xc0, 0xf8, 0xff, 0x54, 0x21, 0x00, 0x00, 0xb0, 0x21, 0x4c, 0x3f, 0x91,
  0xb9, 0x00, 0x00, 0x94, 0xc2, 0xff, 0xff, 0x17, 0xc7, 0x00, 0x00, 0x94, 0x1f, 0x1c, 0x00, 0x72,
  0x80, 0xf8, 0xff, 0x54, 0xcd, 0x00, 0x00, 0x94, 0x1f, 0x1c, 0x00, 0x72, 0x20, 0xf8, 0xff, 0x54,
  0x21, 0x00, 0x00, 0xb0, 0x21, 0x4c, 0x3f, 0x91, 0xaf, 0x00, 0x00, 0x94, 0xbd, 0xff, 0xff, 0x17,
  0xfe, 0x67, 0xbc, 0xa9, 0xf8, 0x5f, 0x01, 0xa9, 0xf6, 0x57, 0x02, 0xa9, 0xf4, 0x4f, 0x03, 0xa9,
  0xf4, 0x03, 0x03, 0xaa, 0xf5, 0x03, 0x02, 0xaa, 0xf6, 0x03, 0x01, 0x2a, 0xc9, 0x00, 0x00, 0x94,
  0x1f, 0x1c, 0x00, 0x72, 0x00, 0x01, 0x00, 0x54, 0xaf, 0x00, 0x00, 0x94, 0x1f, 0x1c, 0x00, 0x72,
  0xa0, 0x00, 0x00, 0x54, 0x21, 0x00, 0x00, 0xd0, 0x21, 0x64, 0x28, 0x91, 0xb0, 0x00, 0x00, 0x94,
  0xfd, 0xf6, 0xff, 0x97, 0x56, 0x02, 0x00, 0x34, 0x34, 0x02, 0x00, 0xb4, 0xd8, 0x06, 0x00, 0x51,
  0xfc, 0xf6, 0xff, 0x97, 0x1f, 0x27, 0x00, 0x71, 0x23, 0x03, 0x00, 0x54, 0x1f, 0x1c, 0x00, 0x72,
  0x00, 0x0e, 0x00, 0x54, 0xa2, 0x00, 0x00, 0x94, 0x1f, 0x1c, 0x00, 0x72, 0xa0, 0x0d, 0x00, 0x54,
  0x21, 0x00, 0x00, 0xb0, 0x21, 0x20, 0x07, 0x91, 0x22, 0x00, 0x00, 0xb0, 0x42, 0xb4, 0x0e, 0x91,
  0x00, 0x00, 0xb0, 0x52, 0xec, 0xf6, 0xff, 0x97, 0x66, 0x00, 0x00, 0x14, 0x53, 0x00, 0x80, 0xd2,
  0x13, 0x00, 0xf0, 0xf2, 0xeb, 0xf6, 0xff, 0x97, 0x1f, 0x1c, 0x00, 0x72, 0x40, 0x0c, 0x00, 0x54,
  0x93, 0x00, 0x00, 0x94, 0x1f, 0x1c, 0x00, 0x72, 0xe0, 0x0b, 0x00, 0x54, 0x21, 0x00, 0x00, 0xf0,
  0x21, 0x0c, 0x1a, 0x91, 0x9f, 0x00, 0x00, 0x94, 0x5b, 0x00, 0x00, 0x14, 0x1f, 0x1c, 0x00, 0x72,
  0x60, 0x02, 0x00, 0x54, 0x88, 0x00, 0x00, 0x94, 0x1f, 0x1c, 0x00, 0x72, 0x00, 0x02, 0x00, 0x54,
  0xe0, 0x03, 0x16, 0x2a, 0x64, 0x00, 0x00, 0x94, 0x68, 0x62, 0x43, 0xb9, 0xe3, 0x03, 0x00, 0xaa,
  0x1f, 0x21, 0x00, 0x71, 0x69, 0x00, 0x00, 0x54, 0xe4, 0x03, 0x1f, 0xaa, 0x04, 0x00, 0x00, 0x14,
  0x09, 0x0c, 0x80, 0x52, 0x08, 0x7d, 0xa9, 0x9b, 0x64, 0x6a, 0x68, 0xf8, 0x21, 0x00, 0x00, 0xf0,
  0x21, 0x04, 0x1b, 0x91, 0x7e, 0x00, 0x00, 0x94, 0xcb, 0xf6, 0xff, 0x97, 0x77, 0x62, 0x43, 0xb9,
  0xff, 0x26, 0x00, 0x71, 0x77, 0x66, 0x03, 0xb9, 0x83, 0x01, 0x00, 0x54, 0xc9, 0xf6, 0xff, 0x97,
  0x1f, 0x1c, 0x00, 0x72, 0xe0, 0x00, 0x00, 0x54, 0x71, 0x00, 0x00, 0x94, 0x1f, 0x1c, 0x00, 0x72,
  0x80, 0x00, 0x00, 0x54, 0x21, 0x00, 0x00, 0xd0, 0x21, 0xc4, 0x1f, 0x91, 0x7d, 0x00, 0x00, 0x94,
  0xf3, 0x0f, 0x41, 0xb2, 0x38, 0x00, 0x00, 0x14, 0x08, 0x0c, 0x80, 0x52, 0xf9, 0x4e, 0xa8, 0x9b,
  0x28, 0x4f, 0x38, 0x8b, 0x08, 0x0d, 0x40, 0xf9, 0x48, 0x06, 0x00, 0xb4, 0xe0, 0x03, 0x13, 0xaa,
  0xe1, 0x03, 0x16, 0x2a, 0xe2, 0x03, 0x15, 0xaa, 0xe3, 0x03, 0x14, 0xaa, 0x00, 0x01, 0x3f, 0xd6,
  0x1f, 0x00, 0x17, 0x6b, 0x04, 0x18, 0x4b, 0x7a, 0x61, 0x01, 0x00, 0x54, 0xb1, 0xf6, 0xff, 0x97,
  0x1f, 0x1c, 0x00, 0x72, 0xe0, 0x04, 0x00, 0x54, 0x57, 0x00, 0x00, 0x94, 0x1f, 0x1c, 0x00, 0x72,
  0x80, 0x04, 0x00, 0x54, 0x21, 0x00, 0x00, 0xb0, 0x21, 0xfc, 0x0e, 0x91, 0x58, 0x00, 0x00, 0x94,
  0xb9, 0xff, 0xff, 0x17, 0x1f, 0x24, 0x00, 0x71, 0x43, 0x01, 0x00, 0x54, 0xa5, 0xf6, 0xff, 0x97,
  0x1f, 0x1c, 0x00, 0x72, 0x60, 0xfc, 0xff, 0x54, 0x4d, 0x00, 0x00, 0x94, 0x1f, 0x1c, 0x00, 0x72,
  0x00, 0xfc, 0xff, 0x54, 0x21, 0x00, 0x00, 0xf0, 0x21, 0x64, 0x15, 0x91, 0xdc, 0xff, 0xff, 0x17,
  0x08, 0x0c, 0x80, 0x52, 0x60, 0x62, 0x03, 0xb9, 0x14, 0x4c, 0xa8, 0x9b, 0x88, 0x0a, 0x40, 0xf9,
  0x88, 0x00, 0x00, 0xb4, 0xe0, 0x03, 0x13, 0xaa, 0xe1, 0x03, 0x17, 0x2a, 0x00, 0x01, 0x3f, 0xd6,
  0x94, 0xf6, 0xff, 0x97, 0x1f, 0x1c, 0x00, 0x72, 0x40, 0x01, 0x00, 0x54, 0x3a, 0x00, 0x00, 0x94,
  0x1f, 0x1c, 0x00, 0x72, 0xe0, 0x00, 0x00, 0x54, 0x23, 0x03, 0x40, 0xf9, 0x21, 0x00, 0x00, 0xf0,
  0x21, 0x98, 0x1b, 0x91, 0x84, 0x02, 0x40, 0xf9, 0x39, 0x00, 0x00, 0x94, 0x86, 0xf6, 0xff, 0x97,
  0xf3, 0x03, 0x1f, 0xaa, 0x87, 0xf6, 0xff, 0x97, 0x1f, 0x1c, 0x00, 0x72, 0x00, 0x01, 0x00, 0x54,
  0x2d, 0x00, 0x00, 0x94, 0x1f, 0x1c, 0x00, 0x72, 0xa0, 0x00, 0x00, 0x54, 0x21, 0x00, 0x00, 0xb0,
  0x21, 0x2c, 0x19, 0x91, 0x2e, 0x00, 0x00, 0x94, 0x7b, 0xf6, 0xff, 0x97, 0xe0, 0x03, 0x13, 0xaa,
  0xf4, 0x4f, 0x43, 0xa9, 0xf6, 0x57, 0x42, 0xa9, 0xf8, 0x5f, 0x41, 0xa9, 0xfe, 0x67, 0xc4, 0xa8,
  0xc0, 0x03, 0x5f, 0xd6, 0x1f, 0x24, 0x00, 0x71, 0xc8, 0x00, 0x00, 0x54, 0x28, 0x00, 0x00, 0xf0,
  0x08, 0xd1, 0x2c, 0x91, 0x09, 0x59, 0xa0, 0xb8, 0x00, 0x01, 0x09, 0x8b, 0xc0, 0x03, 0x5f, 0xd6,
  0x20, 0x00, 0x00, 0xb0, 0x00, 0x94, 0x07, 0x91, 0xc0, 0x03, 0x5f, 0xd6, 0x3f, 0x20, 0x00, 0x71,
  0x69, 0x00, 0x00, 0x54, 0xe0, 0x03, 0x1f, 0xaa, 0xc0, 0x03, 0x5f, 0xd6, 0x08, 0x0c, 0x80, 0x52,
  0x28, 0x7c, 0xa8, 0x9b, 0x00, 0x68, 0x68, 0xf8, 0xc0, 0x03, 0x5f, 0xd6, 0x00, 0x60, 0x43, 0xb9,
  0xc0, 0x03, 0x5f, 0xd6, 0x22, 0x00, 0x00, 0xd0, 0x42, 0x44, 0x29, 0x91, 0x40, 0x00, 0x80, 0x52,
  0xe3, 0x03, 0x14, 0xaa, 0x5c, 0xf6, 0xff, 0x17, 0x22, 0x00, 0x00, 0xd0, 0x42, 0x70, 0x38, 0x91,
  0x00, 0x08, 0xa0, 0x52, 0x58, 0xf6, 0xff, 0x17, 0x60, 0xb6, 0x41, 0xf9, 0x08, 0x34, 0x40, 0xf9,
  0x00, 0x01, 0x1f, 0xd6, 0x00, 0x08, 0xa0, 0x52, 0x57, 0xf6, 0xff, 0x17, 0x00, 0x00, 0xb0, 0x52,
  0x55, 0xf6, 0xff, 0x17, 0xf4, 0x03, 0x00, 0xaa, 0x52, 0xf6, 0xff, 0x17, 0x22, 0x00, 0x00, 0xb0,
  0x42, 0xb4, 0x0e, 0x91, 0x00, 0x08, 0xa0, 0x52, 0xc0, 0x03, 0x5f, 0xd6, 0x22, 0x00, 0x00, 0xd0,
  0x42, 0x70, 0x38, 0x91, 0xc0, 0x03, 0x5f, 0xd6, 0x40, 0x00, 0x80, 0x52, 0x4a, 0xf6, 0xff, 0x17,
  0x00, 0x08, 0xa0, 0x52, 0x44, 0xf6, 0xff, 0x17, 0xa8, 0x32, 0x40, 0xf9, 0x00, 0x01, 0x1f, 0xd6,
  0x22, 0x00, 0x00, 0xb0, 0x42, 0xb4, 0x0e, 0x91, 0x00, 0x00, 0xb0, 0x52, 0x3e, 0xf6, 0xff, 0x17,
  0xf3, 0x03, 0x00, 0xaa, 0x3f, 0xf6, 0xff, 0x17, 0xe8, 0x03, 0x1f, 0xaa, 0x5f, 0x00, 0x08, 0xeb,
  0xa0, 0x00, 0x00, 0x54, 0x29, 0x68, 0x68, 0x38, 0x09, 0x68, 0x28, 0x38, 0x08, 0x05, 0x00, 0x91,
  0xfb, 0xff, 0xff, 0x17, 0xc0, 0x03, 0x5f, 0xd6, 0xfe, 0x0f, 0x1e, 0xf8, 0xf4, 0x4f, 0x01, 0xa9,
  0xf4, 0x03, 0x01, 0x2a, 0x3d, 0x09, 0x00, 0x94, 0x1f, 0x1c, 0x00, 0x72, 0x20, 0x02, 0x00, 0x54,
  0x28, 0x09, 0x00, 0x94, 0x1f, 0x1c, 0x00, 0x72, 0xc0, 0x01, 0x00, 0x54, 0xe0, 0x03, 0x14, 0x2a,
  0xb5, 0xff, 0xff, 0x97, 0xf4, 0x03, 0x00, 0xaa, 0xc0, 0x09, 0x00, 0x94, 0xbc, 0x09, 0x00, 0x94,
  0xe4, 0x03, 0x00, 0xaa, 0x21, 0x00, 0x00, 0xf0, 0x21, 0x3c, 0x16, 0x91, 0x22, 0x00, 0x00, 0xf0,
  0x42, 0x30, 0x0b, 0x91, 0x00, 0x00, 0xb0, 0x52, 0xe3, 0x03, 0x14, 0xaa, 0x1e, 0xf6, 0xff, 0x97,
  0xf4, 0x4f, 0x41, 0xa9, 0x60, 0x01, 0x80, 0x52, 0xfe, 0x07, 0x42, 0xf8, 0xc0, 0x03, 0x5f, 0xd6,
  0xfe, 0x4f, 0xbf, 0xa9, 0x25, 0x09, 0x00, 0x94, 0x1f, 0x1c, 0x00, 0x72, 0x00, 0x01, 0x00, 0x54,
  0x0e, 0x09, 0x00, 0x94, 0x1f, 0x1c, 0x00, 0x72, 0xa0, 0x00, 0x00, 0x54, 0x2e, 0x09, 0x00, 0x94,
  0x22, 0x00, 0x00, 0xb0, 0x42, 0x8c, 0x04, 0x91, 0x0c, 0x09, 0x00, 0x94, 0x11, 0xf6, 0xff, 0x97,
  0x1f, 0x1c, 0x00, 0x72, 0x20, 0x01, 0x00, 0x54, 0x0d, 0x09, 0x00, 0x94, 0x1f, 0x1c, 0x00, 0x72,
  0xc0, 0x00, 0x00, 0x54, 0x21, 0x00, 0x00, 0xf0, 0x21, 0xf8, 0x0e, 0x91, 0x22, 0x00, 0x00, 0xb0,
  0x42, 0x8c, 0x04, 0x91, 0x18, 0x09, 0x00, 0x94, 0x60, 0xb6, 0x41, 0xf9, 0x61, 0x62, 0x10, 0x91,
  0x28, 0x0a, 0x00, 0x94, 0x7f, 0xf2, 0x0d, 0x39, 0x7f, 0x7a, 0x03, 0xb9, 0x01, 0xf6, 0xff, 0x97,
  0x1f, 0x1c, 0x00, 0x72, 0x00, 0x01, 0x00, 0x54, 0xf4, 0x08, 0x00, 0x94, 0x1f, 0x1c, 0x00, 0x72,
  0xa0, 0x00, 0x00, 0x54, 0x11, 0x09, 0x00, 0x94, 0x22, 0x00, 0x00, 0xb0, 0x42, 0x8c, 0x04, 0x91,
  0xf2, 0x08, 0x00, 0x94, 0x40, 0x00, 0x80, 0x52, 0xfe, 0x4f, 0xc1, 0xa8, 0xc0, 0x03, 0x5f, 0xd6,
  0x80, 0x00, 0x80, 0x52, 0xc0, 0x03, 0x5f, 0xd6, 0xfe, 0x0f, 0x1f, 0xf8, 0xf1, 0xf5, 0xff, 0x97,
  0x1f, 0x1c, 0x00, 0x72, 0x20, 0x01, 0x00, 0x54, 0xed, 0x08, 0x00, 0x94, 0x1f, 0x1c, 0x00, 0x72,
  0xc0, 0x00, 0x00, 0x54, 0x21, 0x00, 0x00, 0xb0, 0x21, 0xb8, 0x36, 0x91, 0x22, 0x00, 0x00, 0xd0,
  0x42, 0xd8, 0x2c, 0x91, 0xf8, 0x08, 0x00, 0x94, 0xe0, 0x03, 0x1f, 0x2a, 0xfe, 0x07, 0x41, 0xf8,
  0xc0, 0x03, 0x5f, 0xd6, 0xff, 0xc3, 0x00, 0xd1, 0xfe, 0x57, 0x01, 0xa9, 0xf4, 0x4f, 0x02, 0xa9,
  0xf3, 0x03, 0x03, 0xaa, 0x0e, 0x09, 0x00, 0x94, 0x1f, 0x1c, 0x00, 0x72, 0xe0, 0x00, 0x00, 0x54,
  0xd2, 0x08, 0x00, 0x94, 0x1f, 0x1c, 0x00, 0x72, 0x80, 0x00, 0x00, 0x54, 0xf2, 0x08, 0x00, 0x94,
  0x87, 0x09, 0x00, 0x94, 0xd1, 0x08, 0x00, 0x94, 0xe2, 0x33, 0x00, 0x91, 0x70, 0x09, 0x00, 0x94,
  0xa0, 0x01, 0xf8, 0xb6, 0x3b, 0x09, 0x00, 0x94, 0x1f, 0x1c, 0x00, 0x72, 0x00, 0x01, 0x00, 0x54,
  0xc8, 0x08, 0x00, 0x94, 0x1f, 0x1c, 0x00, 0x72, 0xa0, 0x00, 0x00, 0x54, 0x21, 0x00, 0x00, 0xd0,
  0x21, 0x14, 0x1b, 0x91, 0x7a, 0x09, 0x00, 0x94, 0xdd, 0x08, 0x00, 0x94, 0x06, 0x09, 0x00, 0x94,
  0xa0, 0x01, 0xf8, 0xb7, 0xc7, 0xf5, 0xff, 0x97, 0x1f, 0x1c, 0x00, 0x72, 0xe0, 0x00, 0x00, 0x54,
  0xba, 0x08, 0x00, 0x94, 0x1f, 0x1c, 0x00, 0x72, 0x80, 0x00, 0x00, 0x54, 0xd7, 0x08, 0x00, 0x94,
  0x6f, 0x09, 0x00, 0x94, 0xb9, 0x08, 0x00, 0x94, 0x62, 0x09, 0x00, 0x94, 0xfe, 0x57, 0x41, 0xa9,
  0xf3, 0x08, 0x00, 0x14, 0xc5, 0x08, 0x00, 0x94, 0x1f, 0x1c, 0x00, 0x72, 0x40, 0xfe, 0xff, 0x54,
  0xb0, 0x08, 0x00, 0x94, 0x1f, 0x1c, 0x00, 0x72, 0xe0, 0xfd, 0xff, 0x54, 0xf9, 0x08, 0x00, 0x94,
  0x63, 0x09, 0x00, 0x94, 0x8a, 0x08, 0x00, 0x94, 0xeb, 0xff, 0xff, 0x17, 0xff, 0x83, 0x01, 0xd1,
  0xfe, 0x0b, 0x00, 0xf9, 0xfa, 0x67, 0x02, 0xa9, 0xf8, 0x5f, 0x03, 0xa9, 0xf6, 0x57, 0x04, 0xa9,
  0xf4, 0x4f, 0x05, 0xa9, 0xf5, 0x03, 0x02, 0xaa, 0xf4, 0x03, 0x01, 0xaa, 0xf3, 0x03, 0x00, 0xaa,
  0xff, 0x73, 0x00, 0x39, 0xa7, 0xf5, 0xff, 0x97, 0x1f, 0x1c, 0x00, 0x72, 0xe0, 0x00, 0x00, 0x54,
  0x9a, 0x08, 0x00, 0x94, 0x1f, 0x1c, 0x00, 0x72, 0x80, 0x00, 0x00, 0x54, 0xba, 0x08, 0x00, 0x94,
  0x7d, 0x08, 0x00, 0x94, 0x9c, 0xf5, 0xff, 0x97, 0x68, 0x01, 0x80, 0x52, 0xa8, 0x02, 0x00, 0xb9,
  0x88, 0x06, 0x40, 0x39, 0x1f, 0x25, 0x00, 0x71, 0x08, 0x06, 0x00, 0x54, 0x58, 0x00, 0x00, 0x90,
  0x29, 0x00, 0x00, 0xf0, 0x29, 0x59, 0x30, 0x91, 0x18, 0xa3, 0x1b, 0x91, 0x8a, 0x00, 0x00, 0x10,
  0x2b, 0x69, 0x68, 0x38, 0x4a, 0x09, 0x0b, 0x8b, 0x40, 0x01, 0x1f, 0xd6, 0x89, 0x0e, 0x40, 0x39,
  0x8a, 0x0a, 0x40, 0x39, 0x49, 0x21, 0x09, 0x2a, 0xc9, 0x0e, 0x00, 0x35, 0x60, 0xb6, 0x41, 0xf9,
  0x1f, 0x0d, 0x00, 0x71, 0x89, 0x12, 0x40, 0x39, 0xe3, 0x17, 0x9f, 0x1a, 0x0a, 0x20, 0x40, 0xf9,
  0x21, 0x0d, 0x00, 0x12, 0x22, 0x7d, 0x07, 0x53, 0x40, 0x01, 0x3f, 0xd6, 0xf6, 0x03, 0x00, 0xaa,
  0x84, 0xf5, 0xff, 0x97, 0x1f, 0x1c, 0x00, 0x72, 0x76, 0x1e, 0xf8, 0xb7, 0x60, 0x02, 0x00, 0x54,
  0x76, 0x08, 0x00, 0x94, 0x1f, 0x1c, 0x00, 0x72, 0x00, 0x02, 0x00, 0x54, 0x88, 0x06, 0x40, 0x39,
  0x2b, 0x00, 0x00, 0xf0, 0x6b, 0x25, 0x05, 0x91, 0x89, 0x16, 0x40, 0x39, 0x8a, 0x12, 0x40, 0x39,
  0x2c, 0x00, 0x00, 0xf0, 0x8c, 0x31, 0x22, 0x91, 0x21, 0x00, 0x00, 0xb0, 0x21, 0x28, 0x1b, 0x91,
  0x1f, 0x0d, 0x00, 0x71, 0x83, 0x01, 0x8b, 0x9a, 0x92, 0x08, 0x00, 0x94, 0x44, 0x21, 0x09, 0x2a,
  0x00, 0x08, 0xa0, 0x52, 0x6c, 0xf5, 0xff, 0x97, 0xf7, 0x03, 0x1f, 0xaa, 0xf9, 0x03, 0x1f, 0xaa,
  0xf5, 0x03, 0x1f, 0xaa, 0x57, 0x00, 0x00, 0x14, 0x6a, 0xf5, 0xff, 0x97, 0x1f, 0x1c, 0x00, 0x72,
  0x00, 0x01, 0x00, 0x54, 0x5d, 0x08, 0x00, 0x94, 0x1f, 0x1c, 0x00, 0x72, 0xa0, 0x00, 0x00, 0x54,
  0x21, 0x00, 0x00, 0xd0, 0x21, 0xd4, 0x1b, 0x91, 0x3f, 0x08, 0x00, 0x94, 0x5e, 0xf5, 0xff, 0x97,
  0xf6, 0x0b, 0x41, 0xb2, 0xbf, 0x00, 0x00, 0x14, 0xf4, 0x08, 0x00, 0x94, 0x1f, 0x0c, 0x00, 0x71,
  0xf5, 0x03, 0x00, 0x2a, 0xe8, 0x17, 0x9f, 0x1a, 0xe8, 0x73, 0x00, 0x39, 0x59, 0xf5, 0xff, 0x97,
  0x1f, 0x1c, 0x00, 0x72, 0x40, 0x01, 0x00, 0x54, 0x4c, 0x08, 0x00, 0x94, 0x1f, 0x1c, 0x00, 0x72,
  0xe0, 0x00, 0x00, 0x54, 0xbf, 0x0e, 0x00, 0x71, 0x21, 0x00, 0x00, 0xd0, 0x21, 0xe4, 0x20, 0x91,
  0xe3, 0x17, 0x9f, 0x1a, 0x2c, 0x08, 0x00, 0x94, 0x4b, 0xf5, 0xff, 0x97, 0xf5, 0x03, 0x1f, 0xaa,
  0xf6, 0x0b, 0x41, 0xb2, 0xf7, 0x73, 0x00, 0x91, 0x39, 0x00, 0x80, 0x52, 0x35, 0x00, 0x00, 0x14,
  0x88, 0x0a, 0x40, 0x39, 0x1f, 0x05, 0x00, 0x71, 0x48, 0x00, 0x80, 0x52, 0x08, 0x15, 0x88, 0x1a,
  0xa8, 0x02, 0x00, 0xb9, 0x43, 0xf5, 0xff, 0x97, 0x1f, 0x1c, 0x00, 0x72, 0x20, 0x05, 0x00, 0x54,
  0x36, 0x08, 0x00, 0x94, 0x1f, 0x1c, 0x00, 0x72, 0xc0, 0x04, 0x00, 0x54, 0x88, 0x0e, 0x40, 0x39,
  0x21, 0x00, 0x00, 0xb0, 0x21, 0xe8, 0x1b, 0x91, 0x89, 0x0a, 0x40, 0x39, 0x23, 0x21, 0x08, 0x2a,
  0x1e, 0x00, 0x00, 0x14, 0x77, 0xc2, 0x0d, 0x91, 0x36, 0xf5, 0xff, 0x97, 0x1f, 0x1c, 0x00, 0x72,
  0x20, 0x01, 0x00, 0x54, 0x29, 0x08, 0x00, 0x94, 0x1f, 0x1c, 0x00, 0x72, 0xc0, 0x00, 0x00, 0x54,
  0xe3, 0x02, 0x40, 0x79, 0x21, 0x00, 0x00, 0xb0, 0x21, 0xa8, 0x2a, 0x91, 0x0a, 0x08, 0x00, 0x94,
  0x29, 0xf5, 0xff, 0x97, 0xf5, 0x03, 0x1f, 0xaa, 0xf6, 0x0b, 0x41, 0xb2, 0x59, 0x00, 0x80, 0x52,
  0x14, 0x00, 0x00, 0x14, 0x88, 0x0a, 0x40, 0x39, 0x49, 0x00, 0x80, 0x52, 0x68, 0xf2, 0x0d, 0x39,
  0xa9, 0x02, 0x00, 0xb9, 0x23, 0xf5, 0xff, 0x97, 0x1f, 0x1c, 0x00, 0x72, 0x20, 0x01, 0x00, 0x54,
  0x16, 0x08, 0x00, 0x94, 0x1f, 0x1c, 0x00, 0x72, 0xc0, 0x00, 0x00, 0x54, 0x63, 0xf2, 0x4d, 0x39,
  0x21, 0x00, 0x00, 0xb0, 0x21, 0x40, 0x3c, 0x91, 0xf7, 0x07, 0x00, 0x94, 0x16, 0xf5, 0xff, 0x97,
  0xf7, 0x03, 0x1f, 0xaa, 0xf9, 0x03, 0x1f, 0xaa, 0xf5, 0x03, 0x1f, 0xaa, 0xf6, 0x0b, 0x41, 0xb2,
  0x68, 0x1e, 0x44, 0xb9, 0xa8, 0x01, 0x00, 0x34, 0x21, 0x00, 0x00, 0xb0, 0x21, 0xb4, 0x1f, 0x91,
  0xf1, 0x07, 0x00, 0x94, 0xe3, 0x2c, 0x80, 0x52, 0x0b, 0xf5, 0xff, 0x97, 0x0c, 0xf5, 0xff, 0x97,
  0x1f, 0x1c, 0x00, 0x72, 0x00, 0x0d, 0x00, 0x54, 0xd8, 0x07, 0x00, 0x94, 0xe1, 0x2c, 0x80, 0x52,
  0x06, 0xf5, 0xff, 0x97, 0x64, 0x00, 0x00, 0x14, 0x70, 0x08, 0x00, 0x94, 0x28, 0x05, 0x00, 0xb4,
  0x77, 0x00, 0x00, 0xb4, 0x89, 0x02, 0xc0, 0x39, 0x89, 0x08, 0xf8, 0x37, 0x69, 0x16, 0x42, 0xf9,
  0x3f, 0x01, 0x08, 0xeb, 0x62, 0x06, 0x00, 0x54, 0xc6, 0x07, 0x00, 0x94, 0xf6, 0x03, 0x00, 0xaa,
  0xfc, 0xf4, 0xff, 0x97, 0x1f, 0x1c, 0x00, 0x72, 0x56, 0x0f, 0xf8, 0xb7, 0xc0, 0x0a, 0x00, 0x54,
  0xf0, 0x07, 0x00, 0x94, 0x1f, 0x1c, 0x00, 0x72, 0x60, 0x0a, 0x00, 0x54, 0x21, 0x00, 0x00, 0xd0,
  0x21, 0x78, 0x29, 0x91, 0x13, 0x08, 0x00, 0x94, 0x00, 0x00, 0xb0, 0x52, 0xee, 0xf4, 0xff, 0x97,
  0x4d, 0x00, 0x00, 0x14, 0x89, 0x0e, 0x40, 0x39, 0x9a, 0x0a, 0x40, 0x39, 0x36, 0x5d, 0x00, 0x53,
  0xc8, 0x06, 0x00, 0x51, 0x3a, 0x1d, 0x18, 0x33, 0x1f, 0x15, 0x00, 0x71, 0x48, 0x0c, 0x00, 0x54,
  0x29, 0x00, 0x00, 0xf0, 0x29, 0x81, 0x30, 0x91, 0x8a, 0x00, 0x00, 0x10, 0x2b, 0x69, 0x68, 0x38,
  0x4a, 0x09, 0x0b, 0x8b, 0x40, 0x01, 0x1f, 0xd6, 0x68, 0x7a, 0x43, 0xb9, 0x1f, 0x11, 0x00, 0x71,
  0xa3, 0x11, 0x00, 0x54, 0x37, 0x00, 0x00, 0xf0, 0xf7, 0xba, 0x2d, 0x91, 0x8c, 0x00, 0x00, 0x14,
  0x28, 0x00, 0x80, 0x52, 0x68, 0x66, 0x10, 0x39, 0xff, 0x7f, 0x00, 0xa9, 0x7f, 0x1e, 0x02, 0xf9,
  0x7f, 0x1a, 0x02, 0xf9, 0xd7, 0xf4, 0xff, 0x97, 0x1f, 0x1c, 0x00, 0x72, 0xc0, 0x05, 0x00, 0x54,
  0xca, 0x07, 0x00, 0x94, 0x1f, 0x1c, 0x00, 0x72, 0x60, 0x05, 0x00, 0x54, 0x21, 0x00, 0x00, 0xf0,
  0x21, 0xdc, 0x05, 0x91, 0xac, 0x07, 0x00, 0x94, 0xcb, 0xf4, 0xff, 0x97, 0x26, 0x00, 0x00, 0x14,
  0x7f, 0x66, 0x10, 0x39, 0x7f, 0x1a, 0x02, 0xf9, 0x34, 0x08, 0x00, 0x94, 0x68, 0x1e, 0x02, 0xf9,
  0xc8, 0xf4, 0xff, 0x97, 0x1f, 0x1c, 0x00, 0x72, 0xe0, 0x03, 0x00, 0x54, 0xbb, 0x07, 0x00, 0x94,
  0x1f, 0x1c, 0x00, 0x72, 0x80, 0x03, 0x00, 0x54, 0x63, 0x1e, 0x42, 0xf9, 0x21, 0x00, 0x00, 0xf0,
  0x21, 0x6c, 0x0b, 0x91, 0x16, 0x00, 0x00, 0x14, 0x28, 0x00, 0x80, 0x52, 0x7f, 0x1a, 0x02, 0xf9,
  0x60, 0x12, 0x42, 0xf9, 0xe1, 0x03, 0x17, 0xaa, 0x68, 0x66, 0x10, 0x39, 0x23, 0x08, 0x00, 0x94,
  0x09, 0x03, 0x40, 0xf9, 0x3f, 0x03, 0x08, 0xeb, 0x22, 0x33, 0x88, 0x9a, 0x62, 0x1e, 0x02, 0xf9,
  0x28, 0xb1, 0x40, 0xf9, 0x00, 0x01, 0x3f, 0xd6, 0xb2, 0xf4, 0xff, 0x97, 0x1f, 0x1c, 0x00, 0x72,
  0x20, 0x01, 0x00, 0x54, 0xa5, 0x07, 0x00, 0x94, 0x1f, 0x1c, 0x00, 0x72, 0xc0, 0x00, 0x00, 0x54,
  0x63, 0x1e, 0x42, 0xf9, 0x21, 0x00, 0x00, 0xf0, 0x21, 0x28, 0x06, 0x91, 0x86, 0x07, 0x00, 0x94,
  0xa5, 0xf4, 0xff, 0x97, 0x60, 0xb6, 0x41, 0xf9, 0x61, 0x62, 0x10, 0x91, 0x57, 0x08, 0x00, 0x94,
  0xf6, 0x03, 0x00, 0xaa, 0x75, 0x00, 0x00, 0xb4, 0xe0, 0x03, 0x15, 0xaa, 0xae, 0xf5, 0xff, 0x97,
  0xa0, 0xf4, 0xff, 0x97, 0x1f, 0x1c, 0x00, 0x72, 0xe0, 0x00, 0x00, 0x54, 0x93, 0x07, 0x00, 0x94,
  0x1f, 0x1c, 0x00, 0x72, 0x80, 0x00, 0x00, 0x54, 0xb0, 0x07, 0x00, 0x94, 0x76, 0x07, 0x00, 0x94,
  0x95, 0xf4, 0xff, 0x97, 0xe0, 0x03, 0x16, 0xaa, 0xfe, 0x0b, 0x40, 0xf9, 0xf4, 0x4f, 0x45, 0xa9,
  0xf6, 0x57, 0x44, 0xa9, 0xf8, 0x5f, 0x43, 0xa9, 0xfa, 0x67, 0x42, 0xa9, 0xff, 0x83, 0x01, 0x91,
  0xc0, 0x03, 0x5f, 0xd6, 0xe0, 0xfd, 0xff, 0x54, 0x86, 0x07, 0x00, 0x94, 0x1f, 0x1c, 0x00, 0x72,
  0x80, 0xfd, 0xff, 0x54, 0xcf, 0x07, 0x00, 0x94, 0xaa, 0x07, 0x00, 0x94, 0x17, 0x08, 0x00, 0x94,
  0xe8, 0xff, 0xff, 0x17, 0xdf, 0x3e, 0x00, 0x71, 0xc1, 0x01, 0x00, 0x54, 0x28, 0x00, 0x00, 0xf0,
  0xf5, 0x03, 0x1f, 0xaa, 0x08, 0xa1, 0x19, 0x91, 0x17, 0x09, 0x40, 0xf9, 0x36, 0x00, 0x00, 0x14,
  0xa0, 0xfb, 0xff, 0x54, 0x77, 0x07, 0x00, 0x94, 0x1f, 0x1c, 0x00, 0x72, 0x40, 0xfb, 0xff, 0x54,
  0xc0, 0x07, 0x00, 0x94, 0x9b, 0x07, 0x00, 0x94, 0x08, 0x08, 0x00, 0x94, 0xd6, 0xff, 0xff, 0x17,
  0x78, 0xf4, 0xff, 0x97, 0x1f, 0x1c, 0x00, 0x72, 0xc0, 0xe2, 0xff, 0x54, 0x6b, 0x07, 0x00, 0x94,
  0x1f, 0x1c, 0x00, 0x72, 0x60, 0xe2, 0xff, 0x54, 0x21, 0x00, 0x00, 0xd0, 0x21, 0x3c, 0x05, 0x91,
  0x4d, 0x07, 0x00, 0x94, 0xe3, 0x03, 0x16, 0x2a, 0x6b, 0xf4, 0xff, 0x97, 0x0d, 0xff, 0xff, 0x17,
  0x55, 0x1f, 0x00, 0x12, 0xbf, 0x0e, 0x00, 0x71, 0x08, 0x06, 0x00, 0x54, 0x48, 0x1f, 0x40, 0x92,
  0x29, 0x00, 0x00, 0xd0, 0x29, 0x99, 0x30, 0x91, 0x8a, 0x00, 0x00, 0x10, 0x2b, 0x69, 0x68, 0x38,
  0x4a, 0x09, 0x0b, 0x8b, 0x40, 0x01, 0x1f, 0xd6, 0x37, 0x00, 0x00, 0xd0, 0xf5, 0x03, 0x1f, 0xaa,
  0x99, 0x00, 0x80, 0x52, 0xf7, 0xd2, 0x2e, 0x91, 0x16, 0x00, 0x00, 0x14, 0x37, 0x00, 0x00, 0xd0,
  0xf7, 0x02, 0x2e, 0x91, 0x0a, 0x00, 0x00, 0x14, 0x68, 0x7a, 0x43, 0xb9, 0x1f, 0x11, 0x00, 0x71,
  0x43, 0x01, 0x00, 0x54, 0x37, 0x00, 0x00, 0xf0, 0xf5, 0x03, 0x1f, 0xaa, 0xf7, 0x82, 0x17, 0x91,
  0x09, 0x00, 0x00, 0x14, 0x37, 0x00, 0x00, 0xd0, 0xf7, 0x72, 0x2d, 0x91, 0xf9, 0x02, 0x40, 0x39,
  0xf5, 0x03, 0x1f, 0xaa, 0x07, 0x00, 0x00, 0x14, 0x37, 0x00, 0x00, 0xf0, 0xf5, 0x03, 0x1f, 0xaa,
  0xf7, 0x02, 0x17, 0x91, 0xe8, 0x0e, 0x40, 0x39, 0xe9, 0x0a, 0x40, 0x39, 0x39, 0x21, 0x08, 0xaa,
  0x48, 0xf4, 0xff, 0x97, 0x1f, 0x1c, 0x00, 0x72, 0x20, 0xe6, 0xff, 0x54, 0x3b, 0x07, 0x00, 0x94,
  0x1f, 0x1c, 0x00, 0x72, 0xc0, 0xe5, 0xff, 0x54, 0x21, 0x00, 0x00, 0x90, 0x21, 0x44, 0x1f, 0x91,
  0x60, 0x07, 0x00, 0x94, 0x44, 0x1f, 0x00, 0x12, 0x00, 0x08, 0xa0, 0x52, 0xe3, 0x03, 0x16, 0x2a,
  0x39, 0xf4, 0xff, 0x97, 0x26, 0xff, 0xff, 0x17, 0xa8, 0xc2, 0x00, 0x51, 0x1f, 0x09, 0x00, 0x71,
  0x82, 0x00, 0x00, 0x54, 0xf7, 0x03, 0x1f, 0xaa, 0xf9, 0x03, 0x1f, 0xaa, 0xe5, 0xff, 0xff, 0x17,
  0x34, 0xf4, 0xff, 0x97, 0x1f, 0x1c, 0x00, 0x72, 0x40, 0xda, 0xff, 0x54, 0x29, 0x07, 0x00, 0x94,
  0x1f, 0x1c, 0x00, 0x72, 0xe0, 0xd9, 0xff, 0x54, 0x21, 0x00, 0x00, 0xb0, 0x21, 0x30, 0x04, 0x91,
  0x4c, 0x07, 0x00, 0x94, 0x00, 0x00, 0xb0, 0x52, 0xe3, 0x03, 0x15, 0x2a, 0xbb, 0xff, 0xff, 0x17,
  0x37, 0x00, 0x00, 0xd0, 0xf5, 0x03, 0x1f, 0xaa, 0x59, 0x04, 0x80, 0x52, 0xf7, 0x2a, 0x2f, 0x91,
  0xdc, 0xff, 0xff, 0x17, 0x68, 0x06, 0x42, 0xf9, 0x00, 0x09, 0x00, 0x91, 0x2b, 0xf5, 0xff, 0x97,
  0x80, 0x02, 0x00, 0xb4, 0x68, 0x00, 0x80, 0x52, 0xf7, 0x03, 0x00, 0xaa, 0x61, 0x12, 0x0e, 0x91,
  0x08, 0x04, 0x00, 0x39, 0x68, 0x22, 0x50, 0x39, 0x08, 0x09, 0x00, 0x11, 0x08, 0x24, 0x00, 0x38,
  0x08, 0x03, 0x40, 0xf9, 0x62, 0x06, 0x42, 0xf9, 0x08, 0xb1, 0x40, 0xf9, 0x00, 0x01, 0x3f, 0xd6,
  0xf9, 0x02, 0x40, 0x39, 0xf5, 0x03, 0x17, 0xaa, 0xca, 0xff, 0xff, 0x17, 0x37, 0x00, 0x00, 0xd0,
  0xf5, 0x03, 0x1f, 0xaa, 0x59, 0x02, 0x80, 0x52, 0xf7, 0xe2, 0x2e, 0x91, 0xc5, 0xff, 0xff, 0x17,
  0x37, 0x00, 0x00, 0xd0, 0xf5, 0x03, 0x1f, 0xaa, 0x59, 0x05, 0x80, 0x52, 0xf7, 0xb2, 0x2f, 0x91,
  0xc0, 0xff, 0xff, 0x17, 0xff, 0xc3, 0x00, 0xd1, 0xfe, 0x57, 0x01, 0xa9, 0xf4, 0x4f, 0x02, 0xa9,
  0xe9, 0x06, 0x00, 0x94, 0x1f, 0x1c, 0x00, 0x72, 0xe0, 0x00, 0x00, 0x54, 0xf7, 0x06, 0x00, 0x94,
  0x1f, 0x1c, 0x00, 0x72, 0x80, 0x00, 0x00, 0x54, 0x17, 0x07, 0x00, 0x94, 0x7d, 0x07, 0x00, 0x94,
  0xf6, 0x06, 0x00, 0x94, 0xbf, 0x0a, 0x00, 0x71, 0x61, 0x02, 0x00, 0x54, 0x88, 0x32, 0x40, 0x39,
  0xc8, 0x03, 0x00, 0x34, 0xf7, 0xf3, 0xff, 0x97, 0x1f, 0x1c, 0x00, 0x72, 0x20, 0x05, 0x00, 0x54,
  0xf3, 0x06, 0x00, 0x94, 0x1f, 0x1c, 0x00, 0x72, 0xc0, 0x04, 0x00, 0x54, 0x88, 0x12, 0x40, 0xb9,
  0x21, 0x00, 0x00, 0xd0, 0x21, 0xc0, 0x02, 0x91, 0x89, 0x32, 0x40, 0x39, 0x6d, 0x07, 0x00, 0x94,
  0x00, 0x08, 0x80, 0x52, 0x3b, 0x07, 0x00, 0x94, 0xe8, 0x03, 0x88, 0x1a, 0x22, 0x07, 0x00, 0x94,
  0x1c, 0x00, 0x00, 0x14, 0x21, 0x00, 0x00, 0xb0, 0x21, 0x78, 0x23, 0x91, 0xc6, 0x06, 0x00, 0x94,
  0xe3, 0x6e, 0x80, 0x52, 0xe0, 0xf3, 0xff, 0x97, 0xe1, 0xf3, 0xff, 0x97, 0x1f, 0x1c, 0x00, 0x72,
  0x80, 0x00, 0x00, 0x54, 0xad, 0x06, 0x00, 0x94, 0xe1, 0x6e, 0x80, 0x52, 0xdb, 0xf3, 0xff, 0x97,
  0x60, 0x01, 0x80, 0x52, 0x19, 0x00, 0x00, 0x14, 0xdb, 0x06, 0x00, 0x94, 0x24, 0x00, 0x00, 0x94,
  0x80, 0x01, 0xf8, 0xb6, 0x06, 0x07, 0x00, 0x94, 0x1f, 0x1c, 0x00, 0x72, 0xe0, 0x00, 0x00, 0x54,
  0xcc, 0x06, 0x00, 0x94, 0x1f, 0x1c, 0x00, 0x72, 0x80, 0x00, 0x00, 0x54, 0x32, 0x07, 0x00, 0x94,
  0x50, 0x07, 0x00, 0x94, 0xcb, 0x06, 0x00, 0x94, 0x96, 0x06, 0x00, 0x94, 0xc0, 0x01, 0xf8, 0xb7,
  0xcc, 0xf3, 0xff, 0x97, 0x1f, 0x1c, 0x00, 0x72, 0xe0, 0x00, 0x00, 0x54, 0xbf, 0x06, 0x00, 0x94,
  0x1f, 0x1c, 0x00, 0x72, 0x80, 0x00, 0x00, 0x54, 0xdc, 0x06, 0x00, 0x94, 0x45, 0x07, 0x00, 0x94,
  0xbe, 0x06, 0x00, 0x94, 0xe0, 0x0f, 0x40, 0xb9, 0xf4, 0x4f, 0x42, 0xa9, 0xfe, 0x57, 0x41, 0xa9,
  0xf7, 0x06, 0x00, 0x14, 0xc9, 0x06, 0x00, 0x94, 0x1f, 0x1c, 0x00, 0x72, 0x20, 0xfe, 0xff, 0x54,
  0xb4, 0x06, 0x00, 0x94, 0x1f, 0x1c, 0x00, 0x72, 0xc0, 0xfd, 0xff, 0x54, 0xfd, 0x06, 0x00, 0x94,
  0x38, 0x07, 0x00, 0x94, 0x8e, 0x06, 0x00, 0x94, 0xea, 0xff, 0xff, 0x17, 0xff, 0xc3, 0x00, 0xd1,
  0xfe, 0x57, 0x01, 0xa9, 0xf4, 0x4f, 0x02, 0xa9, 0xf5, 0x03, 0x02, 0xaa, 0xf4, 0x03, 0x01, 0xaa,
  0xba, 0x06, 0x00, 0x94, 0x1f, 0x1c, 0x00, 0x72, 0xc0, 0x00, 0x00, 0x54, 0xa3, 0x06, 0x00, 0x94,
  0x1f, 0x1c, 0x00, 0x72, 0x60, 0x00, 0x00, 0x54, 0xc3, 0x06, 0x00, 0x94, 0x94, 0x06, 0x00, 0x94,
  0xf3, 0x07, 0x00, 0xb4, 0xd4, 0x07, 0x00, 0xb4, 0x68, 0x01, 0x80, 0x52, 0xa8, 0x02, 0x00, 0xb9,
  0xa4, 0xf3, 0xff, 0x97, 0x1f, 0x1c, 0x00, 0x72, 0x00, 0x02, 0x00, 0x54, 0x97, 0x06, 0x00, 0x94,
  0x1f, 0x1c, 0x00, 0x72, 0xa0, 0x01, 0x00, 0x54, 0x88, 0x12, 0x40, 0xb9, 0x21, 0x00, 0x00, 0xd0,
  0x21, 0x78, 0x10, 0x91, 0x89, 0x32, 0x40, 0x39, 0x84, 0x02, 0x40, 0xf9, 0x22, 0x00, 0x00, 0x90,
  0x42, 0x94, 0x3c, 0x91, 0x00, 0x08, 0xa0, 0x52, 0xe6, 0x06, 0x00, 0x94, 0xe8, 0x03, 0x88, 0x1a,
  0x03, 0x01, 0x09, 0x2a, 0x90, 0xf3, 0xff, 0x97, 0xc6, 0x06, 0x00, 0x94, 0x29, 0x07, 0x00, 0x94,
  0x7f, 0x1e, 0x04, 0xb9, 0x88, 0x0a, 0x40, 0xb9, 0x1f, 0x09, 0x00, 0x71, 0x40, 0x06, 0x00, 0x54,
  0x1f, 0x05, 0x00, 0x71, 0x21, 0x07, 0x00, 0x54, 0x94, 0x02, 0x40, 0xf9, 0x89, 0xf3, 0xff, 0x97,
  0x1f, 0x1c, 0x00, 0x72, 0x94, 0x08, 0x00, 0xb4, 0x40, 0x01, 0x00, 0x54, 0x84, 0x06, 0x00, 0x94,
  0x1f, 0x1c, 0x00, 0x72, 0xe0, 0x00, 0x00, 0x54, 0x63, 0x1e, 0x42, 0xf9, 0x21, 0x00, 0x00, 0xd0,
  0x21, 0x50, 0x18, 0x91, 0x22, 0x00, 0x00, 0x90, 0x42, 0x94, 0x3c, 0x91, 0x06, 0x07, 0x00, 0x94,
  0x7c, 0xf3, 0xff, 0x97, 0x1f, 0x1c, 0x00, 0x72, 0xe0, 0x00, 0x00, 0x54, 0x6f, 0x06, 0x00, 0x94,
  0x1f, 0x1c, 0x00, 0x72, 0x80, 0x00, 0x00, 0x54, 0x21, 0x00, 0x00, 0xd0, 0x21, 0x94, 0x0c, 0x91,
  0x5f, 0x06, 0x00, 0x94, 0x28, 0x00, 0x80, 0x52, 0x61, 0x62, 0x10, 0x91, 0x68, 0x66, 0x10, 0x39,
  0xff, 0x7f, 0x00, 0xa9, 0x60, 0xb6, 0x41, 0xf9, 0x7f, 0x1e, 0x02, 0xf9, 0x7f, 0x1a, 0x02, 0xf9,
  0x1e, 0x07, 0x00, 0x94, 0xf3, 0x03, 0x00, 0xaa, 0x2f, 0x00, 0x00, 0x14, 0x21, 0x00, 0x00, 0x90,
  0x21, 0x08, 0x3d, 0x91, 0x48, 0x06, 0x00, 0x94, 0x23, 0x45, 0x80, 0x52, 0x53, 0x00, 0x80, 0xd2,
  0x13, 0x00, 0xf0, 0xf2, 0x60, 0xf3, 0xff, 0x97, 0x61, 0xf3, 0xff, 0x97, 0x1f, 0x1c, 0x00, 0x72,
  0xa0, 0x04, 0x00, 0x54, 0x2d, 0x06, 0x00, 0x94, 0x21, 0x45, 0x80, 0x52, 0x5b, 0xf3, 0xff, 0x97,
  0x21, 0x00, 0x00, 0x14, 0x5b, 0xf3, 0xff, 0x97, 0x1f, 0x1c, 0x00, 0x72, 0xa0, 0x03, 0x00, 0x54,
  0x4e, 0x06, 0x00, 0x94, 0x1f, 0x1c, 0x00, 0x72, 0x40, 0x03, 0x00, 0x54, 0x21, 0x00, 0x00, 0xb0,
  0x21, 0x60, 0x25, 0x91, 0x16, 0x00, 0x00, 0x14, 0x52, 0xf3, 0xff, 0x97, 0x1f, 0x1c, 0x00, 0x72,
  0x60, 0x01, 0x00, 0x54, 0x45, 0x06, 0x00, 0x94, 0x1f, 0x1c, 0x00, 0x72, 0x00, 0x01, 0x00, 0x54,
  0x83, 0x0a, 0x40, 0xb9, 0x21, 0x00, 0x00, 0xd0, 0x21, 0xc4, 0x06, 0x91, 0x22, 0x00, 0x00, 0x90,
  0x42, 0x94, 0x3c, 0x91, 0x00, 0x08, 0xa0, 0x52, 0x43, 0xf3, 0xff, 0x97, 0xf3, 0x0f, 0x41, 0xb2,
  0x09, 0x00, 0x00, 0x14, 0xe0, 0x00, 0x00, 0x54, 0x38, 0x06, 0x00, 0x94, 0x1f, 0x1c, 0x00, 0x72,
  0x80, 0x00, 0x00, 0x54, 0x21, 0x00, 0x00, 0xd0, 0x21, 0x18, 0x0c, 0x91, 0x28, 0x06, 0x00, 0x94,
  0xf3, 0x03, 0x1f, 0xaa, 0x3b, 0xf3, 0xff, 0x97, 0x1f, 0x1c, 0x00, 0x72, 0xc0, 0x00, 0x00, 0x54,
  0x2e, 0x06, 0x00, 0x94, 0x1f, 0x1c, 0x00, 0x72, 0x60, 0x00, 0x00, 0x54, 0x4b, 0x06, 0x00, 0x94,
  0x1f, 0x06, 0x00, 0x94, 0xe0, 0x03, 0x13, 0xaa, 0xf4, 0x4f, 0x42, 0xa9, 0xfe, 0x57, 0x41, 0xa9,
  0xff, 0xc3, 0x00, 0x91, 0xc0, 0x03, 0x5f, 0xd6, 0xff, 0xc3, 0x00, 0xd1, 0xfe, 0x57, 0x01, 0xa9,
  0xf4, 0x4f, 0x02, 0xa9, 0x10, 0x06, 0x00, 0x94, 0x1f, 0x1c, 0x00, 0x72, 0xe0, 0x00, 0x00, 0x54,
  0x1e, 0x06, 0x00, 0x94, 0x1f, 0x1c, 0x00, 0x72, 0x80, 0x00, 0x00, 0x54, 0x3e, 0x06, 0x00, 0x94,
  0xaa, 0x06, 0x00, 0x94, 0x1d, 0x06, 0x00, 0x94, 0xbf, 0x0e, 0x00, 0x71, 0x01, 0x02, 0x00, 0x54,
  0x88, 0x32, 0x40, 0x39, 0x68, 0x03, 0x00, 0x34, 0x1e, 0xf3, 0xff, 0x97, 0x1f, 0x1c, 0x00, 0x72,
  0xc0, 0x04, 0x00, 0x54, 0x1a, 0x06, 0x00, 0x94, 0x1f, 0x1c, 0x00, 0x72, 0x60, 0x04, 0x00, 0x54,
  0x6b, 0x06, 0x00, 0x94, 0x9d, 0x06, 0x00, 0x94, 0x00, 0x08, 0x80, 0x52, 0x65, 0x06, 0x00, 0x94,
  0xe8, 0x03, 0x88, 0x1a, 0x4c, 0x06, 0x00, 0x94, 0x1c, 0x00, 0x00, 0x14, 0x21, 0x00, 0x00, 0xb0,
  0x21, 0xcc, 0x0f, 0x91, 0xf0, 0x05, 0x00, 0x94, 0xe3, 0x75, 0x80, 0x52, 0x0a, 0xf3, 0xff, 0x97,
  0x0b, 0xf3, 0xff, 0x97, 0x1f, 0x1c, 0x00, 0x72, 0x80, 0x00, 0x00, 0x54, 0xd7, 0x05, 0x00, 0x94,
  0xe1, 0x75, 0x80, 0x52, 0x05, 0xf3, 0xff, 0x97, 0x60, 0x01, 0x80, 0x52, 0x19, 0x00, 0x00, 0x14,
  0x05, 0x06, 0x00, 0x94, 0x24, 0x00, 0x00, 0x94, 0x80, 0x01, 0xf8, 0xb6, 0x30, 0x06, 0x00, 0x94,
  0x1f, 0x1c, 0x00, 0x72, 0xe0, 0x00, 0x00, 0x54, 0xf6, 0x05, 0x00, 0x94, 0x1f, 0x1c, 0x00, 0x72,
  0x80, 0x00, 0x00, 0x54, 0x5c, 0x06, 0x00, 0x94, 0x80, 0x06, 0x00, 0x94, 0xf5, 0x05, 0x00, 0x94,
  0xc0, 0x05, 0x00, 0x94, 0xc0, 0x01, 0xf8, 0xb7, 0xf6, 0xf2, 0xff, 0x97, 0x1f, 0x1c, 0x00, 0x72,
  0xe0, 0x00, 0x00, 0x54, 0xe9, 0x05, 0x00, 0x94, 0x1f, 0x1c, 0x00, 0x72, 0x80, 0x00, 0x00, 0x54,
  0x06, 0x06, 0x00, 0x94, 0x75, 0x06, 0x00, 0x94, 0xe8, 0x05, 0x00, 0x94, 0xe0, 0x0f, 0x40, 0xb9,
  0xf4, 0x4f, 0x42, 0xa9, 0xfe, 0x57, 0x41, 0xa9, 0x21, 0x06, 0x00, 0x14, 0xf3, 0x05, 0x00, 0x94,
  0x1f, 0x1c, 0x00, 0x72, 0x20, 0xfe, 0xff, 0x54, 0xde, 0x05, 0x00, 0x94, 0x1f, 0x1c, 0x00, 0x72,
  0xc0, 0xfd, 0xff, 0x54, 0x27, 0x06, 0x00, 0x94, 0x68, 0x06, 0x00, 0x94, 0xb8, 0x05, 0x00, 0x94,
  0xea, 0xff, 0xff, 0x17, 0xff, 0xc3, 0x00, 0xd1, 0xfe, 0x57, 0x01, 0xa9, 0xf4, 0x4f, 0x02, 0xa9,
  0xf3, 0x03, 0x02, 0xaa, 0xf5, 0x03, 0x01, 0xaa, 0x09, 0x06, 0x00, 0x94, 0x1f, 0x1c, 0x00, 0x72,
  0xc0, 0x00, 0x00, 0x54, 0xcd, 0x05, 0x00, 0x94, 0x1f, 0x1c, 0x00, 0x72, 0x60, 0x00, 0x00, 0x54,
  0xed, 0x05, 0x00, 0x94, 0xc2, 0x05, 0x00, 0x94, 0x34, 0x07, 0x00, 0xb4, 0x15, 0x07, 0x00, 0xb4,
  0x68, 0x01, 0x80, 0x52, 0x68, 0x02, 0x00, 0xb9, 0xce, 0xf2, 0xff, 0x97, 0x1f, 0x1c, 0x00, 0x72,
  0x00, 0x02, 0x00, 0x54, 0xc1, 0x05, 0x00, 0x94, 0x1f, 0x1c, 0x00, 0x72, 0xa0, 0x01, 0x00, 0x54,
  0xa8, 0x12, 0x40, 0xb9, 0x21, 0x00, 0x00, 0xb0, 0x21, 0xd4, 0x2e, 0x91, 0xa9, 0x32, 0x40, 0x39,
  0xa4, 0x02, 0x40, 0xf9, 0x22, 0x00, 0x00, 0xb0, 0x42, 0x20, 0x2a, 0x91, 0x00, 0x08, 0xa0, 0x52,
  0x10, 0x06, 0x00, 0x94, 0xe8, 0x03, 0x88, 0x1a, 0x03, 0x01, 0x09, 0x2a, 0xba, 0xf2, 0xff, 0x97,
  0xe0, 0x03, 0x14, 0xaa, 0xe1, 0x03, 0x15, 0xaa, 0x52, 0x06, 0x00, 0x94, 0x9f, 0x1e, 0x04, 0xb9,
  0xa8, 0x0a, 0x40, 0xb9, 0x1f, 0x09, 0x00, 0x71, 0x60, 0x05, 0x00, 0x54, 0x1f, 0x05, 0x00, 0x71,
  0x41, 0x06, 0x00, 0x54, 0xb5, 0x02, 0x40, 0xf9, 0xb2, 0xf2, 0xff, 0x97, 0x1f, 0x1c, 0x00, 0x72,
  0xb5, 0x07, 0x00, 0xb4, 0xe0, 0x00, 0x00, 0x54, 0xa4, 0x05, 0x00, 0x94, 0x1f, 0x1c, 0x00, 0x72,
  0x80, 0x00, 0x00, 0x54, 0x21, 0x00, 0x00, 0x90, 0x21, 0x94, 0x20, 0x91, 0x98, 0x05, 0x00, 0x94,
  0x9f, 0x66, 0x10, 0x39, 0x81, 0x62, 0x10, 0x91, 0xff, 0x7f, 0x00, 0xa9, 0x80, 0xb6, 0x41, 0xf9,
  0x9f, 0x1e, 0x02, 0xf9, 0x9f, 0x1a, 0x02, 0xf9, 0x54, 0x06, 0x00, 0x94, 0x88, 0x42, 0x50, 0x39,
  0xf5, 0x03, 0x00, 0xaa, 0x1f, 0x05, 0x00, 0x71, 0x61, 0x06, 0x00, 0x54, 0xa8, 0x00, 0x80, 0x52,
  0x9f, 0x42, 0x10, 0x39, 0x68, 0x02, 0x00, 0xb9, 0x2f, 0x00, 0x00, 0x14, 0x21, 0x00, 0x00, 0x90,
  0x21, 0x08, 0x3d, 0x91, 0x78, 0x05, 0x00, 0x94, 0x83, 0x4f, 0x80, 0x52, 0x55, 0x00, 0x80, 0xd2,
  0x15, 0x00, 0xf0, 0xf2, 0x90, 0xf2, 0xff, 0x97, 0x91, 0xf2, 0xff, 0x97, 0x1f, 0x1c, 0x00, 0x72,
  0xa0, 0x04, 0x00, 0x54, 0x5d, 0x05, 0x00, 0x94, 0x81, 0x4f, 0x80, 0x52, 0x8b, 0xf2, 0xff, 0x97,
  0x21, 0x00, 0x00, 0x14, 0x8b, 0xf2, 0xff, 0x97, 0x1f, 0x1c, 0x00, 0x72, 0xa0, 0x03, 0x00, 0x54,
  0x7e, 0x05, 0x00, 0x94, 0x1f, 0x1c, 0x00, 0x72, 0x40, 0x03, 0x00, 0x54, 0x21, 0x00, 0x00, 0xb0,
  0x21, 0xe8, 0x25, 0x91, 0x16, 0x00, 0x00, 0x14, 0x82, 0xf2, 0xff, 0x97, 0x1f, 0x1c, 0x00, 0x72,
  0x60, 0x01, 0x00, 0x54, 0x75, 0x05, 0x00, 0x94, 0x1f, 0x1c, 0x00, 0x72, 0x00, 0x01, 0x00, 0x54,
  0xa3, 0x0a, 0x40, 0xb9, 0x21, 0x00, 0x00, 0x90, 0x21, 0x1c, 0x37, 0x91, 0x22, 0x00, 0x00, 0xb0,
  0x42, 0x20, 0x2a, 0x91, 0x00, 0x08, 0xa0, 0x52, 0x73, 0xf2, 0xff, 0x97, 0xf5, 0x0f, 0x41, 0xb2,
  0x09, 0x00, 0x00, 0x14, 0xe0, 0x00, 0x00, 0x54, 0x68, 0x05, 0x00, 0x94, 0x1f, 0x1c, 0x00, 0x72,
  0x80, 0x00, 0x00, 0x54, 0x21, 0x00, 0x00, 0xd0, 0x21, 0x98, 0x11, 0x91, 0x5c, 0x05, 0x00, 0x94,
  0xf5, 0x03, 0x1f, 0xaa, 0x6b, 0xf2, 0xff, 0x97, 0x1f, 0x1c, 0x00, 0x72, 0xc0, 0x00, 0x00, 0x54,
  0x5e, 0x05, 0x00, 0x94, 0x1f, 0x1c, 0x00, 0x72, 0x60, 0x00, 0x00, 0x54, 0x7b, 0x05, 0x00, 0x94,
  0x53, 0x05, 0x00, 0x94, 0xe0, 0x03, 0x15, 0xaa, 0xf4, 0x4f, 0x42, 0xa9, 0xfe, 0x57, 0x41, 0xa9,
  0xff, 0xc3, 0x00, 0x91, 0xc0, 0x03, 0x5f, 0xd6, 0xff, 0xc3, 0x00, 0xd1, 0xfe, 0x57, 0x01, 0xa9,
  0xf4, 0x4f, 0x02, 0xa9, 0xf4, 0x03, 0x03, 0xaa, 0xf5, 0x03, 0x01, 0x2a, 0xf3, 0x03, 0x00, 0xaa,
  0xff, 0x1b, 0x00, 0x79, 0x57, 0xf2, 0xff, 0x97, 0x1f, 0x1c, 0x00, 0x72, 0xe0, 0x00, 0x00, 0x54,
  0x4a, 0x05, 0x00, 0x94, 0x1f, 0x1c, 0x00, 0x72, 0x80, 0x00, 0x00, 0x54, 0x6a, 0x05, 0x00, 0x94,
  0xee, 0x05, 0x00, 0x94, 0x49, 0x05, 0x00, 0x94, 0xbf, 0x26, 0x00, 0x71, 0x41, 0x02, 0x00, 0x54,
  0x88, 0x02, 0x40, 0xb9, 0x68, 0x7a, 0x03, 0xb9, 0x4a, 0xf2, 0xff, 0x97, 0x1f, 0x1c, 0x00, 0x72,
  0x40, 0x04, 0x00, 0x54, 0x3f, 0x05, 0x00, 0x94, 0x1f, 0x1c, 0x00, 0x72, 0xe0, 0x03, 0x00, 0x54,
  0x68, 0x7a, 0x43, 0xb9, 0x08, 0x05, 0x00, 0x51, 0x1f, 0x11, 0x00, 0x71, 0x68, 0x02, 0x00, 0x54,
  0x29, 0x00, 0x00, 0xd0, 0x29, 0x41, 0x31, 0x91, 0x28, 0x59, 0xa8, 0xb8, 0x23, 0x01, 0x08, 0x8b,
  0x10, 0x00, 0x00, 0x14, 0x21, 0x00, 0x00, 0xd0, 0x21, 0xb4, 0x03, 0x91, 0x1a, 0x05, 0x00, 0x94,
  0x03, 0x7d, 0x80, 0x52, 0x34, 0xf2, 0xff, 0x97, 0x35, 0xf2, 0xff, 0x97, 0x1f, 0x1c, 0x00, 0x72,
  0x80, 0x00, 0x00, 0x54, 0x01, 0x05, 0x00, 0x94, 0x01, 0x7d, 0x80, 0x52, 0x2f, 0xf2, 0xff, 0x97,
  0x73, 0x01, 0x80, 0x52, 0x26, 0x00, 0x00, 0x14, 0x23, 0x00, 0x00, 0xd0, 0x63, 0x70, 0x1e, 0x91,
  0x64, 0x62, 0x43, 0xb9, 0x21, 0x00, 0x00, 0xd0, 0x21, 0x40, 0x0f, 0x91, 0xc7, 0x05, 0x00, 0x94,
  0x00, 0x00, 0xb0, 0x52, 0x24, 0xf2, 0xff, 0x97, 0x60, 0xb6, 0x41, 0xf9, 0xe3, 0x33, 0x00, 0x91,
  0x62, 0x7a, 0x43, 0xb9, 0x41, 0x00, 0x80, 0x52, 0x08, 0x0c, 0x40, 0xf9, 0x00, 0x01, 0x3f, 0xd6,
  0x60, 0x03, 0xf8, 0xb7, 0x29, 0x00, 0x00, 0xf0, 0xe8, 0x1b, 0x40, 0x79, 0x29, 0x01, 0x17, 0x91,
  0x0a, 0x7d, 0x08, 0x53, 0x28, 0x59, 0x00, 0x39, 0x28, 0x75, 0x00, 0x39, 0x2a, 0x5d, 0x00, 0x39,
  0x2a, 0x79, 0x00, 0x39, 0x68, 0x7a, 0x43, 0xb9, 0x49, 0x00, 0x80, 0x52, 0x1f, 0x11, 0x00, 0x71,
  0x68, 0x01, 0x80, 0x52, 0x33, 0x01, 0x88, 0x1a, 0x12, 0xf2, 0xff, 0x97, 0x1f, 0x1c, 0x00, 0x72,
  0xe0, 0x00, 0x00, 0x54, 0x05, 0x05, 0x00, 0x94, 0x1f, 0x1c, 0x00, 0x72, 0x80, 0x00, 0x00, 0x54,
  0x22, 0x05, 0x00, 0x94, 0xa9, 0x05, 0x00, 0x94, 0x04, 0x05, 0x00, 0x94, 0xe0, 0x03, 0x13, 0x2a,
  0xf4, 0x4f, 0x42, 0xa9, 0xfe, 0x57, 0x41, 0xa9, 0x3d, 0x05, 0x00, 0x14, 0x34, 0x05, 0x00, 0x94,
  0x1f, 0x1c, 0x00, 0x72, 0x80, 0xfd, 0xff, 0x54, 0xfa, 0x04, 0x00, 0x94, 0x1f, 0x1c, 0x00, 0x72,
  0x20, 0xfd, 0xff, 0x54, 0x21, 0x00, 0x00, 0xd0, 0x21, 0x80, 0x04, 0x91, 0x9b, 0x05, 0x00, 0x94,
  0xf8, 0x04, 0x00, 0x94, 0xe4, 0xff, 0xff, 0x17, 0xfe, 0x4f, 0xbf, 0xa9, 0x03, 0x05, 0x00, 0x94,
  0x1f, 0x1c, 0x00, 0x72, 0x00, 0x01, 0x00, 0x54, 0xec, 0x04, 0x00, 0x94, 0x1f, 0x1c, 0x00, 0x72,
  0xa0, 0x00, 0x00, 0x54, 0x0c, 0x05, 0x00, 0x94, 0x22, 0x00, 0x00, 0x90, 0x42, 0xd0, 0x04, 0x91,
  0xea, 0x04, 0x00, 0x94, 0x7f, 0x76, 0x03, 0xb9, 0x7f, 0x7a, 0x03, 0xb9, 0x7f, 0x82, 0x03, 0xb9,
  0xec, 0xf1, 0xff, 0x97, 0x1f, 0x1c, 0x00, 0x72, 0x40, 0x01, 0x00, 0x54, 0xdf, 0x04, 0x00, 0x94,
  0x1f, 0x1c, 0x00, 0x72, 0xe0, 0x00, 0x00, 0x54, 0xfc, 0x04, 0x00, 0x94, 0x22, 0x00, 0x00, 0x90,
  0x42, 0xd0, 0x04, 0x91, 0x00, 0x08, 0xa0, 0x52, 0xfe, 0x4f, 0xc1, 0xa8, 0xde, 0xf1, 0xff, 0x17,
  0xfe, 0x4f, 0xc1, 0xa8, 0xc0, 0x03, 0x5f, 0xd6, 0xfe, 0x0f, 0x1f, 0xf8, 0xdd, 0xf1, 0xff, 0x97,
  0x1f, 0x1c, 0x00, 0x72, 0x20, 0x01, 0x00, 0x54, 0xd9, 0x04, 0x00, 0x94, 0x1f, 0x1c, 0x00, 0x72,
  0xc0, 0x00, 0x00, 0x54, 0x21, 0x00, 0x00, 0xb0, 0x21, 0x34, 0x00, 0x91, 0x22, 0x00, 0x00, 0xd0,
  0x42, 0xe0, 0x21, 0x91, 0xe4, 0x04, 0x00, 0x94, 0x20, 0x00, 0x80, 0x52, 0xfe, 0x07, 0x41, 0xf8,
  0xc0, 0x03, 0x5f, 0xd6, 0xfe, 0x0f, 0x1f, 0xf8, 0xce, 0xf1, 0xff, 0x97, 0x1f, 0x1c, 0x00, 0x72,
  0x00, 0x01, 0x00, 0x54, 0xc1, 0x04, 0x00, 0x94, 0x1f, 0x1c, 0x00, 0x72, 0xa0, 0x00, 0x00, 0x54,
  0xe1, 0x04, 0x00, 0x94, 0x22, 0x00, 0x00, 0xb0, 0x42, 0x20, 0x2d, 0x91, 0xbf, 0x04, 0x00, 0x94,
  0xc4, 0xf1, 0xff, 0x97, 0x1f, 0x1c, 0x00, 0x72, 0x40, 0x01, 0x00, 0x54, 0xb7, 0x04, 0x00, 0x94,
  0x1f, 0x1c, 0x00, 0x72, 0xe0, 0x00, 0x00, 0x54, 0xd4, 0x04, 0x00, 0x94, 0x22, 0x00, 0x00, 0xb0,
  0x42, 0x20, 0x2d, 0x91, 0x00, 0x08, 0xa0, 0x52, 0xfe, 0x07, 0x41, 0xf8, 0xb6, 0xf1, 0xff, 0x17,
  0xfe, 0x07, 0x41, 0xf8, 0xc0, 0x03, 0x5f, 0xd6, 0xfe, 0x57, 0xbe, 0xa9, 0xf4, 0x4f, 0x01, 0xa9,
  0xf3, 0x03, 0x03, 0xaa, 0xf5, 0x03, 0x01, 0x2a, 0xe1, 0x04, 0x00, 0x94, 0x1f, 0x1c, 0x00, 0x72,
  0x00, 0x01, 0x00, 0x54, 0xa5, 0x04, 0x00, 0x94, 0x1f, 0x1c, 0x00, 0x72, 0xa0, 0x00, 0x00, 0x54,
  0xc5, 0x04, 0x00, 0x94, 0x22, 0x00, 0x00, 0x90, 0x42, 0x84, 0x29, 0x91, 0xa3, 0x04, 0x00, 0x94,
  0x34, 0x03, 0x00, 0xb4, 0xbf, 0x0a, 0x00, 0x71, 0xe1, 0x02, 0x00, 0x54, 0xd3, 0x02, 0x00, 0xb4,
  0x68, 0x0e, 0x40, 0xf9, 0x89, 0x12, 0x42, 0xf9, 0x1f, 0x01, 0x09, 0xeb, 0xc0, 0x03, 0x00, 0x54,
  0x89, 0x26, 0x42, 0xf9, 0x1f, 0x01, 0x09, 0xeb, 0xc0, 0x03, 0x00, 0x54, 0x89, 0x3a, 0x42, 0xf9,
  0x1f, 0x01, 0x09, 0xeb, 0xc0, 0x03, 0x00, 0x54, 0x89, 0x4e, 0x42, 0xf9, 0x1f, 0x01, 0x09, 0xeb,
  0xc0, 0x03, 0x00, 0x54, 0x89, 0x62, 0x42, 0xf9, 0x2a, 0x00, 0x00, 0x90, 0x4a, 0x1d, 0x05, 0x91,
  0x2b, 0x00, 0x00, 0xb0, 0x6b, 0xc5, 0x1b, 0x91, 0x1f, 0x01, 0x09, 0xeb, 0x74, 0x01, 0x8a, 0x9a,
  0x18, 0x00, 0x00, 0x14, 0x21, 0x00, 0x00, 0x90, 0x21, 0xb8, 0x2f, 0x91, 0x6e, 0x04, 0x00, 0x94,
  0x03, 0x8c, 0x80, 0x52, 0x88, 0xf1, 0xff, 0x97, 0x89, 0xf1, 0xff, 0x97, 0x1f, 0x1c, 0x00, 0x72,
  0x20, 0x05, 0x00, 0x54, 0x55, 0x04, 0x00, 0x94, 0x01, 0x8c, 0x80, 0x52, 0x83, 0xf1, 0xff, 0x97,
  0x25, 0x00, 0x00, 0x14, 0x34, 0x00, 0x00, 0x90, 0x94, 0x0a, 0x37, 0x91, 0x09, 0x00, 0x00, 0x14,
  0x34, 0x00, 0x00, 0xb0, 0x94, 0x6e, 0x2d, 0x91, 0x06, 0x00, 0x00, 0x14, 0x34, 0x00, 0x00, 0x90,
  0x94, 0xea, 0x08, 0x91, 0x03, 0x00, 0x00, 0x14, 0x34, 0x00, 0x00, 0xb0, 0x94, 0xb6, 0x1b, 0x91,
  0x78, 0xf1, 0xff, 0x97, 0x1f, 0x1c, 0x00, 0x72, 0xa0, 0x01, 0x00, 0x54, 0x74, 0x04, 0x00, 0x94,
  0x1f, 0x1c, 0x00, 0x72, 0x40, 0x01, 0x00, 0x54, 0x63, 0x32, 0x40, 0x39, 0x21, 0x00, 0x00, 0xb0,
  0x21, 0x78, 0x2d, 0x91, 0x64, 0x12, 0x40, 0xb9, 0x22, 0x00, 0x00, 0x90, 0x42, 0x84, 0x29, 0x91,
  0x00, 0x08, 0x80, 0x52, 0xe5, 0x03, 0x14, 0xaa, 0x67, 0xf1, 0xff, 0x97, 0x69, 0xf1, 0xff, 0x97,
  0x1f, 0x1c, 0x00, 0x72, 0x00, 0x01, 0x00, 0x54, 0x5c, 0x04, 0x00, 0x94, 0x1f, 0x1c, 0x00, 0x72,
  0xa0, 0x00, 0x00, 0x54, 0x79, 0x04, 0x00, 0x94, 0x22, 0x00, 0x00, 0x90, 0x42, 0x84, 0x29, 0x91,
  0x5a, 0x04, 0x00, 0x94, 0xf4, 0x4f, 0x41, 0xa9, 0x60, 0x01, 0x80, 0x52, 0xfe, 0x57, 0xc2, 0xa8,
  0xc0, 0x03, 0x5f, 0xd6, 0xff, 0x43, 0x01, 0xd1, 0xfe, 0x5f, 0x02, 0xa9, 0xf6, 0x57, 0x03, 0xa9,
  0xf4, 0x4f, 0x04, 0xa9, 0x68, 0x01, 0x80, 0x52, 0xf3, 0x03, 0x03, 0xaa, 0xf4, 0x03, 0x00, 0xaa,
  0xe8, 0x1b, 0x00, 0xb9, 0x53, 0xf1, 0xff, 0x97, 0x1f, 0x1c, 0x00, 0x72, 0xe0, 0x00, 0x00, 0x54,
  0x46, 0x04, 0x00, 0x94, 0x1f, 0x1c, 0x00, 0x72, 0x80, 0x00, 0x00, 0x54, 0x66, 0x04, 0x00, 0x94,
  0xc3, 0x04, 0x00, 0x94, 0x45, 0x04, 0x00, 0x94, 0x4a, 0xf1, 0xff, 0x97, 0x1f, 0x1c, 0x00, 0x72,
  0x80, 0x02, 0x00, 0x54, 0x3d, 0x04, 0x00, 0x94, 0x1f, 0x1c, 0x00, 0x72, 0x20, 0x02, 0x00, 0x54,
  0x68, 0x0e, 0x40, 0x39, 0x21, 0x00, 0x00, 0x90, 0x21, 0x04, 0x31, 0x91, 0x69, 0x0a, 0x40, 0x39,
  0x6a, 0x16, 0x40, 0x39, 0xb6, 0x04, 0x00, 0x94, 0x6b, 0x12, 0x40, 0x39, 0x6c, 0x1e, 0x40, 0x39,
  0x00, 0x08, 0xa0, 0x52, 0x6d, 0x1a, 0x40, 0x39, 0x25, 0x21, 0x08, 0x2a, 0x63, 0x02, 0x40, 0x39,
  0x64, 0x06, 0x40, 0x39, 0x66, 0x21, 0x0a, 0x2a, 0xa7, 0x21, 0x0c, 0x2a, 0x32, 0xf1, 0xff, 0x97,
  0x68, 0x02, 0x40, 0x39, 0x08, 0x19, 0x05, 0x53, 0x1f, 0x05, 0x00, 0x71, 0xc0, 0x00, 0x00, 0x54,
  0x08, 0x03, 0x00, 0x35, 0xe2, 0x63, 0x00, 0x91, 0xc9, 0x04, 0x00, 0x94, 0xf5, 0x03, 0x00, 0xaa,
  0x99, 0x00, 0x00, 0x14, 0x2b, 0xf1, 0xff, 0x97, 0x1f, 0x1c, 0x00, 0x72, 0xe0, 0x00, 0x00, 0x54,
  0x1e, 0x04, 0x00, 0x94, 0x1f, 0x1c, 0x00, 0x72, 0x80, 0x00, 0x00, 0x54, 0x3e, 0x04, 0x00, 0x94,
  0x71, 0x04, 0x00, 0x94, 0x1d, 0x04, 0x00, 0x94, 0x68, 0x01, 0x80, 0x52, 0xe8, 0x1b, 0x00, 0xb9,
  0x1f, 0xf1, 0xff, 0x97, 0x1f, 0x1c, 0x00, 0x72, 0x80, 0x00, 0x00, 0x54, 0x88, 0xc2, 0x07, 0xd1,
  0x21, 0x04, 0x00, 0x94, 0xa1, 0x00, 0x00, 0x54, 0x96, 0xc2, 0x07, 0xd1, 0x07, 0x00, 0x00, 0x14,
  0xf5, 0x0b, 0x41, 0xb2, 0x85, 0x00, 0x00, 0x14, 0x22, 0x04, 0x00, 0x94, 0x61, 0x38, 0x80, 0x52,
  0x12, 0xf1, 0xff, 0x97, 0xf6, 0x03, 0x14, 0xaa, 0xc8, 0x62, 0x41, 0x39, 0xd5, 0xae, 0x42, 0xf9,
  0x77, 0x06, 0x40, 0x39, 0x08, 0x05, 0x00, 0x51, 0xe8, 0x73, 0x00, 0x39, 0x0d, 0xf1, 0xff, 0x97,
  0xff, 0xfa, 0x03, 0x71, 0xe0, 0x04, 0x00, 0x54, 0xff, 0xfe, 0x03, 0x71, 0x41, 0x07, 0x00, 0x54,
  0x1f, 0x1c, 0x00, 0x72, 0xe0, 0x00, 0x00, 0x54, 0x05, 0x04, 0x00, 0x94, 0x1f, 0x1c, 0x00, 0x72,
  0x80, 0x00, 0x00, 0x54, 0x21, 0x00, 0x00, 0x90, 0x21, 0x54, 0x1c, 0x91, 0xd4, 0x03, 0x00, 0x94,
  0x68, 0x1e, 0x40, 0x39, 0x69, 0x1a, 0x40, 0x39, 0x28, 0x21, 0x08, 0x2a, 0x28, 0x07, 0x00, 0x35,
  0x68, 0x0e, 0x40, 0x39, 0x69, 0x0a, 0x40, 0x39, 0x28, 0x21, 0x08, 0x2a, 0xa8, 0x06, 0x00, 0x35,
  0xf8, 0xf0, 0xff, 0x97, 0x1f, 0x1c, 0x00, 0x72, 0xe0, 0x00, 0x00, 0x54, 0xf4, 0x03, 0x00, 0x94,
  0x1f, 0x1c, 0x00, 0x72, 0x80, 0x00, 0x00, 0x54, 0x21, 0x00, 0x00, 0x90, 0x21, 0x60, 0x0a, 0x91,
  0xc3, 0x03, 0x00, 0x94, 0xc1, 0x62, 0x19, 0x91, 0xe0, 0x03, 0x15, 0xaa, 0x11, 0x05, 0x00, 0x94,
  0xc1, 0xc2, 0x18, 0x91, 0xe0, 0x03, 0x15, 0xaa, 0x0e, 0x05, 0x00, 0x94, 0x29, 0x00, 0x80, 0x52,
  0xe1, 0x03, 0x1f, 0xaa, 0xe8, 0x03, 0x1f, 0xaa, 0xc9, 0x02, 0x18, 0x39, 0x23, 0x00, 0x00, 0x14,
  0x1f, 0x1c, 0x00, 0x72, 0xe0, 0x00, 0x00, 0x54, 0xe1, 0x03, 0x00, 0x94, 0x1f, 0x1c, 0x00, 0x72,
  0x80, 0x00, 0x00, 0x54, 0x21, 0x00, 0x00, 0xd0, 0x21, 0x10, 0x12, 0x91, 0xb0, 0x03, 0x00, 0x94,
  0x68, 0x1e, 0x40, 0x39, 0x69, 0x1a, 0x40, 0x39, 0x28, 0x21, 0x08, 0x2a, 0x1f, 0x05, 0x00, 0x71,
  0x81, 0x02, 0x00, 0x54, 0x68, 0x0e, 0x40, 0x39, 0x69, 0x0a, 0x40, 0x39, 0x28, 0x21, 0x08, 0x2a,
  0x08, 0x02, 0x00, 0x35, 0x28, 0x00, 0x80, 0x52, 0xe1, 0x73, 0x00, 0x91, 0xc8, 0x02, 0x18, 0x39,
  0x0e, 0x00, 0x00, 0x14, 0x1f, 0x1c, 0x00, 0x72, 0x40, 0x01, 0x00, 0x54, 0xc5, 0x03, 0x00, 0x94,
  0x1f, 0x1c, 0x00, 0x72, 0xe0, 0x00, 0x00, 0x54, 0x63, 0x06, 0x40, 0x39, 0x01, 0x00, 0x00, 0xf0,
  0x21, 0xec, 0x3e, 0x91, 0x14, 0x04, 0x00, 0x94, 0x00, 0x00, 0xb0, 0x52, 0xc2, 0xf0, 0xff, 0x97,
  0xe1, 0x03, 0x1f, 0xaa, 0xe8, 0x03, 0x1f, 0xaa, 0x69, 0x1e, 0x40, 0x39, 0x6a, 0x1a, 0x40, 0x39,
  0x49, 0x21, 0x09, 0x2a, 0x29, 0x02, 0x00, 0x34, 0x61, 0x00, 0x00, 0xb4, 0x69, 0x02, 0xc0, 0x39,
  0xe9, 0x09, 0xf8, 0x37, 0xbb, 0xf0, 0xff, 0x97, 0x1f, 0x1c, 0x00, 0x72, 0xe0, 0x00, 0x00, 0x54,
  0xb7, 0x03, 0x00, 0x94, 0x1f, 0x1c, 0x00, 0x72, 0x80, 0x00, 0x00, 0x54, 0x21, 0x00, 0x00, 0x90,
  0x21, 0x70, 0x3d, 0x91, 0x86, 0x03, 0x00, 0x94, 0x28, 0x00, 0x80, 0x52, 0xdf, 0x26, 0x18, 0x39,
  0xc8, 0x0e, 0x06, 0xb9, 0x10, 0x00, 0x00, 0x14, 0xae, 0xf0, 0xff, 0x97, 0x1f, 0x1c, 0x00, 0x72,
  0xe0, 0x00, 0x00, 0x54, 0xaa, 0x03, 0x00, 0x94, 0x1f, 0x1c, 0x00, 0x72, 0x80, 0x00, 0x00, 0x54,
  0x21, 0x00, 0x00, 0xb0, 0x21, 0x38, 0x1c, 0x91, 0x79, 0x03, 0x00, 0x94, 0x28, 0x00, 0x80, 0x52,
  0xc8, 0x0e, 0x06, 0xb9, 0xff, 0x7f, 0x00, 0xa9, 0xdf, 0x16, 0x03, 0xf9, 0xdf, 0x12, 0x03, 0xf9,
  0xc8, 0x26, 0x18, 0x39, 0xc1, 0x22, 0x18, 0x91, 0xe0, 0x03, 0x15, 0xaa, 0x4f, 0x04, 0x00, 0x94,
  0x04, 0x04, 0x00, 0x94, 0x1f, 0x1c, 0x00, 0x72, 0xe0, 0x00, 0x00, 0x54, 0x8f, 0x03, 0x00, 0x94,
  0x1f, 0x1c, 0x00, 0x72, 0x80, 0x00, 0x00, 0x54, 0xac, 0x03, 0x00, 0x94, 0xe2, 0x03, 0x00, 0x94,
  0x8e, 0x03, 0x00, 0x94, 0xb5, 0x01, 0xf8, 0xb6, 0x92, 0xf0, 0xff, 0x97, 0x1f, 0x1c, 0x00, 0x72,
  0x00, 0x01, 0x00, 0x54, 0x87, 0x03, 0x00, 0x94, 0x1f, 0x1c, 0x00, 0x72, 0xa0, 0x00, 0x00, 0x54,
  0x21, 0x00, 0x00, 0xb0, 0x21, 0x14, 0x1b, 0x91, 0x01, 0x04, 0x00, 0x94, 0x9c, 0x03, 0x00, 0x94,
  0xc5, 0x03, 0x00, 0x94, 0x00, 0x02, 0xf8, 0xb7, 0x86, 0xf0, 0xff, 0x97, 0x1f, 0x1c, 0x00, 0x72,
  0xe0, 0x00, 0x00, 0x54, 0x79, 0x03, 0x00, 0x94, 0x1f, 0x1c, 0x00, 0x72, 0x80, 0x00, 0x00, 0x54,
  0x96, 0x03, 0x00, 0x94, 0xf6, 0x03, 0x00, 0x94, 0x78, 0x03, 0x00, 0x94, 0xe0, 0x1b, 0x40, 0xb9,
  0xf4, 0x4f, 0x44, 0xa9, 0xf6, 0x57, 0x43, 0xa9, 0xfe, 0x5f, 0x42, 0xa9, 0xff, 0x43, 0x01, 0x91,
  0xc0, 0x03, 0x5f, 0xd6, 0x81, 0x03, 0x00, 0x94, 0x1f, 0x1c, 0x00, 0x72, 0xe0, 0xfd, 0xff, 0x54,
  0x6c, 0x03, 0x00, 0x94, 0x1f, 0x1c, 0x00, 0x72, 0x80, 0xfd, 0xff, 0x54, 0xb5, 0x03, 0x00, 0x94,
  0xe7, 0x03, 0x00, 0x94, 0x46, 0x03, 0x00, 0x94, 0xe8, 0xff, 0xff, 0x17, 0x29, 0x00, 0x80, 0x52,
  0xdf, 0x12, 0x03, 0xf9, 0x2b, 0x00, 0x00, 0xd0, 0xc9, 0x26, 0x18, 0x39, 0xc9, 0x0e, 0x06, 0xb9,
  0x69, 0x1e, 0x40, 0x39, 0x6a, 0x1a, 0x40, 0x39, 0x6b, 0xa1, 0x1b, 0x91, 0xc0, 0x0a, 0x43, 0xf9,
  0x49, 0x21, 0x09, 0xaa, 0x1f, 0x01, 0x09, 0xeb, 0x69, 0x01, 0x40, 0xf9, 0xe2, 0x83, 0x88, 0x9a,
  0xc2, 0x16, 0x03, 0xf9, 0x28, 0xb1, 0x40, 0xf9, 0x00, 0x01, 0x3f, 0xd6, 0x5d, 0xf0, 0xff, 0x97,
  0x1f, 0x1c, 0x00, 0x72, 0x80, 0xf7, 0xff, 0x54, 0x59, 0x03, 0x00, 0x94, 0x1f, 0x1c, 0x00, 0x72,
  0x20, 0xf7, 0xff, 0x54, 0xc3, 0x16, 0x43, 0xf9, 0x21, 0x00, 0x00, 0xb0, 0x21, 0x40, 0x22, 0x91,
  0xa1, 0x03, 0x00, 0x94, 0xdc, 0x03, 0x00, 0x94, 0xb3, 0xff, 0xff, 0x17, 0xfe, 0x0f, 0x1e, 0xf8,
  0xf4, 0x4f, 0x01, 0xa9, 0xf3, 0x03, 0x01, 0x2a, 0xf4, 0x03, 0x00, 0xaa, 0x01, 0x80, 0x03, 0xb9,
  0x4c, 0xf0, 0xff, 0x97, 0x1f, 0x1c, 0x00, 0x72, 0x00, 0x02, 0x00, 0x54, 0x48, 0x03, 0x00, 0x94,
  0x1f, 0x1c, 0x00, 0x72, 0xa0, 0x01, 0x00, 0x54, 0xe0, 0x03, 0x14, 0xaa, 0xe1, 0x03, 0x13, 0x2a,
  0xd7, 0xf9, 0xff, 0x97, 0xf4, 0x4f, 0x41, 0xa9, 0xe3, 0x03, 0x00, 0xaa, 0x21, 0x00, 0x00, 0x90,
  0x21, 0xf0, 0x2d, 0x91, 0x22, 0x00, 0x00, 0x90, 0x42, 0xc0, 0x10, 0x91, 0x00, 0x08, 0x80, 0x52,
  0xfe, 0x07, 0x42, 0xf8, 0x38, 0xf0, 0xff, 0x17, 0xf4, 0x4f, 0x41, 0xa9, 0xfe, 0x07, 0x42, 0xf8,
  0xc0, 0x03, 0x5f, 0xd6, 0xfe, 0x4f, 0xbf, 0xa9, 0x40, 0x03, 0x00, 0x94, 0x1f, 0x1c, 0x00, 0x72,
  0xa0, 0x01, 0x00, 0x54, 0x32, 0x03, 0x00, 0x94, 0x1f, 0x1c, 0x00, 0x72, 0x40, 0x01, 0x00, 0x54,
  0x61, 0x82, 0x43, 0xb9, 0xe0, 0x03, 0x13, 0xaa, 0xc1, 0xf9, 0xff, 0x97, 0xe3, 0x03, 0x00, 0xaa,
  0x21, 0x00, 0x00, 0x90, 0x21, 0x6c, 0x2e, 0x91, 0x22, 0x00, 0x00, 0xb0, 0x42, 0x98, 0x17, 0x91,
  0xb1, 0x03, 0x00, 0x94, 0x60, 0x82, 0x43, 0xb9, 0xfe, 0x4f, 0xc1, 0xa8, 0xc0, 0x03, 0x5f, 0xd6,
  0x68, 0x08, 0x40, 0xb9, 0x1f, 0x09, 0x00, 0x71, 0xc0, 0x01, 0x00, 0x54, 0xfe, 0x4f, 0xbf, 0xa9,
  0xf3, 0x03, 0x03, 0xaa, 0x1f, 0xf0, 0xff, 0x97, 0x1f, 0x1c, 0x00, 0x72, 0x00, 0x01, 0x00, 0x54,
  0x57, 0x03, 0x00, 0x94, 0x1f, 0x1c, 0x00, 0x72, 0xa0, 0x00, 0x00, 0x54, 0x93, 0x03, 0x00, 0x94,
  0x22, 0x00, 0x00, 0xb0, 0x42, 0x94, 0x1c, 0x91, 0x7a, 0x03, 0x00, 0x94, 0xfe, 0x4f, 0xc1, 0xa8,
  0xa5, 0x03, 0x00, 0x14, 0x68, 0x08, 0x40, 0xb9, 0x1f, 0x09, 0x00, 0x71, 0xc0, 0x01, 0x00, 0x54,
  0xfe, 0x4f, 0xbf, 0xa9, 0xf3, 0x03, 0x03, 0xaa, 0x0e, 0xf0, 0xff, 0x97, 0x1f, 0x1c, 0x00, 0x72,
  0x00, 0x01, 0x00, 0x54, 0x46, 0x03, 0x00, 0x94, 0x1f, 0x1c, 0x00, 0x72, 0xa0, 0x00, 0x00, 0x54,
  0x82, 0x03, 0x00, 0x94, 0x02, 0x00, 0x00, 0xf0, 0x42, 0x5c, 0x0f, 0x91, 0x69, 0x03, 0x00, 0x94,
  0xfe, 0x4f, 0xc1, 0xa8, 0x94, 0x03, 0x00, 0x14, 0xfe, 0x4f, 0xbf, 0xa9, 0x0b, 0x03, 0x00, 0x94,
  0x1f, 0x1c, 0x00, 0x72, 0x20, 0x01, 0x00, 0x54, 0xfd, 0x02, 0x00, 0x94, 0x1f, 0x1c, 0x00, 0x72,
  0xc0, 0x00, 0x00, 0x54, 0x21, 0x00, 0x00, 0xb0, 0x21, 0x24, 0x10, 0x91, 0x02, 0x00, 0x00, 0xf0,
  0x42, 0x70, 0x2a, 0x91, 0x08, 0x03, 0x00, 0x94, 0xf3, 0x01, 0x00, 0xb4, 0x60, 0xb6, 0x41, 0xf9,
  0x61, 0x42, 0x12, 0x91, 0x7f, 0x56, 0x02, 0xf9, 0xa4, 0x03, 0x00, 0x94, 0xc0, 0x02, 0xf8, 0xb6,
  0xf0, 0xef, 0xff, 0x97, 0x1f, 0x1c, 0x00, 0x72, 0x60, 0x02, 0x00, 0x54, 0xe5, 0x02, 0x00, 0x94,
  0x1f, 0x1c, 0x00, 0x72, 0x00, 0x02, 0x00, 0x54, 0x21, 0x00, 0x00, 0xb0, 0x21, 0x80, 0x07, 0x91,
  0x08, 0x00, 0x00, 0x14, 0xe7, 0xef, 0xff, 0x97, 0x1f, 0x1c, 0x00, 0x72, 0x40, 0x01, 0x00, 0x54,
  0xdc, 0x02, 0x00, 0x94, 0x1f, 0x1c, 0x00, 0x72, 0xe0, 0x00, 0x00, 0x54, 0x55, 0x03, 0x00, 0x94,
  0x22, 0x00, 0x00, 0x90, 0x42, 0xd4, 0x0a, 0x91, 0x00, 0x00, 0xb0, 0x52, 0xfe, 0x4f, 0xc1, 0xa8,
  0xd9, 0xef, 0xff, 0x17, 0xfe, 0x4f, 0xc1, 0xa8, 0xc0, 0x03, 0x5f, 0xd6, 0xff, 0xc3, 0x00, 0xd1,
  0xfe, 0x57, 0x01, 0xa9, 0xf4, 0x4f, 0x02, 0xa9, 0xbb, 0x02, 0x00, 0x94, 0x1f, 0x1c, 0x00, 0x72,
  0xe0, 0x00, 0x00, 0x54, 0xc9, 0x02, 0x00, 0x94, 0x1f, 0x1c, 0x00, 0x72, 0x80, 0x00, 0x00, 0x54,
  0xe9, 0x02, 0x00, 0x94, 0x27, 0x03, 0x00, 0x94, 0xc8, 0x02, 0x00, 0x94, 0x53, 0x04, 0x00, 0xb4,
  0x34, 0x04, 0x00, 0xb4, 0xbf, 0x0a, 0x00, 0x71, 0x21, 0x05, 0x00, 0x54, 0x75, 0x03, 0x00, 0x94,
  0x60, 0x06, 0x00, 0x54, 0xc8, 0x09, 0x00, 0x35, 0xc7, 0x02, 0x00, 0x94, 0x10, 0xfc, 0xff, 0x97,
  0x60, 0x0d, 0xf8, 0xb6, 0x2b, 0x03, 0x00, 0x94, 0x1f, 0x1c, 0x00, 0x72, 0xe0, 0x00, 0x00, 0x54,
  0xb8, 0x02, 0x00, 0x94, 0x1f, 0x1c, 0x00, 0x72, 0x80, 0x00, 0x00, 0x54, 0x1e, 0x03, 0x00, 0x94,
  0x14, 0x03, 0x00, 0x94, 0xce, 0x02, 0x00, 0x94, 0x60, 0xb6, 0x41, 0xf9, 0x22, 0x00, 0x80, 0x52,
  0x81, 0x32, 0x40, 0x39, 0x91, 0x02, 0x00, 0x94, 0xa0, 0x0b, 0xf8, 0xb6, 0xbf, 0x02, 0x00, 0x94,
  0x1f, 0x1c, 0x00, 0x72, 0x40, 0x0b, 0x00, 0x54, 0xaa, 0x02, 0x00, 0x94, 0x1f, 0x1c, 0x00, 0x72,
  0xe0, 0x0a, 0x00, 0x54, 0xf3, 0x02, 0x00, 0x94, 0x06, 0x03, 0x00, 0x94, 0x84, 0x02, 0x00, 0x94,
  0x53, 0x00, 0x00, 0x14, 0xab, 0xef, 0xff, 0x97, 0x1f, 0x1c, 0x00, 0x72, 0x00, 0x0a, 0x00, 0x54,
  0xa0, 0x02, 0x00, 0x94, 0x1f, 0x1c, 0x00, 0x72, 0xa0, 0x09, 0x00, 0x54, 0x19, 0x03, 0x00, 0x94,
  0xc7, 0x02, 0x00, 0x94, 0xa0, 0xef, 0xff, 0x97, 0x49, 0x00, 0x00, 0x14, 0x21, 0x00, 0x00, 0x90,
  0x21, 0x78, 0x23, 0x91, 0x80, 0x02, 0x00, 0x94, 0x23, 0xad, 0x80, 0x52, 0x9a, 0xef, 0xff, 0x97,
  0x9b, 0xef, 0xff, 0x97, 0x1f, 0x1c, 0x00, 0x72, 0x20, 0x08, 0x00, 0x54, 0x67, 0x02, 0x00, 0x94,
  0x21, 0xad, 0x80, 0x52, 0x95, 0xef, 0xff, 0x97, 0x3d, 0x00, 0x00, 0x14, 0x95, 0xef, 0xff, 0x97,
  0x1f, 0x1c, 0x00, 0x72, 0x00, 0x01, 0x00, 0x54, 0x91, 0x02, 0x00, 0x94, 0x1f, 0x1c, 0x00, 0x72,
  0xa0, 0x00, 0x00, 0x54, 0x21, 0x00, 0x00, 0x90, 0x21, 0x3c, 0x0a, 0x91, 0xe5, 0x02, 0x00, 0x94,
  0x9d, 0x02, 0x00, 0x94, 0xbf, 0x02, 0x00, 0x94, 0x22, 0x00, 0x80, 0x52, 0x63, 0x00, 0x80, 0x52,
  0x3b, 0x00, 0x00, 0x94, 0x28, 0x03, 0x00, 0x94, 0x21, 0x03, 0x00, 0x54, 0x88, 0x02, 0x40, 0xf9,
  0x69, 0x56, 0x42, 0xf9, 0x28, 0x01, 0x08, 0x8b, 0x68, 0x56, 0x02, 0xf9, 0x80, 0xef, 0xff, 0x97,
  0x1f, 0x1c, 0x00, 0x72, 0x80, 0x00, 0x00, 0x54, 0x68, 0xc2, 0x07, 0xd1, 0x82, 0x02, 0x00, 0x94,
  0x61, 0x03, 0x00, 0x54, 0x60, 0xc2, 0x07, 0xd1, 0x1d, 0x00, 0x00, 0x14, 0x79, 0xef, 0xff, 0x97,
  0x1f, 0x1c, 0x00, 0x72, 0xc0, 0x03, 0x00, 0x54, 0x6e, 0x02, 0x00, 0x94, 0x1f, 0x1c, 0x00, 0x72,
  0x60, 0x03, 0x00, 0x54, 0x1a, 0x03, 0x00, 0x94, 0x95, 0x02, 0x00, 0x94, 0xc1, 0x02, 0x00, 0x94,
  0xe8, 0x03, 0x88, 0x1a, 0xa8, 0x02, 0x00, 0x94, 0x15, 0x00, 0x00, 0x14, 0x6d, 0xef, 0xff, 0x97,
  0x1f, 0x1c, 0x00, 0x72, 0x00, 0x01, 0x00, 0x54, 0x62, 0x02, 0x00, 0x94, 0x1f, 0x1c, 0x00, 0x72,
  0xa0, 0x00, 0x00, 0x54, 0x01, 0x00, 0x00, 0xf0, 0x21, 0xd0, 0x1a, 0x91, 0x88, 0x02, 0x00, 0x94,
  0x61, 0xef, 0xff, 0x97, 0x20, 0x00, 0x80, 0x52, 0x06, 0x00, 0x00, 0x14, 0x6d, 0x02, 0x00, 0x94,
  0x81, 0xb1, 0x80, 0x52, 0x5d, 0xef, 0xff, 0x97, 0xe0, 0x03, 0x13, 0xaa, 0xfb, 0x03, 0x00, 0x94,
  0xe0, 0x0f, 0x00, 0xb9, 0x7f, 0x96, 0x04, 0xb9, 0x7f, 0x56, 0x02, 0xf9, 0x59, 0xef, 0xff, 0x97,
  0x1f, 0x1c, 0x00, 0x72, 0xe0, 0x00, 0x00, 0x54, 0x4c, 0x02, 0x00, 0x94, 0x1f, 0x1c, 0x00, 0x72,
  0x80, 0x00, 0x00, 0x54, 0x69, 0x02, 0x00, 0x94, 0xaa, 0x02, 0x00, 0x94, 0x4b, 0x02, 0x00, 0x94,
  0xf4, 0x02, 0x00, 0x94, 0xfe, 0x57, 0x41, 0xa9, 0x85, 0x02, 0x00, 0x14, 0xfe, 0x0f, 0x1d, 0xf8,
  0xf6, 0x57, 0x01, 0xa9, 0xf4, 0x4f, 0x02, 0xa9, 0xf5, 0x03, 0x03, 0x2a, 0xf6, 0x03, 0x02, 0x2a,
  0xf3, 0x03, 0x01, 0xaa, 0x76, 0x02, 0x00, 0x94, 0x1f, 0x1c, 0x00, 0x72, 0xe0, 0x00, 0x00, 0x54,
  0x3a, 0x02, 0x00, 0x94, 0x1f, 0x1c, 0x00, 0x72, 0x80, 0x00, 0x00, 0x54, 0x5a, 0x02, 0x00, 0x94,
  0xc3, 0x02, 0x00, 0x94, 0x39, 0x02, 0x00, 0x94, 0x68, 0x32, 0x40, 0x39, 0x1f, 0x01, 0x36, 0x6b,
  0xc1, 0x02, 0x00, 0x54, 0xe9, 0x03, 0x15, 0x2a, 0x2a, 0x00, 0x00, 0xb0, 0x4a, 0xa9, 0x30, 0x91,
  0x68, 0x0e, 0x40, 0xf9, 0x8b, 0x00, 0x00, 0x10, 0x4c, 0x69, 0x69, 0x38, 0x6b, 0x09, 0x0c, 0x8b,
  0x60, 0x01, 0x1f, 0xd6, 0x89, 0x12, 0x42, 0xf9, 0x1f, 0x01, 0x09, 0xeb, 0x00, 0x0a, 0x00, 0x54,
  0x30, 0xef, 0xff, 0x97, 0x1f, 0x1c, 0x00, 0x72, 0xa0, 0x09, 0x00, 0x54, 0x68, 0x02, 0x00, 0x94,
  0x1f, 0x1c, 0x00, 0x72, 0x40, 0x09, 0x00, 0x54, 0x83, 0x12, 0x42, 0xf9, 0x01, 0x00, 0x00, 0xf0,
  0x21, 0xf8, 0x2a, 0x91, 0x2d, 0x00, 0x00, 0x14, 0x26, 0xef, 0xff, 0x97, 0x1f, 0x1c, 0x00, 0x72,
  0x60, 0x08, 0x00, 0x54, 0x19, 0x02, 0x00, 0x94, 0x1f, 0x1c, 0x00, 0x72, 0x00, 0x08, 0x00, 0x54,
  0x68, 0x12, 0x40, 0xb9, 0x21, 0x00, 0x00, 0x90, 0x21, 0xf4, 0x2f, 0x91, 0x69, 0x32, 0x40, 0x39,
  0x9f, 0x02, 0x00, 0x94, 0x00, 0x08, 0xa0, 0x52, 0x6a, 0x02, 0x00, 0x94, 0xe8, 0x03, 0x88, 0x1a,
  0x51, 0x02, 0x00, 0x94, 0x36, 0x00, 0x00, 0x14, 0x89, 0x62, 0x42, 0xf9, 0x1f, 0x01, 0x09, 0xeb,
  0x60, 0x06, 0x00, 0x54, 0x13, 0xef, 0xff, 0x97, 0x1f, 0x1c, 0x00, 0x72, 0x00, 0x06, 0x00, 0x54,
  0x4b, 0x02, 0x00, 0x94, 0x1f, 0x1c, 0x00, 0x72, 0xa0, 0x05, 0x00, 0x54, 0x83, 0x62, 0x42, 0xf9,
  0x21, 0x00, 0x00, 0xb0, 0x21, 0x18, 0x23, 0x91, 0x10, 0x00, 0x00, 0x14, 0x89, 0x26, 0x42, 0xf9,
  0x8a, 0x2e, 0x42, 0xf9, 0x14, 0x00, 0x00, 0x14, 0x89, 0x4e, 0x42, 0xf9, 0x1f, 0x01, 0x09, 0xeb,
  0x60, 0x04, 0x00, 0x54, 0x03, 0xef, 0xff, 0x97, 0x1f, 0x1c, 0x00, 0x72, 0x00, 0x04, 0x00, 0x54,
  0x3b, 0x02, 0x00, 0x94, 0x1f, 0x1c, 0x00, 0x72, 0xa0, 0x03, 0x00, 0x54, 0x83, 0x4e, 0x42, 0xf9,
  0x01, 0x00, 0x00, 0xf0, 0x21, 0x38, 0x33, 0x91, 0x64, 0x0e, 0x40, 0xf9, 0x7c, 0x02, 0x00, 0x94,
  0x40, 0x00, 0x80, 0x52, 0xf4, 0xee, 0xff, 0x97, 0x15, 0x00, 0x00, 0x14, 0x89, 0x3a, 0x42, 0xf9,
  0x8a, 0x42, 0x42, 0xf9, 0x29, 0x01, 0x0a, 0x8b, 0x1f, 0x01, 0x09, 0xeb, 0x00, 0x02, 0x00, 0x54,
  0xf0, 0xee, 0xff, 0x97, 0x1f, 0x1c, 0x00, 0x72, 0xa0, 0x01, 0x00, 0x54, 0x28, 0x02, 0x00, 0x94,
  0x1f, 0x1c, 0x00, 0x72, 0x40, 0x01, 0x00, 0x54, 0x63, 0x32, 0x40, 0x39, 0x21, 0x00, 0x00, 0x90,
  0x21, 0xa4, 0x11, 0x91, 0x64, 0x12, 0x40, 0xb9, 0x85, 0x26, 0x42, 0xf9, 0x68, 0x02, 0x00, 0x94,
  0x66, 0x0e, 0x40, 0xf9, 0x40, 0x00, 0x80, 0x52, 0xdf, 0xee, 0xff, 0x97, 0xe1, 0xee, 0xff, 0x97,
  0x1f, 0x1c, 0x00, 0x72, 0x60, 0x01, 0x00, 0x54, 0xd4, 0x01, 0x00, 0x94, 0x1f, 0x1c, 0x00, 0x72,
  0x00, 0x01, 0x00, 0x54, 0xf4, 0x4f, 0x42, 0xa9, 0xf0, 0x01, 0x00, 0x94, 0xf6, 0x57, 0x41, 0xa9,
  0x5b, 0x02, 0x00, 0x94, 0x00, 0x08, 0xa0, 0x52, 0xfe, 0x07, 0x43, 0xf8, 0xd2, 0xee, 0xff, 0x17,
  0xf4, 0x4f, 0x42, 0xa9, 0xf6, 0x57, 0x41, 0xa9, 0xfe, 0x07, 0x43, 0xf8, 0xc0, 0x03, 0x5f, 0xd6,
  0xfe, 0x0f, 0x1e, 0xf8, 0xf4, 0x4f, 0x01, 0xa9, 0x68, 0x01, 0x80, 0x52, 0xf4, 0x03, 0x03, 0xaa,
  0xbf, 0x01, 0x00, 0x94, 0x1f, 0x1c, 0x00, 0x72, 0xe0, 0x00, 0x00, 0x54, 0xbf, 0x01, 0x00, 0x94,
  0x1f, 0x1c, 0x00, 0x72, 0x80, 0x00, 0x00, 0x54, 0xdf, 0x01, 0x00, 0x94, 0x23, 0x02, 0x00, 0x94,
  0xbe, 0x01, 0x00, 0x94, 0xb3, 0x03, 0x00, 0xb4, 0x94, 0x03, 0x00, 0xb4, 0x6d, 0x02, 0x00, 0x94,
  0x80, 0x04, 0x00, 0x54, 0x68, 0x05, 0x00, 0x35, 0xbf, 0x01, 0x00, 0x94, 0xde, 0xfb, 0xff, 0x97,
  0x40, 0x08, 0xf8, 0xb6, 0xea, 0x01, 0x00, 0x94, 0x1f, 0x1c, 0x00, 0x72, 0xe0, 0x00, 0x00, 0x54,
  0xb0, 0x01, 0x00, 0x94, 0x1f, 0x1c, 0x00, 0x72, 0x80, 0x00, 0x00, 0x54, 0x16, 0x02, 0x00, 0x94,
  0x12, 0x02, 0x00, 0x94, 0xaf, 0x01, 0x00, 0x94, 0x7a, 0x01, 0x00, 0x94, 0xe0, 0x06, 0xf8, 0xb6,
  0xba, 0x01, 0x00, 0x94, 0x1f, 0x1c, 0x00, 0x72, 0x80, 0x06, 0x00, 0x54, 0xa5, 0x01, 0x00, 0x94,
  0x1f, 0x1c, 0x00, 0x72, 0x20, 0x06, 0x00, 0x54, 0xee, 0x01, 0x00, 0x94, 0x07, 0x02, 0x00, 0x94,
  0x7f, 0x01, 0x00, 0x94, 0x2d, 0x00, 0x00, 0x14, 0xa6, 0xee, 0xff, 0x97, 0x1f, 0x1c, 0x00, 0x72,
  0x40, 0x05, 0x00, 0x54, 0x9b, 0x01, 0x00, 0x94, 0x1f, 0x1c, 0x00, 0x72, 0xe0, 0x04, 0x00, 0x54,
  0x14, 0x02, 0x00, 0x94, 0xc6, 0x01, 0x00, 0x94, 0x9b, 0xee, 0xff, 0x97, 0x23, 0x00, 0x00, 0x14,
  0xd0, 0x01, 0x00, 0x94, 0x22, 0x00, 0x80, 0x52, 0x83, 0x00, 0x80, 0x52, 0x4c, 0xff, 0xff, 0x97,
  0x39, 0x02, 0x00, 0x94, 0xe1, 0x01, 0x00, 0x54, 0xa8, 0x00, 0x80, 0x52, 0x18, 0x00, 0x00, 0x14,
  0x94, 0xee, 0xff, 0x97, 0x1f, 0x1c, 0x00, 0x72, 0x00, 0x03, 0x00, 0x54, 0x89, 0x01, 0x00, 0x94,
  0x1f, 0x1c, 0x00, 0x72, 0xa0, 0x02, 0x00, 0x54, 0xe1, 0x01, 0x00, 0x94, 0xb4, 0x01, 0x00, 0x94,
  0xdc, 0x01, 0x00, 0x94, 0xe8, 0x03, 0x88, 0x1a, 0xc3, 0x01, 0x00, 0x94, 0x0f, 0x00, 0x00, 0x14,
  0x88, 0xee, 0xff, 0x97, 0x1f, 0x1c, 0x00, 0x72, 0x00, 0x01, 0x00, 0x54, 0x7d, 0x01, 0x00, 0x94,
  0x1f, 0x1c, 0x00, 0x72, 0xa0, 0x00, 0x00, 0x54, 0x21, 0x00, 0x00, 0x90, 0x21, 0x8c, 0x20, 0x91,
  0xa7, 0x01, 0x00, 0x94, 0x7c, 0xee, 0xff, 0x97, 0x28, 0x00, 0x80, 0x52, 0xe8, 0x0f, 0x00, 0xb9,
  0x7f, 0xbe, 0x04, 0xb9, 0x7f, 0x6a, 0x02, 0xf9, 0x7a, 0xee, 0xff, 0x97, 0x1f, 0x1c, 0x00, 0x72,
  0xe0, 0x00, 0x00, 0x54, 0x6d, 0x01, 0x00, 0x94, 0x1f, 0x1c, 0x00, 0x72, 0x80, 0x00, 0x00, 0x54,
  0x8a, 0x01, 0x00, 0x94, 0xd1, 0x01, 0x00, 0x94, 0x6c, 0x01, 0x00, 0x94, 0xe0, 0x0f, 0x40, 0xb9,
  0xf4, 0x4f, 0x41, 0xa9, 0xfe, 0x07, 0x42, 0xf8, 0xc0, 0x03, 0x5f, 0xd6, 0xff, 0xc3, 0x00, 0xd1,
  0xfe, 0x57, 0x01, 0xa9, 0xf4, 0x4f, 0x02, 0xa9, 0x68, 0x01, 0x80, 0x52, 0xf4, 0x03, 0x03, 0xaa,
  0x5b, 0x01, 0x00, 0x94, 0x1f, 0x1c, 0x00, 0x72, 0xe0, 0x00, 0x00, 0x54, 0x5b, 0x01, 0x00, 0x94,
  0x1f, 0x1c, 0x00, 0x72, 0x80, 0x00, 0x00, 0x54, 0x7b, 0x01, 0x00, 0x94, 0x92, 0x01, 0x00, 0x94,
  0x5a, 0x01, 0x00, 0x94, 0x5f, 0xee, 0xff, 0x97, 0xb3, 0x04, 0x00, 0xb4, 0x94, 0x04, 0x00, 0xb4,
  0x1f, 0x1c, 0x00, 0x72, 0xe0, 0x00, 0x00, 0x54, 0x50, 0x01, 0x00, 0x94, 0x1f, 0x1c, 0x00, 0x72,
  0x80, 0x00, 0x00, 0x54, 0xc5, 0x01, 0x00, 0x94, 0x87, 0x01, 0x00, 0x94, 0x9c, 0x01, 0x00, 0x94,
  0x00, 0x02, 0x00, 0x94, 0x60, 0x04, 0x00, 0x54, 0x88, 0x05, 0x00, 0x35, 0x52, 0x01, 0x00, 0x94,
  0x71, 0xfb, 0xff, 0x97, 0x40, 0x0e, 0xf8, 0xb6, 0x7d, 0x01, 0x00, 0x94, 0x1f, 0x1c, 0x00, 0x72,
  0xe0, 0x00, 0x00, 0x54, 0x43, 0x01, 0x00, 0x94, 0x1f, 0x1c, 0x00, 0x72, 0x80, 0x00, 0x00, 0x54,
  0xa9, 0x01, 0x00, 0x94, 0x78, 0x01, 0x00, 0x94, 0x42, 0x01, 0x00, 0x94, 0x0d, 0x01, 0x00, 0x94,
  0xe0, 0x0c, 0xf8, 0xb6, 0x4d, 0x01, 0x00, 0x94, 0x1f, 0x1c, 0x00, 0x72, 0x80, 0x0c, 0x00, 0x54,
  0x38, 0x01, 0x00, 0x94, 0x1f, 0x1c, 0x00, 0x72, 0x20, 0x0c, 0x00, 0x54, 0x81, 0x01, 0x00, 0x94,
  0x6d, 0x01, 0x00, 0x94, 0x12, 0x01, 0x00, 0x94, 0x5d, 0x00, 0x00, 0x14, 0x1f, 0x1c, 0x00, 0x72,
  0x60, 0x0b, 0x00, 0x54, 0x2f, 0x01, 0x00, 0x94, 0x1f, 0x1c, 0x00, 0x72, 0x00, 0x0b, 0x00, 0x54,
  0xa8, 0x01, 0x00, 0x94, 0x4f, 0x01, 0x00, 0x94, 0x2f, 0xee, 0xff, 0x97, 0x54, 0x00, 0x00, 0x14,
  0xd1, 0x01, 0x00, 0x94, 0xa1, 0x02, 0x00, 0x54, 0x2d, 0xee, 0xff, 0x97, 0x1f, 0x1c, 0x00, 0x72,
  0x80, 0x00, 0x00, 0x54, 0x68, 0xc2, 0x07, 0xd1, 0x2f, 0x01, 0x00, 0x94, 0x81, 0x03, 0x00, 0x54,
  0x75, 0xc2, 0x07, 0xd1, 0x1e, 0x00, 0x00, 0x14, 0x26, 0xee, 0xff, 0x97, 0x1f, 0x1c, 0x00, 0x72,
  0xe0, 0x08, 0x00, 0x54, 0x1b, 0x01, 0x00, 0x94, 0x1f, 0x1c, 0x00, 0x72, 0x80, 0x08, 0x00, 0x54,
  0x73, 0x01, 0x00, 0x94, 0x3b, 0x01, 0x00, 0x94, 0x6e, 0x01, 0x00, 0x94, 0xe8, 0x03, 0x88, 0x1a,
  0x55, 0x01, 0x00, 0x94, 0x3e, 0x00, 0x00, 0x14, 0x1a, 0xee, 0xff, 0x97, 0x1f, 0x1c, 0x00, 0x72,
  0x00, 0x01, 0x00, 0x54, 0x0f, 0x01, 0x00, 0x94, 0x1f, 0x1c, 0x00, 0x72, 0xa0, 0x00, 0x00, 0x54,
  0x01, 0x00, 0x00, 0xf0, 0x21, 0xdc, 0x0f, 0x91, 0x2e, 0x01, 0x00, 0x94, 0x0e, 0xee, 0xff, 0x97,
  0x28, 0x00, 0x80, 0x52, 0xe8, 0x0f, 0x00, 0xb9, 0x31, 0x00, 0x00, 0x14, 0x19, 0x01, 0x00, 0x94,
  0xa1, 0xc1, 0x80, 0x52, 0x09, 0xee, 0xff, 0x97, 0xf5, 0x03, 0x13, 0xaa, 0x3d, 0x01, 0x00, 0x94,
  0x22, 0x00, 0x80, 0x52, 0x23, 0x00, 0x80, 0x52, 0xb9, 0xfe, 0xff, 0x97, 0x7f, 0x6e, 0x04, 0xb9,
  0x88, 0x02, 0x40, 0xf9, 0x69, 0x42, 0x42, 0xf9, 0x6a, 0x8a, 0x44, 0xb9, 0x28, 0x01, 0x08, 0x8b,
  0x54, 0x01, 0x08, 0x4b, 0x68, 0x42, 0x02, 0xf9, 0xfe, 0xed, 0xff, 0x97, 0x1f, 0x1c, 0x00, 0x72,
  0x34, 0x02, 0x00, 0x34, 0x00, 0x01, 0x00, 0x54, 0xf9, 0x00, 0x00, 0x94, 0x1f, 0x1c, 0x00, 0x72,
  0xa0, 0x00, 0x00, 0x54, 0x21, 0x00, 0x00, 0xb0, 0x21, 0xe4, 0x1d, 0x91, 0x26, 0x01, 0x00, 0x94,
  0x7f, 0x01, 0x00, 0x94, 0x60, 0xb6, 0x41, 0xf9, 0x61, 0xa2, 0x11, 0x91, 0xa3, 0x01, 0x00, 0x94,
  0xe0, 0x03, 0xf8, 0xb7, 0xe0, 0x03, 0x15, 0xaa, 0x21, 0x00, 0x80, 0x52, 0xe2, 0x03, 0x14, 0x2a,
  0x0d, 0x00, 0x00, 0x14, 0x00, 0x01, 0x00, 0x54, 0xe9, 0x00, 0x00, 0x94, 0x1f, 0x1c, 0x00, 0x72,
  0xa0, 0x00, 0x00, 0x54, 0x21, 0x00, 0x00, 0x90, 0x21, 0x10, 0x11, 0x91, 0x16, 0x01, 0x00, 0x94,
  0xf5, 0x00, 0x00, 0x94, 0x7f, 0x42, 0x02, 0xf9, 0xe0, 0x03, 0x15, 0xaa, 0xe1, 0x03, 0x1f, 0x2a,
  0xe2, 0x03, 0x1f, 0x2a, 0xfa, 0x06, 0x00, 0x94, 0xe0, 0x0f, 0x00, 0xb9, 0xdd, 0xed, 0xff, 0x97,
  0x1f, 0x1c, 0x00, 0x72, 0xe0, 0x00, 0x00, 0x54, 0xd0, 0x00, 0x00, 0x94, 0x1f, 0x1c, 0x00, 0x72,
  0x80, 0x00, 0x00, 0x54, 0xed, 0x00, 0x00, 0x94, 0x07, 0x01, 0x00, 0x94, 0xcf, 0x00, 0x00, 0x94,
  0x78, 0x01, 0x00, 0x94, 0xfe, 0x57, 0x41, 0xa9, 0x09, 0x01, 0x00, 0x14, 0xdb, 0x00, 0x00, 0x94,
  0x1f, 0x1c, 0x00, 0x72, 0x00, 0xfc, 0xff, 0x54, 0x09, 0x01, 0x00, 0x94, 0x1f, 0x1c, 0x00, 0x72,
  0xa0, 0xfb, 0xff, 0x54, 0x21, 0x00, 0x00, 0xb0, 0x21, 0xec, 0x17, 0x91, 0xfa, 0x00, 0x00, 0x94,
  0x40, 0x00, 0x80, 0x52, 0xe3, 0x03, 0x13, 0xaa, 0xc3, 0xed, 0xff, 0x97, 0xd6, 0xff, 0xff, 0x17,
  0xff, 0xc3, 0x00, 0xd1, 0xfe, 0x57, 0x01, 0xa9, 0xf4, 0x4f, 0x02, 0xa9, 0x68, 0x01, 0x80, 0x52,
  0xf4, 0x03, 0x03, 0xaa, 0xb2, 0x00, 0x00, 0x94, 0x13, 0x05, 0x00, 0xb4, 0xf4, 0x04, 0x00, 0xb4,
  0x1f, 0x1c, 0x00, 0x72, 0xe0, 0x00, 0x00, 0x54, 0xb0, 0x00, 0x00, 0x94, 0x1f, 0x1c, 0x00, 0x72,
  0x80, 0x00, 0x00, 0x54, 0x25, 0x01, 0x00, 0x94, 0x11, 0x01, 0x00, 0x94, 0xfc, 0x00, 0x00, 0x94,
  0x60, 0x01, 0x00, 0x94, 0xc0, 0x04, 0x00, 0x54, 0xe8, 0x05, 0x00, 0x35, 0xb2, 0x00, 0x00, 0x94,
  0xfb, 0xf9, 0xff, 0x97, 0x80, 0x0e, 0xf8, 0xb6, 0x16, 0x01, 0x00, 0x94, 0x1f, 0x1c, 0x00, 0x72,
  0xe0, 0x00, 0x00, 0x54, 0xa3, 0x00, 0x00, 0x94, 0x1f, 0x1c, 0x00, 0x72, 0x80, 0x00, 0x00, 0x54,
  0x09, 0x01, 0x00, 0x94, 0x02, 0x01, 0x00, 0x94, 0xb9, 0x00, 0x00, 0x94, 0x60, 0xb6, 0x41, 0xf9,
  0x22, 0x00, 0x80, 0x52, 0x81, 0x32, 0x40, 0x39, 0x7c, 0x00, 0x00, 0x94, 0xc0, 0x0c, 0xf8, 0xb6,
  0xaa, 0x00, 0x00, 0x94, 0x1f, 0x1c, 0x00, 0x72, 0x60, 0x0c, 0x00, 0x54, 0x95, 0x00, 0x00, 0x94,
  0x1f, 0x1c, 0x00, 0x72, 0x00, 0x0c, 0x00, 0x54, 0xde, 0x00, 0x00, 0x94, 0xf4, 0x00, 0x00, 0x94,
  0x6f, 0x00, 0x00, 0x94, 0x5c, 0x00, 0x00, 0x14, 0x1f, 0x1c, 0x00, 0x72, 0x40, 0x0b, 0x00, 0x54,
  0x8c, 0x00, 0x00, 0x94, 0x1f, 0x1c, 0x00, 0x72, 0xe0, 0x0a, 0x00, 0x54, 0x05, 0x01, 0x00, 0x94,
  0xbb, 0x00, 0x00, 0x94, 0x8c, 0xed, 0xff, 0x97, 0x53, 0x00, 0x00, 0x14, 0x2e, 0x01, 0x00, 0x94,
  0xa1, 0x02, 0x00, 0x54, 0x8a, 0xed, 0xff, 0x97, 0x1f, 0x1c, 0x00, 0x72, 0x80, 0x00, 0x00, 0x54,
  0x68, 0xc2, 0x07, 0xd1, 0x8c, 0x00, 0x00, 0x94, 0x81, 0x03, 0x00, 0x54, 0x75, 0xc2, 0x07, 0xd1,
  0x1e, 0x00, 0x00, 0x14, 0x83, 0xed, 0xff, 0x97, 0x1f, 0x1c, 0x00, 0x72, 0xc0, 0x08, 0x00, 0x54,
  0x78, 0x00, 0x00, 0x94, 0x1f, 0x1c, 0x00, 0x72, 0x60, 0x08, 0x00, 0x54, 0x24, 0x01, 0x00, 0x94,
  0xa7, 0x00, 0x00, 0x94, 0xcb, 0x00, 0x00, 0x94, 0xe8, 0x03, 0x88, 0x1a, 0xb2, 0x00, 0x00, 0x94,
  0x3d, 0x00, 0x00, 0x14, 0x77, 0xed, 0xff, 0x97, 0x1f, 0x1c, 0x00, 0x72, 0x00, 0x01, 0x00, 0x54,
  0x6c, 0x00, 0x00, 0x94, 0x1f, 0x1c, 0x00, 0x72, 0xa0, 0x00, 0x00, 0x54, 0x21, 0x00, 0x00, 0x90,
  0x21, 0x50, 0x3c, 0x91, 0x9a, 0x00, 0x00, 0x94, 0x6b, 0xed, 0xff, 0x97, 0x28, 0x00, 0x80, 0x52,
  0xe8, 0x0f, 0x00, 0xb9, 0x30, 0x00, 0x00, 0x14, 0x76, 0x00, 0x00, 0x94, 0xc1, 0xcb, 0x80, 0x52,
  0x66, 0xed, 0xff, 0x97, 0xf5, 0x03, 0x13, 0xaa, 0x9a, 0x00, 0x00, 0x94, 0x22, 0x00, 0x80, 0x52,
  0x43, 0x00, 0x80, 0x52, 0x16, 0xfe, 0xff, 0x97, 0x7f, 0x46, 0x04, 0xb9, 0x88, 0x02, 0x40, 0xf9,
  0x69, 0x2e, 0x42, 0xf9, 0x6a, 0x62, 0x44, 0xb9, 0x28, 0x01, 0x08, 0x8b, 0x54, 0x01, 0x08, 0x4b,
  0x68, 0x2e, 0x02, 0xf9, 0x5b, 0xed, 0xff, 0x97, 0x1f, 0x1c, 0x00, 0x72, 0x54, 0x02, 0x00, 0x34,
  0x00, 0x01, 0x00, 0x54, 0x56, 0x00, 0x00, 0x94, 0x1f, 0x1c, 0x00, 0x72, 0xa0, 0x00, 0x00, 0x54,
  0x01, 0x00, 0x00, 0xf0, 0x21, 0x00, 0x2a, 0x91, 0xad, 0x00, 0x00, 0x94, 0xdc, 0x00, 0x00, 0x94,
  0x60, 0xb6, 0x41, 0xf9, 0x61, 0x02, 0x11, 0x91, 0x00, 0x01, 0x00, 0x94, 0x40, 0x02, 0xf8, 0xb6,
  0xe0, 0x03, 0x15, 0xaa, 0x21, 0x00, 0x80, 0x52, 0xe2, 0x03, 0x14, 0x2a, 0x64, 0x06, 0x00, 0x94,
  0x0c, 0x00, 0x00, 0x14, 0x00, 0x01, 0x00, 0x54, 0x45, 0x00, 0x00, 0x94, 0x1f, 0x1c, 0x00, 0x72,
  0xa0, 0x00, 0x00, 0x54, 0x21, 0x00, 0x00, 0x90, 0x21, 0x28, 0x39, 0x91, 0x9c, 0x00, 0x00, 0x94,
  0x51, 0x00, 0x00, 0x94, 0xe0, 0x03, 0x15, 0xaa, 0xd6, 0x06, 0x00, 0x94, 0x7f, 0x2e, 0x02, 0xf9,
  0xe0, 0x0f, 0x00, 0xb9, 0xdf, 0x00, 0x00, 0x94, 0xfe, 0x57, 0x41, 0xa9, 0x70, 0x00, 0x00, 0x14,
  0x60, 0xb6, 0x41, 0xf9, 0xe1, 0x03, 0x1f, 0x2a, 0xe2, 0x03, 0x1f, 0x2a, 0x23, 0x00, 0x80, 0x52,
  0x08, 0x20, 0x40, 0xf9, 0x00, 0x01, 0x1f, 0xd6, 0x20, 0x00, 0x00, 0xb0, 0x00, 0x20, 0x20, 0x91,
  0x22, 0x00, 0x00, 0x90, 0x42, 0x80, 0x37, 0x91, 0xc0, 0x03, 0x5f, 0xd6, 0x22, 0x00, 0x00, 0x90,
  0x42, 0xec, 0x39, 0x91, 0x00, 0x08, 0x80, 0x52, 0x27, 0xed, 0xff, 0x17, 0x00, 0x00, 0xb0, 0x52,
  0xe3, 0x03, 0x13, 0xaa, 0x24, 0xed, 0xff, 0x17, 0x23, 0x00, 0x80, 0x52, 0x08, 0x20, 0x40, 0xf9,
  0x00, 0x01, 0x1f, 0xd6, 0x22, 0x00, 0x00, 0x90, 0x42, 0x8c, 0x0a, 0x91, 0x00, 0x08, 0xa0, 0x52,
  0xc0, 0x03, 0x5f, 0xd6, 0x22, 0x00, 0x00, 0xb0, 0x42, 0x20, 0x20, 0x91, 0x00, 0x00, 0xb0, 0x52,
  0xc0, 0x03, 0x5f, 0xd6, 0x68, 0x01, 0x80, 0x52, 0xf4, 0x03, 0x03, 0xaa, 0xf5, 0x03, 0x01, 0x2a,
  0xf3, 0x03, 0x00, 0xaa, 0xe8, 0x0f, 0x00, 0xb9, 0x16, 0xed, 0xff, 0x17, 0x02, 0x00, 0x00, 0xf0,
  0x42, 0x94, 0x3c, 0x91, 0x00, 0x08, 0xa0, 0x52, 0x0f, 0xed, 0xff, 0x17, 0x22, 0x00, 0x00, 0x90,
  0x42, 0x20, 0x2a, 0x91, 0x00, 0x08, 0xa0, 0x52, 0x0b, 0xed, 0xff, 0x17, 0xf3, 0x03, 0x00, 0xaa,
  0xe8, 0x0f, 0x00, 0xb9, 0x0b, 0xed, 0xff, 0x17, 0x00, 0x08, 0xa0, 0x52, 0x0a, 0xed, 0xff, 0x17,
  0x00, 0x00, 0xb0, 0x52, 0x08, 0xed, 0xff, 0x17, 0x00, 0x08, 0xa0, 0x52, 0x02, 0xed, 0xff, 0x17,
  0x00, 0x00, 0xb0, 0x52, 0xe3, 0x03, 0x14, 0xaa, 0xff, 0xec, 0xff, 0x17, 0x00, 0x08, 0x80, 0x52,
  0x01, 0xed, 0xff, 0x17, 0xe2, 0x33, 0x00, 0x91, 0xe0, 0x03, 0x13, 0xaa, 0xe1, 0x03, 0x14, 0xaa,
  0xc0, 0x03, 0x5f, 0xd6, 0xa9, 0x6e, 0x8e, 0x52, 0x49, 0xac, 0xad, 0x72, 0x08, 0x01, 0x40, 0xf9,
  0x1f, 0x01, 0x09, 0xeb, 0xc0, 0x03, 0x5f, 0xd6, 0xf3, 0x03, 0x00, 0xaa, 0xf5, 0xec, 0xff, 0x17,
  0x20, 0x00, 0x00, 0xb0, 0x00, 0x20, 0x20, 0x91, 0x22, 0x00, 0x00, 0x90, 0x42, 0x4c, 0x1a, 0x91,
  0xc0, 0x03, 0x5f, 0xd6, 0x00, 0x08, 0x80, 0x52, 0xeb, 0xec, 0xff, 0x17, 0x00, 0x00, 0xb0, 0x52,
  0xe3, 0x03, 0x15, 0xaa, 0xe8, 0xec, 0xff, 0x17, 0x01, 0x00, 0x00, 0xf0, 0x21, 0x2c, 0x19, 0x91,
  0xc0, 0x03, 0x5f, 0xd6, 0x21, 0x00, 0x00, 0x90, 0x21, 0x64, 0x28, 0x91, 0xc0, 0x03, 0x5f, 0xd6,
  0x02, 0x00, 0x00, 0xf0, 0x42, 0x08, 0x0a, 0x91, 0x00, 0x00, 0xb0, 0x52, 0xc0, 0x03, 0x5f, 0xd6,
  0x22, 0x00, 0x00, 0x90, 0x42, 0x8c, 0x0a, 0x91, 0xc0, 0x03, 0x5f, 0xd6, 0x22, 0x00, 0x00, 0xb0,
  0x42, 0x14, 0x1d, 0x91, 0x00, 0x00, 0xb0, 0x52, 0xc0, 0x03, 0x5f, 0xd6, 0x22, 0x00, 0x00, 0xb0,
  0x42, 0x7c, 0x1d, 0x91, 0x00, 0x00, 0xb0, 0x52, 0xc0, 0x03, 0x5f, 0xd6, 0x02, 0x00, 0x00, 0xf0,
  0x42, 0x44, 0x10, 0x91, 0x00, 0x00, 0xb0, 0x52, 0xc0, 0x03, 0x5f, 0xd6, 0xf4, 0x03, 0x00, 0xaa,
  0xd0, 0xec, 0xff, 0x17, 0x02, 0x00, 0x00, 0xf0, 0x42, 0x08, 0x0a, 0x91, 0xc0, 0x03, 0x5f, 0xd6,
  0xe0, 0x03, 0x13, 0xaa, 0xe1, 0x03, 0x14, 0xaa, 0xc0, 0x03, 0x5f, 0xd6, 0xff, 0xc3, 0x00, 0x91,
  0xc0, 0x03, 0x5f, 0xd6, 0x03, 0x01, 0x09, 0x2a, 0xc3, 0xec, 0xff, 0x17, 0x40, 0x00, 0x80, 0x52,
  0xc5, 0xec, 0xff, 0x17, 0x80, 0xb6, 0x41, 0xf9, 0xe1, 0x03, 0x1f, 0x2a, 0x68, 0x02, 0x40, 0x39,
  0x23, 0x00, 0x80, 0x52, 0x09, 0x20, 0x40, 0xf9, 0x02, 0x7d, 0x07, 0x53, 0x20, 0x01, 0x1f, 0xd6,
  0x21, 0x00, 0x00, 0xb0, 0x21, 0xbc, 0x16, 0x91, 0xc0, 0x03, 0x5f, 0xd6, 0x87, 0x12, 0x40, 0xb9,
  0x88, 0x0a, 0x40, 0xb9, 0x00, 0x08, 0xa0, 0x52, 0xe3, 0x03, 0x14, 0xaa, 0xe8, 0x03, 0x00, 0xb9,
  0xb1, 0xec, 0xff, 0x17, 0x22, 0x00, 0x00, 0x90, 0x42, 0xec, 0x39, 0x91, 0xc0, 0x03, 0x5f, 0xd6,
  0x1f, 0x01, 0x00, 0x71, 0x08, 0x10, 0x80, 0x52, 0xc0, 0x03, 0x5f, 0xd6, 0x88, 0x12, 0x40, 0xb9,
  0x21, 0x00, 0x00, 0x90, 0x21, 0x6c, 0x24, 0x91, 0x89, 0x32, 0x40, 0x39, 0xc0, 0x03, 0x5f, 0xd6,
  0x22, 0x00, 0x00, 0xb0, 0x42, 0x14, 0x1d, 0x91, 0xc0, 0x03, 0x5f, 0xd6, 0x02, 0x00, 0x00, 0xf0,
  0x42, 0x44, 0x10, 0x91, 0xc0, 0x03, 0x5f, 0xd6, 0x22, 0x00, 0x00, 0xb0, 0x42, 0x7c, 0x1d, 0x91,
  0xc0, 0x03, 0x5f, 0xd6, 0x01, 0x00, 0x00, 0xf0, 0x21, 0x3c, 0x08, 0x91, 0xc0, 0x03, 0x5f, 0xd6,
  0x66, 0x02, 0x40, 0xf9, 0x67, 0x0a, 0x40, 0xb9, 0x40, 0x00, 0x80, 0x52, 0x96, 0xec, 0xff, 0x17,
  0xf5, 0x03, 0x00, 0xaa, 0x97, 0xec, 0xff, 0x17, 0x88, 0x1e, 0x40, 0x39, 0x89, 0x1a, 0x40, 0x39,
  0x28, 0x21, 0x08, 0xaa, 0xc0, 0x03, 0x5f, 0xd6, 0x84, 0x0e, 0x40, 0xf9, 0x01, 0x00, 0x00, 0xd0,
  0x21, 0xd4, 0x3d, 0x91, 0x85, 0x02, 0x40, 0xf9, 0x86, 0x32, 0x40, 0x39, 0xc0, 0x03, 0x5f, 0xd6,
  0x21, 0x00, 0x00, 0xb0, 0x21, 0x0c, 0x1a, 0x91, 0xc0, 0x03, 0x5f, 0xd6, 0x22, 0x00, 0x00, 0xb0,
  0x42, 0xc4, 0x0f, 0x91, 0xc0, 0x03, 0x5f, 0xd6, 0x63, 0x32, 0x40, 0x39, 0x01, 0x00, 0x00, 0xd0,
  0x21, 0x80, 0x3b, 0x91, 0x64, 0x12, 0x40, 0xb9, 0x65, 0x0e, 0x40, 0xf9, 0xc0, 0x03, 0x5f, 0xd6,
  0x02, 0x00, 0x00, 0xd0, 0x42, 0x10, 0x29, 0x91, 0xc0, 0x03, 0x5f, 0xd6, 0x22, 0x00, 0x00, 0x90,
  0x42, 0x78, 0x0d, 0x91, 0xc0, 0x03, 0x5f, 0xd6, 0x02, 0x00, 0x00, 0xd0, 0x42, 0xc0, 0x17, 0x91,
  0xc0, 0x03, 0x5f, 0xd6, 0x00, 0x08, 0x80, 0x52, 0x73, 0xec, 0xff, 0x17, 0x00, 0x08, 0x80, 0x52,
  0xe3, 0x03, 0x14, 0x2a, 0x70, 0xec, 0xff, 0x17, 0x00, 0x00, 0xb0, 0x52, 0xe3, 0x03, 0x16, 0xaa,
  0x6d, 0xec, 0xff, 0x17, 0x60, 0x01, 0x80, 0x52, 0xc0, 0x03, 0x5f, 0xd6, 0xe1, 0x03, 0x00, 0x2a,
  0xe0, 0x03, 0x13, 0xaa, 0xfe, 0xf5, 0xff, 0x17, 0xe0, 0x03, 0x13, 0xaa, 0x04, 0xf6, 0xff, 0x17,
  0xe2, 0x03, 0x1f, 0x2a, 0xe3, 0x03, 0x1f, 0x2a, 0x19, 0xfd, 0xff, 0x17, 0xe0, 0x03, 0x14, 0xaa,
  0xe1, 0x03, 0x13, 0xaa, 0xb2, 0xf6, 0xff, 0x17, 0x22, 0x00, 0x00, 0x90, 0x42, 0x54, 0x17, 0x91,
  0xc0, 0x03, 0x5f, 0xd6, 0x88, 0x0a, 0x40, 0xb9, 0x1f, 0x05, 0x00, 0x71, 0xc0, 0x03, 0x5f, 0xd6,
  0xe0, 0x0f, 0x40, 0xb9, 0xf4, 0x4f, 0x42, 0xa9, 0xc0, 0x03, 0x5f, 0xd6, 0x88, 0x12, 0x40, 0xb9,
  0x01, 0x00, 0x00, 0xd0, 0x21, 0xf4, 0x08, 0x91, 0x89, 0x32, 0x40, 0x39, 0xc0, 0x03, 0x5f, 0xd6,
  0x88, 0x32, 0x40, 0x39, 0x1f, 0x05, 0x00, 0x71, 0xc0, 0x03, 0x5f, 0xd6, 0x02, 0x00, 0x00, 0xf0,
  0x42, 0x7c, 0x0f, 0x91, 0xc0, 0x03, 0x5f, 0xd6, 0xfe, 0x5f, 0xbd, 0xa9, 0xf6, 0x57, 0x01, 0xa9,
  0xf4, 0x4f, 0x02, 0xa9, 0xf4, 0x03, 0x01, 0xaa, 0xf5, 0x03, 0x00, 0xaa, 0x49, 0xec, 0xff, 0x97,
  0x1f, 0x1c, 0x00, 0x72, 0x20, 0x01, 0x00, 0x54, 0xd1, 0x00, 0x00, 0x94, 0x1f, 0x1c, 0x00, 0x72,
  0xc0, 0x00, 0x00, 0x54, 0x01, 0x00, 0x00, 0xf0, 0x21, 0x64, 0x28, 0x91, 0xd7, 0x00, 0x00, 0x94,
  0x00, 0x08, 0xa0, 0x52, 0x3c, 0xec, 0xff, 0x97, 0xd5, 0x02, 0x00, 0xb4, 0xb4, 0x02, 0x00, 0xb4,
  0x88, 0x06, 0x40, 0xb9, 0x1f, 0x09, 0x00, 0x71, 0xc1, 0x03, 0x00, 0x54, 0x39, 0xec, 0xff, 0x97,
  0x1f, 0x1c, 0x00, 0x72, 0xa0, 0x01, 0x00, 0x54, 0xc7, 0x00, 0x00, 0x94, 0x1f, 0x1c, 0x00, 0x72,
  0x40, 0x01, 0x00, 0x54, 0x88, 0x06, 0x40, 0x39, 0x01, 0x00, 0x00, 0xb0, 0x21, 0x7c, 0x3f, 0x91,
  0x89, 0x02, 0x40, 0x39, 0xc5, 0x00, 0x00, 0x94, 0x00, 0x00, 0xb0, 0x52, 0xc0, 0x00, 0x00, 0x94,
  0xe8, 0x03, 0x88, 0x1a, 0xc7, 0x00, 0x00, 0x94, 0xf3, 0x0f, 0x41, 0xb2, 0x2d, 0x00, 0x00, 0x14,
  0xc1, 0x00, 0x00, 0x94, 0x1f, 0x1c, 0x00, 0x72, 0x40, 0x05, 0x00, 0x54, 0xb6, 0x00, 0x00, 0x94,
  0x1f, 0x1c, 0x00, 0x72, 0xe0, 0x04, 0x00, 0x54, 0x21, 0x00, 0x00, 0x90, 0x21, 0xbc, 0x0d, 0x91,
  0xb6, 0x00, 0x00, 0x94, 0x00, 0x00, 0xb0, 0x52, 0x1b, 0xec, 0xff, 0x97, 0x21, 0x00, 0x00, 0x14,
  0x96, 0x06, 0x40, 0xf9, 0x83, 0x82, 0x00, 0x91, 0x97, 0x0e, 0x40, 0xf9, 0xe0, 0x03, 0x15, 0xaa,
  0xa8, 0x2a, 0x40, 0xf9, 0x82, 0x06, 0x40, 0x39, 0x81, 0x02, 0x40, 0x39, 0xc4, 0x02, 0x17, 0x8b,
  0x00, 0x01, 0x3f, 0xd6, 0xf3, 0x03, 0x00, 0xaa, 0x12, 0xec, 0xff, 0x97, 0x1f, 0x1c, 0x00, 0x72,
  0x93, 0x04, 0xf8, 0xb7, 0x20, 0x02, 0x00, 0x54, 0x99, 0x00, 0x00, 0x94, 0x1f, 0x1c, 0x00, 0x72,
  0xc0, 0x01, 0x00, 0x54, 0x88, 0x06, 0x40, 0x39, 0x01, 0x00, 0x00, 0xf0, 0x21, 0x84, 0x00, 0x91,
  0x89, 0x02, 0x40, 0x39, 0x86, 0x9e, 0x41, 0xa9, 0x9c, 0x00, 0x00, 0x94, 0x98, 0x00, 0x00, 0x94,
  0xe8, 0x03, 0x88, 0x1a, 0xc5, 0x02, 0x17, 0x8b, 0x03, 0x01, 0x09, 0x2a, 0x00, 0x08, 0xa0, 0x52,
  0xe4, 0x03, 0x15, 0xaa, 0xfc, 0xeb, 0xff, 0x97, 0x48, 0x00, 0x80, 0x52, 0x88, 0x06, 0x00, 0xb9,
  0xfc, 0xeb, 0xff, 0x97, 0x1f, 0x1c, 0x00, 0x72, 0x20, 0x01, 0x00, 0x54, 0x84, 0x00, 0x00, 0x94,
  0x1f, 0x1c, 0x00, 0x72, 0xc0, 0x00, 0x00, 0x54, 0x01, 0x00, 0x00, 0xd0, 0x21, 0x2c, 0x19, 0x91,
  0x8a, 0x00, 0x00, 0x94, 0x00, 0x08, 0xa0, 0x52, 0xef, 0xeb, 0xff, 0x97, 0xe0, 0x03, 0x13, 0xaa,
  0xf4, 0x4f, 0x42, 0xa9, 0xf6, 0x57, 0x41, 0xa9, 0xfe, 0x5f, 0xc3, 0xa8, 0xc0, 0x03, 0x5f, 0xd6,
  0x00, 0xfe, 0xff, 0x54, 0x7c, 0x00, 0x00, 0x94, 0x1f, 0x1c, 0x00, 0x72, 0xa0, 0xfd, 0xff, 0x54,
  0x88, 0x06, 0x40, 0x39, 0x01, 0x00, 0x00, 0xd0, 0x21, 0x9c, 0x10, 0x91, 0x89, 0x02, 0x40, 0x39,
  0x7a, 0x00, 0x00, 0x94, 0x00, 0x00, 0xb0, 0x52, 0xe4, 0x03, 0x13, 0xaa, 0x74, 0x00, 0x00, 0x94,
  0xe8, 0x03, 0x88, 0x1a, 0x03, 0x01, 0x09, 0x2a, 0xdb, 0xeb, 0xff, 0x97, 0xe1, 0xff, 0xff, 0x17,
  0xfe, 0x0f, 0x1e, 0xf8, 0xf4, 0x4f, 0x01, 0xa9, 0xf4, 0x03, 0x01, 0xaa, 0xf3, 0x03, 0x00, 0xaa,
  0xd8, 0xeb, 0xff, 0x97, 0x1f, 0x1c, 0x00, 0x72, 0x00, 0x01, 0x00, 0x54, 0x60, 0x00, 0x00, 0x94,
  0x1f, 0x1c, 0x00, 0x72, 0xa0, 0x00, 0x00, 0x54, 0x01, 0x00, 0x00, 0xf0, 0x21, 0x64, 0x28, 0x91,
  0x5d, 0x00, 0x00, 0x94, 0xcc, 0xeb, 0xff, 0x97, 0x93, 0x03, 0x00, 0xb4, 0x74, 0x03, 0x00, 0xb4,
  0x88, 0x06, 0x40, 0xb9, 0x1f, 0x09, 0x00, 0x71, 0xa1, 0x04, 0x00, 0x54, 0x68, 0x1a, 0x40, 0xf9,
  0xe0, 0x03, 0x13, 0xaa, 0x82, 0x06, 0x40, 0x39, 0x81, 0x02, 0x40, 0x39, 0x00, 0x01, 0x3f, 0xd6,
  0xf3, 0x03, 0x00, 0xaa, 0x60, 0x07, 0xf8, 0xb7, 0xc2, 0xeb, 0xff, 0x97, 0x1f, 0x1c, 0x00, 0x72,
  0x80, 0x01, 0x00, 0x54, 0x4a, 0x00, 0x00, 0x94, 0x1f, 0x1c, 0x00, 0x72, 0x20, 0x01, 0x00, 0x54,
  0x88, 0x06, 0x40, 0x39, 0x01, 0x00, 0x00, 0xd0, 0x21, 0x10, 0x3e, 0x91, 0x89, 0x02, 0x40, 0x39,
  0x45, 0x00, 0x00, 0x94, 0x4a, 0x00, 0x00, 0x94, 0xe8, 0x03, 0x88, 0x1a, 0x51, 0x00, 0x00, 0x94,
  0x9f, 0x06, 0x00, 0xb9, 0x1d, 0x00, 0x00, 0x14, 0x4b, 0x00, 0x00, 0x94, 0x1f, 0x1c, 0x00, 0x72,
  0x40, 0x03, 0x00, 0x54, 0x40, 0x00, 0x00, 0x94, 0x1f, 0x1c, 0x00, 0x72, 0xe0, 0x02, 0x00, 0x54,
  0x21, 0x00, 0x00, 0x90, 0x21, 0xbc, 0x0d, 0x91, 0x02, 0x00, 0x00, 0xf0, 0x42, 0x6c, 0x26, 0x91,
  0x00, 0x00, 0xb0, 0x52, 0xa4, 0xeb, 0xff, 0x97, 0x10, 0x00, 0x00, 0x14, 0xa5, 0xeb, 0xff, 0x97,
  0x1f, 0x1c, 0x00, 0x72, 0x80, 0x01, 0x00, 0x54, 0x2d, 0x00, 0x00, 0x94, 0x1f, 0x1c, 0x00, 0x72,
  0x20, 0x01, 0x00, 0x54, 0x88, 0x06, 0x40, 0x39, 0x01, 0x00, 0x00, 0xf0, 0x21, 0x84, 0x1c, 0x91,
  0x89, 0x02, 0x40, 0x39, 0x28, 0x00, 0x00, 0x94, 0x2d, 0x00, 0x00, 0x94, 0xe8, 0x03, 0x88, 0x1a,
  0x34, 0x00, 0x00, 0x94, 0xf3, 0x03, 0x1f, 0xaa, 0x96, 0xeb, 0xff, 0x97, 0x1f, 0x1c, 0x00, 0x72,
  0x00, 0x01, 0x00, 0x54, 0x1e, 0x00, 0x00, 0x94, 0x1f, 0x1c, 0x00, 0x72, 0xa0, 0x00, 0x00, 0x54,
  0x01, 0x00, 0x00, 0xd0, 0x21, 0x2c, 0x19, 0x91, 0x1b, 0x00, 0x00, 0x94, 0x8a, 0xeb, 0xff, 0x97,
  0xe0, 0x03, 0x13, 0xaa, 0xf4, 0x4f, 0x41, 0xa9, 0xfe, 0x07, 0x42, 0xf8, 0xc0, 0x03, 0x5f, 0xd6,
  0x88, 0xeb, 0xff, 0x97, 0x1f, 0x1c, 0x00, 0x72, 0x80, 0xf8, 0xff, 0x54, 0x16, 0x00, 0x00, 0x94,
  0x1f, 0x1c, 0x00, 0x72, 0x20, 0xf8, 0xff, 0x54, 0x88, 0x06, 0x40, 0x39, 0x01, 0x00, 0x00, 0xf0,
  0x21, 0x94, 0x2a, 0x91, 0x89, 0x02, 0x40, 0x39, 0x02, 0x00, 0x00, 0xf0, 0x42, 0x6c, 0x26, 0x91,
  0x00, 0x00, 0xb0, 0x52, 0xe4, 0x03, 0x13, 0xaa, 0x0d, 0x00, 0x00, 0x94, 0xe8, 0x03, 0x88, 0x1a,
  0x03, 0x01, 0x09, 0x2a, 0x74, 0xeb, 0xff, 0x97, 0xb4, 0xff, 0xff, 0x17, 0x00, 0x08, 0xa0, 0x52,
  0x75, 0xeb, 0xff, 0x17, 0x02, 0x00, 0x00, 0xf0, 0x42, 0x6c, 0x26, 0x91, 0x00, 0x08, 0xa0, 0x52,
  0xc0, 0x03, 0x5f, 0xd6, 0x00, 0x00, 0xb0, 0x52, 0x6f, 0xeb, 0xff, 0x17, 0x1f, 0x01, 0x00, 0x71,
  0x08, 0x10, 0x80, 0x52, 0xc0, 0x03, 0x5f, 0xd6, 0x02, 0x00, 0x00, 0xb0, 0x42, 0x54, 0x3f, 0x91,
  0xc0, 0x03, 0x5f, 0xd6, 0x53, 0x00, 0x80, 0xd2, 0x13, 0x00, 0xf0, 0xf2, 0x65, 0xeb, 0xff, 0x17,
  0x03, 0x01, 0x09, 0x2a, 0x60, 0xeb, 0xff, 0x17, 0xff, 0xc3, 0x02, 0xd1, 0xfe, 0x67, 0x07, 0xa9,
  0xf8, 0x5f, 0x08, 0xa9, 0xf6, 0x57, 0x09, 0xa9, 0xf4, 0x4f, 0x0a, 0xa9, 0x36, 0x06, 0x00, 0x94,
  0x1f, 0x1c, 0x00, 0x72, 0x00, 0x01, 0x00, 0x54, 0xf6, 0x05, 0x00, 0x94, 0x1f, 0x1c, 0x00, 0x72,
  0xa0, 0x00, 0x00, 0x54, 0xfd, 0x05, 0x00, 0x94, 0x02, 0x00, 0x00, 0xf0, 0x42, 0x34, 0x3a, 0x91,
  0xf2, 0x05, 0x00, 0x94, 0x33, 0x0e, 0x00, 0xb4, 0x52, 0xeb, 0xff, 0x97, 0x1f, 0x1c, 0x00, 0x72,
  0x00, 0x01, 0x00, 0x54, 0xeb, 0x05, 0x00, 0x94, 0x1f, 0x1c, 0x00, 0x72, 0xa0, 0x00, 0x00, 0x54,
  0xf2, 0x05, 0x00, 0x94, 0x02, 0x00, 0x00, 0xd0, 0x42, 0xd8, 0x1c, 0x91, 0xe7, 0x05, 0x00, 0x94,
  0x75, 0x46, 0x43, 0xf9, 0x74, 0x62, 0x5a, 0x39, 0xa8, 0x3a, 0x40, 0x39, 0xc8, 0x06, 0x00, 0x34,
  0x9f, 0x7e, 0x00, 0x71, 0x81, 0x06, 0x00, 0x54, 0xa8, 0x02, 0x40, 0xb9, 0xa9, 0x6a, 0x8a, 0x52,
  0x49, 0x68, 0xa8, 0x72, 0x1f, 0x01, 0x09, 0x6b, 0xe1, 0x05, 0x00, 0x54, 0xa8, 0x36, 0x40, 0x39,
  0x1f, 0x41, 0x00, 0x71, 0x02, 0x06, 0x00, 0x54, 0x68, 0x5a, 0x43, 0xf9, 0xa9, 0x06, 0x40, 0xb9,
  0x09, 0x05, 0x00, 0xb9, 0x37, 0xeb, 0xff, 0x97, 0x1f, 0x1c, 0x00, 0x72, 0xe0, 0x00, 0x00, 0x54,
  0xd0, 0x05, 0x00, 0x94, 0x1f, 0x1c, 0x00, 0x72, 0x80, 0x00, 0x00, 0x54, 0xd7, 0x05, 0x00, 0x94,
  0xe0, 0x05, 0x00, 0x94, 0xcd, 0x05, 0x00, 0x94, 0x76, 0x46, 0x43, 0xf9, 0xd5, 0x36, 0x40, 0x39,
  0xbf, 0x42, 0x00, 0x71, 0x82, 0x0c, 0x00, 0x54, 0x08, 0x03, 0x80, 0x52, 0xd4, 0x3e, 0x40, 0x39,
  0xa8, 0x4e, 0xa8, 0x9b, 0x08, 0xb1, 0x41, 0x39, 0xc8, 0x00, 0x10, 0x36, 0x9f, 0x0e, 0x00, 0x71,
  0x84, 0x1a, 0x52, 0x7a, 0x60, 0x00, 0x00, 0x54, 0x9f, 0x82, 0x02, 0x71, 0x81, 0x1f, 0x00, 0x54,
  0x88, 0x0c, 0x00, 0x37, 0x34, 0x27, 0x00, 0x34, 0x9f, 0x0e, 0x00, 0x71, 0xa0, 0x21, 0x00, 0x54,
  0x9f, 0x4a, 0x00, 0x71, 0x40, 0x14, 0x00, 0x54, 0x9f, 0x82, 0x02, 0x71, 0x00, 0x1d, 0x00, 0x54,
  0x18, 0xeb, 0xff, 0x97, 0x1f, 0x1c, 0x00, 0x72, 0xc0, 0x1f, 0x00, 0x54, 0xc8, 0x05, 0x00, 0x94,
  0x1f, 0x1c, 0x00, 0x72, 0x60, 0x1f, 0x00, 0x54, 0x01, 0x00, 0x00, 0xd0, 0x21, 0x4c, 0x0b, 0x91,
  0xf3, 0x00, 0x00, 0x14, 0x60, 0xf6, 0x40, 0xf9, 0x21, 0x00, 0x80, 0x52, 0xe2, 0x03, 0x1f, 0x2a,
  0xc4, 0x05, 0x00, 0x94, 0x0b, 0xeb, 0xff, 0x97, 0x1f, 0x1c, 0x00, 0x72, 0xc0, 0x01, 0x00, 0x54,
  0xa8, 0x05, 0x00, 0x94, 0x1f, 0x1c, 0x00, 0x72, 0x60, 0x01, 0x00, 0x54, 0xa3, 0x3a, 0x40, 0x39,
  0x21, 0x00, 0x00, 0x90, 0x21, 0x90, 0x1e, 0x91, 0xa5, 0x02, 0x40, 0xb9, 0xa6, 0x36, 0x40, 0x39,
  0x02, 0x00, 0x00, 0xd0, 0x42, 0xd8, 0x1c, 0x91, 0x00, 0x00, 0xb0, 0x52, 0xe4, 0x03, 0x14, 0x2a,
  0xf9, 0xea, 0xff, 0x97, 0xfb, 0xea, 0xff, 0x97, 0x1f, 0x1c, 0x00, 0x72, 0x00, 0x01, 0x00, 0x54,
  0x94, 0x05, 0x00, 0x94, 0x1f, 0x1c, 0x00, 0x72, 0xa0, 0x00, 0x00, 0x54, 0x9e, 0x05, 0x00, 0x94,
  0x02, 0x00, 0x00, 0xd0, 0x42, 0xd8, 0x1c, 0x91, 0x90, 0x05, 0x00, 0x94, 0xb7, 0x05, 0x00, 0x94,
  0xf3, 0x03, 0x00, 0x2a, 0xef, 0xea, 0xff, 0x97, 0x1f, 0x1c, 0x00, 0x72, 0xa0, 0x02, 0x00, 0x54,
  0x8c, 0x05, 0x00, 0x94, 0x1f, 0x1c, 0x00, 0x72, 0x40, 0x02, 0x00, 0x54, 0x01, 0x00, 0x00, 0xd0,
  0x21, 0xd4, 0x37, 0x91, 0x02, 0x00, 0x00, 0xf0, 0x42, 0x34, 0x3a, 0x91, 0x00, 0x00, 0xb0, 0x52,
  0xe1, 0xea, 0xff, 0x97, 0x0b, 0x00, 0x00, 0x14, 0x6f, 0x05, 0x00, 0x94, 0x23, 0x29, 0x80, 0x52,
  0xdd, 0xea, 0xff, 0x97, 0xde, 0xea, 0xff, 0x97, 0x1f, 0x1c, 0x00, 0x72, 0x80, 0x00, 0x00, 0x54,
  0x6f, 0x05, 0x00, 0x94, 0x21, 0x29, 0x80, 0x52, 0xd8, 0xea, 0xff, 0x97, 0x73, 0x01, 0x80, 0x52,
  0xd8, 0xea, 0xff, 0x97, 0x1f, 0x1c, 0x00, 0x72, 0x00, 0x01, 0x00, 0x54, 0x71, 0x05, 0x00, 0x94,
  0x1f, 0x1c, 0x00, 0x72, 0xa0, 0x00, 0x00, 0x54, 0x7b, 0x05, 0x00, 0x94, 0x02, 0x00, 0x00, 0xf0,
  0x42, 0x34, 0x3a, 0x91, 0x6d, 0x05, 0x00, 0x94, 0xe0, 0x03, 0x13, 0x2a, 0xf4, 0x4f, 0x4a, 0xa9,
  0xf6, 0x57, 0x49, 0xa9, 0xf8, 0x5f, 0x48, 0xa9, 0xfe, 0x67, 0x47, 0xa9, 0xff, 0xc3, 0x02, 0x91,
  0xc0, 0x03, 0x5f, 0xd6, 0x54, 0x05, 0x00, 0x94, 0x23, 0x2f, 0x80, 0x52, 0xc2, 0xea, 0xff, 0x97,
  0xc3, 0xea, 0xff, 0x97, 0x1f, 0x1c, 0x00, 0x72, 0x80, 0x00, 0x00, 0x54, 0x54, 0x05, 0x00, 0x94,
  0x21, 0x2f, 0x80, 0x52, 0xbd, 0xea, 0xff, 0x97, 0x73, 0x01, 0x80, 0x52, 0x96, 0x03, 0x00, 0x14,
  0x88, 0x6a, 0x00, 0x51, 0x1f, 0x41, 0x00, 0x71, 0x08, 0x07, 0x00, 0x54, 0x29, 0x00, 0x00, 0x90,
  0x29, 0x91, 0x31, 0x91, 0x8a, 0x00, 0x00, 0x10, 0x2b, 0x79, 0x68, 0x78, 0x4a, 0x09, 0x0b, 0x8b,
  0x40, 0x01, 0x1f, 0xd6, 0xb3, 0xea, 0xff, 0x97, 0x1f, 0x1c, 0x00, 0x72, 0xe0, 0x00, 0x00, 0x54,
  0x54, 0x05, 0x00, 0x94, 0x1f, 0x1c, 0x00, 0x72, 0x80, 0x00, 0x00, 0x54, 0x21, 0x00, 0x00, 0x90,
  0x21, 0x34, 0x26, 0x91, 0x43, 0x05, 0x00, 0x94, 0xaa, 0xea, 0xff, 0x97, 0x1f, 0x1c, 0x00, 0x72,
  0x00, 0x01, 0x00, 0x54, 0x43, 0x05, 0x00, 0x94, 0x1f, 0x1c, 0x00, 0x72, 0xa0, 0x00, 0x00, 0x54,
  0x4a, 0x05, 0x00, 0x94, 0x02, 0x00, 0x00, 0xd0, 0x42, 0x3c, 0x05, 0x91, 0x3f, 0x05, 0x00, 0x94,
  0x28, 0x00, 0x00, 0xb0, 0x81, 0x00, 0x80, 0x52, 0x59, 0x05, 0x00, 0x94, 0x49, 0x05, 0x00, 0x94,
  0x28, 0x00, 0x00, 0x90, 0x69, 0x00, 0x80, 0x52, 0x9f, 0x0e, 0x00, 0x39, 0x61, 0x62, 0x19, 0x91,
  0x9f, 0x0a, 0x00, 0x39, 0x00, 0x81, 0xc2, 0x3d, 0x9f, 0x06, 0x00, 0x39, 0x89, 0x02, 0x00, 0x39,
  0xe0, 0x13, 0x80, 0x3d, 0xe8, 0x27, 0x40, 0xf9, 0x62, 0x05, 0x00, 0x94, 0xe8, 0x23, 0x40, 0xf9,
  0x52, 0x05, 0x00, 0x94, 0x00, 0x58, 0x00, 0x34, 0x8e, 0xea, 0xff, 0x97, 0x1f, 0x1c, 0x00, 0x72,
  0x00, 0x01, 0x00, 0x54, 0x2b, 0x05, 0x00, 0x94, 0x1f, 0x1c, 0x00, 0x72, 0xa0, 0x00, 0x00, 0x54,
  0x3d, 0x05, 0x00, 0x94, 0x02, 0x00, 0x00, 0xd0, 0x42, 0x3c, 0x05, 0x91, 0x27, 0x05, 0x00, 0x94,
  0x33, 0x00, 0x80, 0x52, 0xb5, 0x02, 0x00, 0x14, 0x94, 0x13, 0x00, 0x34, 0x9f, 0x0e, 0x00, 0x71,
  0x00, 0x0e, 0x00, 0x54, 0x9f, 0xd6, 0x00, 0x71, 0xe0, 0x16, 0x00, 0x54, 0x9f, 0x56, 0x00, 0x71,
  0xc0, 0x3d, 0x00, 0x54, 0x9f, 0x4a, 0x00, 0x71, 0x21, 0x09, 0x00, 0x54, 0x79, 0xea, 0xff, 0x97,
  0x1f, 0x1c, 0x00, 0x72, 0xe0, 0x00, 0x00, 0x54, 0x1a, 0x05, 0x00, 0x94, 0x1f, 0x1c, 0x00, 0x72,
  0x80, 0x00, 0x00, 0x54, 0x21, 0x00, 0x00, 0x90, 0x21, 0xe4, 0x25, 0x91, 0x09, 0x05, 0x00, 0x94,
  0x70, 0xea, 0xff, 0x97, 0x1f, 0x1c, 0x00, 0x72, 0x00, 0x01, 0x00, 0x54, 0x09, 0x05, 0x00, 0x94,
  0x1f, 0x1c, 0x00, 0x72, 0xa0, 0x00, 0x00, 0x54, 0x10, 0x05, 0x00, 0x94, 0x02, 0x00, 0x00, 0xd0,
  0x42, 0xc0, 0x21, 0x91, 0x05, 0x05, 0x00, 0x94, 0x68, 0x46, 0x43, 0xf9, 0x08, 0x35, 0x40, 0x39,
  0x1f, 0x41, 0x00, 0x71, 0x42, 0x16, 0x00, 0x54, 0x28, 0x00, 0x00, 0xb0, 0x81, 0x04, 0x80, 0x52,
  0x1b, 0x05, 0x00, 0x94, 0x75, 0x36, 0x43, 0xf9, 0x0a, 0x05, 0x00, 0x94, 0xe8, 0x03, 0x80, 0x52,
  0x49, 0x00, 0x80, 0x52, 0x8a, 0x00, 0x80, 0x52, 0x22, 0x00, 0x00, 0x90, 0x42, 0x18, 0x32, 0x91,
  0x80, 0x22, 0x00, 0x91, 0xa1, 0x22, 0x00, 0xd1, 0x03, 0x01, 0x80, 0x52, 0x88, 0x12, 0x00, 0x39,
  0x89, 0x0e, 0x00, 0x39, 0x8a, 0x0a, 0x00, 0x39, 0x9f, 0x06, 0x00, 0x39, 0x3d, 0x05, 0x00, 0x94,
  0x22, 0x00, 0x00, 0x90, 0x42, 0x38, 0x32, 0x91, 0x80, 0x42, 0x00, 0x91, 0xa1, 0x42, 0x00, 0xd1,
  0x03, 0x02, 0x80, 0x52, 0x37, 0x05, 0x00, 0x94, 0xa1, 0x82, 0x00, 0xd1, 0x22, 0x00, 0x00, 0x90,
  0x42, 0x78, 0x32, 0x91, 0x80, 0x82, 0x00, 0x91, 0x0a, 0x05, 0x00, 0x94, 0x28, 0x00, 0x00, 0x90,
  0x61, 0x62, 0x19, 0x91, 0x00, 0x89, 0xc2, 0x3d, 0xe0, 0x03, 0x80, 0x3d, 0xe8, 0x07, 0x40, 0xf9,
  0x10, 0x05, 0x00, 0x94, 0xe8, 0x03, 0x40, 0xf9, 0x00, 0x05, 0x00, 0x94, 0xe0, 0x3e, 0x00, 0x34,
  0x3c, 0xea, 0xff, 0x97, 0x1f, 0x1c, 0x00, 0x72, 0x40, 0x12, 0x00, 0x54, 0xd9, 0x04, 0x00, 0x94,
  0x1f, 0x1c, 0x00, 0x72, 0xe0, 0x11, 0x00, 0x54, 0xeb, 0x04, 0x00, 0x94, 0x02, 0x00, 0x00, 0xd0,
  0x42, 0xc0, 0x21, 0x91, 0xd5, 0x04, 0x00, 0x94, 0x8a, 0x00, 0x00, 0x14, 0x31, 0xea, 0xff, 0x97,
  0x1f, 0x1c, 0x00, 0x72, 0x60, 0x03, 0x00, 0x54, 0xce, 0x04, 0x00, 0x94, 0x1f, 0x1c, 0x00, 0x72,
  0x00, 0x03, 0x00, 0x54, 0x01, 0x00, 0x00, 0xd0, 0x21, 0xd0, 0x18, 0x91, 0xd9, 0x04, 0x00, 0x94,
  0x00, 0x00, 0xb0, 0x52, 0x08, 0x05, 0x00, 0x94, 0x12, 0x00, 0x00, 0x14, 0x25, 0xea, 0xff, 0x97,
  0x1f, 0x1c, 0x00, 0x72, 0x60, 0x01, 0x00, 0x54, 0xd5, 0x04, 0x00, 0x94, 0x1f, 0x1c, 0x00, 0x72,
  0x00, 0x01, 0x00, 0x54, 0x21, 0x00, 0x00, 0x90, 0x21, 0xe0, 0x24, 0x91, 0xcd, 0x04, 0x00, 0x94,
  0x40, 0x00, 0x80, 0x52, 0xe3, 0x03, 0x15, 0x2a, 0xe4, 0x03, 0x14, 0x2a, 0x16, 0xea, 0xff, 0x97,
  0x60, 0xae, 0x42, 0xf9, 0x21, 0x00, 0x80, 0x52, 0x22, 0x00, 0x80, 0x52, 0xcd, 0x04, 0x00, 0x94,
  0xc2, 0x0a, 0x40, 0xb9, 0xe0, 0x03, 0x13, 0xaa, 0x21, 0x00, 0x80, 0x52, 0x07, 0x01, 0x00, 0x14,
  0x10, 0xea, 0xff, 0x97, 0x1f, 0x1c, 0x00, 0x72, 0xe0, 0x00, 0x00, 0x54, 0xb1, 0x04, 0x00, 0x94,
  0x1f, 0x1c, 0x00, 0x72, 0x80, 0x00, 0x00, 0x54, 0x01, 0x00, 0x00, 0xf0, 0x21, 0xe4, 0x3e, 0x91,
  0xa0, 0x04, 0x00, 0x94, 0x07, 0xea, 0xff, 0x97, 0x1f, 0x1c, 0x00, 0x72, 0xe0, 0x00, 0x00, 0x54,
  0xa0, 0x04, 0x00, 0x94, 0x1f, 0x1c, 0x00, 0x72, 0x80, 0x00, 0x00, 0x54, 0xa7, 0x04, 0x00, 0x94,
  0xcd, 0x04, 0x00, 0x94, 0x9d, 0x04, 0x00, 0x94, 0x68, 0x46, 0x43, 0xf9, 0x16, 0x35, 0x40, 0x39,
  0xdf, 0x42, 0x00, 0x71, 0x02, 0x08, 0x00, 0x54, 0x28, 0x00, 0x00, 0xb0, 0xe0, 0x73, 0x01, 0x91,
  0x41, 0x02, 0x80, 0x52, 0xb2, 0x04, 0x00, 0x94, 0x75, 0x36, 0x43, 0xf9, 0xd3, 0x04, 0x00, 0x94,
  0x08, 0x03, 0x80, 0x52, 0x0a, 0x0e, 0x80, 0x52, 0x4b, 0x01, 0x80, 0x52, 0xc8, 0x4e, 0xa8, 0x9b,
  0xea, 0x73, 0x01, 0x39, 0xeb, 0x8f, 0x01, 0x39, 0x09, 0xb1, 0x41, 0x39, 0x89, 0x30, 0x10, 0x37,
  0x09, 0x3e, 0x00, 0x37, 0x48, 0x00, 0x80, 0x52, 0x49, 0x07, 0x80, 0x52, 0xe8, 0x7b, 0x01, 0x39,
  0xe9, 0xd3, 0x00, 0x79, 0xf5, 0x01, 0x00, 0x14, 0xe6, 0xe9, 0xff, 0x97, 0x1f, 0x1c, 0x00, 0x72,
  0xe0, 0x00, 0x00, 0x54, 0x87, 0x04, 0x00, 0x94, 0x1f, 0x1c, 0x00, 0x72, 0x80, 0x00, 0x00, 0x54,
  0x21, 0x00, 0x00, 0x90, 0x21, 0xe4, 0x07, 0x91, 0x76, 0x04, 0x00, 0x94, 0xdd, 0xe9, 0xff, 0x97,
  0x1f, 0x1c, 0x00, 0x72, 0x00, 0x01, 0x00, 0x54, 0x76, 0x04, 0x00, 0x94, 0x1f, 0x1c, 0x00, 0x72,
  0xa0, 0x00, 0x00, 0x54, 0x7d, 0x04, 0x00, 0x94, 0x02, 0x00, 0x00, 0xf0, 0x42, 0x88, 0x07, 0x91,
  0x72, 0x04, 0x00, 0x94, 0x68, 0x46, 0x43, 0xf9, 0x09, 0x35, 0x40, 0x39, 0x3f, 0x41, 0x00, 0xf1,
  0x62, 0x06, 0x00, 0x54, 0x0a, 0x03, 0x80, 0x52, 0x29, 0x4d, 0xaa, 0x9b, 0x29, 0xb1, 0x41, 0x39,
  0xe9, 0x2e, 0x00, 0x37, 0x02, 0x09, 0x40, 0xb9, 0xe0, 0x03, 0x13, 0xaa, 0x21, 0x00, 0x80, 0x52,
  0x76, 0x01, 0x00, 0x14, 0xc7, 0xe9, 0xff, 0x97, 0x1f, 0x1c, 0x00, 0x72, 0x00, 0x17, 0x00, 0x54,
  0x68, 0x04, 0x00, 0x94, 0x1f, 0x1c, 0x00, 0x72, 0xa0, 0x16, 0x00, 0x54, 0x21, 0x00, 0x00, 0x90,
  0x21, 0x54, 0x08, 0x91, 0x6f, 0x04, 0x00, 0x94, 0x00, 0x08, 0x80, 0x52, 0x9e, 0x04, 0x00, 0x94,
  0xaf, 0x00, 0x00, 0x14, 0x48, 0x04, 0x00, 0x94, 0xa3, 0x67, 0x80, 0x52, 0xb6, 0xe9, 0xff, 0x97,
  0xb7, 0xe9, 0xff, 0x97, 0x1f, 0x1c, 0x00, 0x72, 0x60, 0x3b, 0x00, 0x54, 0x48, 0x04, 0x00, 0x94,
  0xa1, 0x67, 0x80, 0x52, 0xb1, 0xe9, 0xff, 0x97, 0xd7, 0x01, 0x00, 0x14, 0x3e, 0x04, 0x00, 0x94,
  0x83, 0x40, 0x80, 0x52, 0xac, 0xe9, 0xff, 0x97, 0xad, 0xe9, 0xff, 0x97, 0x1f, 0x1c, 0x00, 0x72,
  0x80, 0x00, 0x00, 0x54, 0x3e, 0x04, 0x00, 0x94, 0x81, 0x40, 0x80, 0x52, 0xa7, 0xe9, 0xff, 0x97,
  0x33, 0x00, 0x80, 0x52, 0xa7, 0xe9, 0xff, 0x97, 0x1f, 0x1c, 0x00, 0x72, 0xc0, 0x4f, 0x00, 0x54,
  0x40, 0x04, 0x00, 0x94, 0x1f, 0x1c, 0x00, 0x72, 0x60, 0x4f, 0x00, 0x54, 0x4a, 0x04, 0x00, 0x94,
  0x02, 0x00, 0x00, 0xd0, 0x42, 0xc0, 0x21, 0x91, 0x76, 0x02, 0x00, 0x14, 0x2a, 0x04, 0x00, 0x94,
  0x03, 0x70, 0x80, 0x52, 0x98, 0xe9, 0xff, 0x97, 0x99, 0xe9, 0xff, 0x97, 0x1f, 0x1c, 0x00, 0x72,
  0x80, 0x00, 0x00, 0x54, 0x2a, 0x04, 0x00, 0x94, 0x01, 0x70, 0x80, 0x52, 0x93, 0xe9, 0xff, 0x97,
  0x73, 0x01, 0x80, 0x52, 0x43, 0x01, 0x00, 0x14, 0x92, 0xe9, 0xff, 0x97, 0x1f, 0x1c, 0x00, 0x72,
  0xe0, 0x00, 0x00, 0x54, 0x33, 0x04, 0x00, 0x94, 0x1f, 0x1c, 0x00, 0x72, 0x80, 0x00, 0x00, 0x54,
  0x01, 0x00, 0x00, 0xf0, 0x21, 0xa0, 0x3e, 0x91, 0x22, 0x04, 0x00, 0x94, 0xff, 0x7f, 0x0c, 0x29,
  0x88, 0xe9, 0xff, 0x97, 0x1f, 0x1c, 0x00, 0x72, 0xe0, 0x00, 0x00, 0x54, 0x21, 0x04, 0x00, 0x94,
  0x1f, 0x1c, 0x00, 0x72, 0x80, 0x00, 0x00, 0x54, 0x28, 0x04, 0x00, 0x94, 0x40, 0x04, 0x00, 0x94,
  0x1e, 0x04, 0x00, 0x94, 0x78, 0x46, 0x43, 0xf9, 0x51, 0x04, 0x00, 0x94, 0xf4, 0x83, 0x41, 0x39,
  0x08, 0x03, 0x80, 0x52, 0x99, 0x4e, 0xa8, 0x9b, 0x28, 0xb3, 0x41, 0x39, 0xa8, 0x26, 0x00, 0x37,
  0x60, 0xae, 0x42, 0xf9, 0x21, 0x00, 0x80, 0x52, 0x22, 0x00, 0x80, 0x52, 0x2d, 0x04, 0x00, 0x94,
  0xe0, 0x47, 0xf8, 0xb6, 0xf4, 0x03, 0x00, 0xaa, 0x72, 0xe9, 0xff, 0x97, 0x1f, 0x1c, 0x00, 0x72,
  0x60, 0x47, 0x00, 0x54, 0x22, 0x04, 0x00, 0x94, 0x1f, 0x1c, 0x00, 0x72, 0x00, 0x47, 0x00, 0x54,
  0x21, 0x00, 0x00, 0x90, 0x21, 0x18, 0x0e, 0x91, 0x29, 0x04, 0x00, 0x94, 0x40, 0x00, 0x80, 0x52,
  0xe3, 0x03, 0x14, 0xaa, 0x64, 0xe9, 0xff, 0x97, 0x31, 0x02, 0x00, 0x14, 0x65, 0xe9, 0xff, 0x97,
  0x1f, 0x1c, 0x00, 0x72, 0xe0, 0x00, 0x00, 0x54, 0x06, 0x04, 0x00, 0x94, 0x1f, 0x1c, 0x00, 0x72,
  0x80, 0x00, 0x00, 0x54, 0x01, 0x00, 0x00, 0xd0, 0x21, 0xb0, 0x2c, 0x91, 0xf5, 0x03, 0x00, 0x94,
  0xff, 0x7f, 0x0b, 0x29, 0x5b, 0xe9, 0xff, 0x97, 0x1f, 0x1c, 0x00, 0x72, 0x00, 0x01, 0x00, 0x54,
  0xf4, 0x03, 0x00, 0x94, 0x1f, 0x1c, 0x00, 0x72, 0xa0, 0x00, 0x00, 0x54, 0xfb, 0x03, 0x00, 0x94,
  0x02, 0x00, 0x00, 0xd0, 0x42, 0x44, 0x00, 0x91, 0xf0, 0x03, 0x00, 0x94, 0x75, 0x46, 0x43, 0xf9,
  0xb6, 0x36, 0x40, 0x39, 0xdf, 0x42, 0x00, 0xf1, 0x42, 0x25, 0x00, 0x54, 0x28, 0x00, 0x00, 0xb0,
  0x81, 0x01, 0x80, 0x52, 0x06, 0x04, 0x00, 0x94, 0x77, 0x36, 0x43, 0xf9, 0x78, 0x5a, 0x43, 0xf9,
  0xf4, 0x03, 0x00, 0x94, 0x08, 0x03, 0x80, 0x52, 0x09, 0x01, 0x80, 0x52, 0x80, 0x12, 0x00, 0x91,
  0xe1, 0x12, 0x00, 0xd1, 0xc8, 0x4e, 0xa8, 0x9b, 0xe2, 0x73, 0x01, 0x91, 0x89, 0x0e, 0x00, 0x39,
  0x83, 0x00, 0x80, 0x52, 0x08, 0x25, 0x4e, 0x29, 0x29, 0x09, 0xc0, 0x5a, 0x08, 0x09, 0xc0, 0x5a,
  0xe8, 0x27, 0x0b, 0x29, 0x27, 0x04, 0x00, 0x94, 0xe1, 0x22, 0x00, 0xd1, 0x80, 0x22, 0x00, 0x91,
  0xe2, 0x63, 0x01, 0x91, 0xfb, 0x03, 0x00, 0x94, 0x48, 0x00, 0x80, 0x52, 0x29, 0x00, 0x00, 0x90,
  0x61, 0x62, 0x19, 0x91, 0x88, 0x22, 0x00, 0x39, 0xa8, 0x0a, 0x40, 0xb9, 0x20, 0x8d, 0xc2, 0x3d,
  0x08, 0x31, 0x00, 0x51, 0x08, 0x0b, 0x00, 0xb9, 0xe0, 0x0b, 0x80, 0x3d, 0xe8, 0x17, 0x40, 0xf9,
  0xfc, 0x03, 0x00, 0x94, 0xe8, 0x13, 0x40, 0xf9, 0xec, 0x03, 0x00, 0x94, 0x00, 0x2e, 0x00, 0x34,
  0x28, 0xe9, 0xff, 0x97, 0x1f, 0x1c, 0x00, 0x72, 0x60, 0x21, 0x00, 0x54, 0xc5, 0x03, 0x00, 0x94,
  0x1f, 0x1c, 0x00, 0x72, 0x00, 0x21, 0x00, 0x54, 0xd7, 0x03, 0x00, 0x94, 0x02, 0x00, 0x00, 0xd0,
  0x42, 0x44, 0x00, 0x91, 0xc1, 0x03, 0x00, 0x94, 0x03, 0x01, 0x00, 0x14, 0xc8, 0x4e, 0x40, 0x39,
  0x08, 0x05, 0x00, 0x12, 0x1f, 0x09, 0x00, 0x71, 0xa1, 0x01, 0x00, 0x54, 0x28, 0x00, 0x80, 0x52,
  0x68, 0x46, 0x1b, 0x39, 0x17, 0xe9, 0xff, 0x97, 0x1f, 0x1c, 0x00, 0x72, 0x00, 0x01, 0x00, 0x54,
  0xb4, 0x03, 0x00, 0x94, 0x1f, 0x1c, 0x00, 0x72, 0xa0, 0x00, 0x00, 0x54, 0x01, 0x00, 0x00, 0xf0,
  0x21, 0x58, 0x1d, 0x91, 0xbf, 0x03, 0x00, 0x94, 0xb0, 0x03, 0x00, 0x94, 0xe0, 0x03, 0x13, 0xaa,
  0xe1, 0x03, 0x1f, 0x2a, 0xe2, 0x03, 0x1f, 0x2a, 0x25, 0x02, 0x00, 0x94, 0xf3, 0x03, 0x00, 0x2a,
  0xe1, 0x01, 0x00, 0x14, 0x07, 0xe9, 0xff, 0x97, 0x1f, 0x1c, 0x00, 0x72, 0xe0, 0x00, 0x00, 0x54,
  0xa8, 0x03, 0x00, 0x94, 0x1f, 0x1c, 0x00, 0x72, 0x80, 0x00, 0x00, 0x54, 0x01, 0x00, 0x00, 0xf0,
  0x21, 0x94, 0x26, 0x91, 0x97, 0x03, 0x00, 0x94, 0xff, 0x7f, 0x0b, 0x29, 0xfd, 0xe8, 0xff, 0x97,
  0x1f, 0x1c, 0x00, 0x72, 0x00, 0x01, 0x00, 0x54, 0x96, 0x03, 0x00, 0x94, 0x1f, 0x1c, 0x00, 0x72,
  0xa0, 0x00, 0x00, 0x54, 0x9d, 0x03, 0x00, 0x94, 0x02, 0x00, 0x00, 0xf0, 0x42, 0x3c, 0x3f, 0x91,
  0x92, 0x03, 0x00, 0x94, 0x68, 0x46, 0x43, 0xf9, 0x08, 0x35, 0x40, 0x39, 0x1f, 0x41, 0x00, 0xf1,
  0x02, 0x1c, 0x00, 0x54, 0x09, 0x03, 0x80, 0x52, 0x01, 0x01, 0x80, 0x52, 0xe2, 0x03, 0x1f, 0x2a,
  0x08, 0x4d, 0xa9, 0x9b, 0x29, 0x00, 0x00, 0xb0, 0x29, 0xa1, 0x1b, 0x91, 0x08, 0x29, 0x4e, 0x29,
  0x74, 0x32, 0x43, 0xf9, 0x29, 0x01, 0x40, 0xf9, 0x4a, 0x05, 0x00, 0x51, 0x75, 0x36, 0x43, 0xf9,
  0x4a, 0x09, 0xc0, 0x5a, 0x08, 0x09, 0xc0, 0x5a, 0xe0, 0x03, 0x14, 0xaa, 0x29, 0xb5, 0x40, 0xf9,
  0xe8, 0x2b, 0x0b, 0x29, 0x20, 0x01, 0x3f, 0xd6, 0xe2, 0x73, 0x01, 0x91, 0xe0, 0x03, 0x14, 0xaa,
  0xe1, 0x03, 0x15, 0xaa, 0x9f, 0x03, 0x00, 0x94, 0xa1, 0x12, 0x00, 0xd1, 0x80, 0x12, 0x00, 0x91,
  0xe2, 0x63, 0x01, 0x91, 0x9b, 0x03, 0x00, 0x94, 0x28, 0x00, 0x00, 0x90, 0x61, 0x62, 0x19, 0x91,
  0x00, 0x85, 0xc2, 0x3d, 0xe0, 0x0f, 0x80, 0x3d, 0xe8, 0x1f, 0x40, 0xf9, 0xa1, 0x03, 0x00, 0x94,
  0xe8, 0x1b, 0x40, 0xf9, 0x91, 0x03, 0x00, 0x94, 0xe0, 0x22, 0x00, 0x34, 0xcd, 0xe8, 0xff, 0x97,
  0x1f, 0x1c, 0x00, 0x72, 0x80, 0x18, 0x00, 0x54, 0x6a, 0x03, 0x00, 0x94, 0x1f, 0x1c, 0x00, 0x72,
  0x20, 0x18, 0x00, 0x54, 0x7c, 0x03, 0x00, 0x94, 0x02, 0x00, 0x00, 0xf0, 0x42, 0x3c, 0x3f, 0x91,
  0x66, 0x03, 0x00, 0x94, 0xbc, 0x00, 0x00, 0x14, 0xc2, 0xe8, 0xff, 0x97, 0x1f, 0x1c, 0x00, 0x72,
  0xe0, 0x00, 0x00, 0x54, 0x63, 0x03, 0x00, 0x94, 0x1f, 0x1c, 0x00, 0x72, 0x80, 0x00, 0x00, 0x54,
  0x01, 0x00, 0x00, 0xd0, 0x21, 0x78, 0x21, 0x91, 0x52, 0x03, 0x00, 0x94, 0xff, 0x7f, 0x0c, 0x29,
  0xb8, 0xe8, 0xff, 0x97, 0x1f, 0x1c, 0x00, 0x72, 0xe0, 0x00, 0x00, 0x54, 0x51, 0x03, 0x00, 0x94,
  0x1f, 0x1c, 0x00, 0x72, 0x80, 0x00, 0x00, 0x54, 0x58, 0x03, 0x00, 0x94, 0x7b, 0x03, 0x00, 0x94,
  0x4e, 0x03, 0x00, 0x94, 0x82, 0x03, 0x00, 0x94, 0xf4, 0x67, 0x40, 0xb9, 0x68, 0x22, 0x43, 0xf9,
  0x1f, 0x01, 0x14, 0xeb, 0x42, 0x20, 0x00, 0x54, 0x75, 0x1e, 0x43, 0xf9, 0xa9, 0xe8, 0xff, 0x97,
  0x1f, 0x1c, 0x00, 0x72, 0x60, 0x01, 0x00, 0x54, 0x59, 0x03, 0x00, 0x94, 0x1f, 0x1c, 0x00, 0x72,
  0x00, 0x01, 0x00, 0x54, 0x64, 0x22, 0x43, 0xf9, 0x01, 0x00, 0x00, 0xf0, 0x21, 0x58, 0x06, 0x91,
  0x6a, 0x03, 0x00, 0x94, 0x40, 0x00, 0x80, 0x52, 0xe3, 0x03, 0x14, 0x2a, 0x9a, 0xe8, 0xff, 0x97,
  0x60, 0xf6, 0x40, 0xf9, 0x62, 0xe2, 0x18, 0x91, 0xe1, 0x03, 0x14, 0xaa, 0x08, 0x30, 0x40, 0xf9,
  0x00, 0x01, 0x3f, 0xd6, 0x40, 0x1c, 0xf8, 0xb7, 0x60, 0xf6, 0x40, 0xf9, 0xe1, 0x03, 0x15, 0xaa,
  0x08, 0x34, 0x40, 0xf9, 0x00, 0x01, 0x3f, 0xd6, 0x80, 0x20, 0xf8, 0xb7, 0xe8, 0x03, 0x14, 0xaa,
  0x74, 0x22, 0x03, 0xf9, 0xe6, 0x00, 0x00, 0x14, 0x8e, 0xe8, 0xff, 0x97, 0x1f, 0x1c, 0x00, 0x72,
  0xe0, 0x00, 0x00, 0x54, 0x2f, 0x03, 0x00, 0x94, 0x1f, 0x1c, 0x00, 0x72, 0x80, 0x00, 0x00, 0x54,
  0x01, 0x00, 0x00, 0xd0, 0x21, 0x88, 0x37, 0x91, 0x1e, 0x03, 0x00, 0x94, 0x85, 0xe8, 0xff, 0x97,
  0x1f, 0x1c, 0x00, 0x72, 0x00, 0x01, 0x00, 0x54, 0x1e, 0x03, 0x00, 0x94, 0x1f, 0x1c, 0x00, 0x72,
  0xa0, 0x00, 0x00, 0x54, 0x25, 0x03, 0x00, 0x94, 0x02, 0x00, 0x00, 0xf0, 0x42, 0xdc, 0x08, 0x91,
  0x1a, 0x03, 0x00, 0x94, 0x68, 0x46, 0x43, 0xf9, 0x61, 0xc2, 0x18, 0x91, 0x60, 0xf6, 0x40, 0xf9,
  0x08, 0x4d, 0x40, 0x39, 0x4d, 0x03, 0x00, 0x94, 0x40, 0x16, 0x00, 0x34, 0x75, 0xe8, 0xff, 0x97,
  0x1f, 0x1c, 0x00, 0x72, 0x00, 0x01, 0x00, 0x54, 0x12, 0x03, 0x00, 0x94, 0x1f, 0x1c, 0x00, 0x72,
  0xa0, 0x00, 0x00, 0x54, 0x24, 0x03, 0x00, 0x94, 0x02, 0x00, 0x00, 0xf0, 0x42, 0xdc, 0x08, 0x91,
  0x0e, 0x03, 0x00, 0x94, 0x33, 0x00, 0x80, 0x52, 0xa7, 0x00, 0x00, 0x14, 0x29, 0x79, 0x1d, 0x12,
  0xca, 0x00, 0x80, 0x52, 0x0b, 0x05, 0x80, 0x52, 0x29, 0x01, 0x00, 0x32, 0xea, 0x7b, 0x01, 0x39,
  0xeb, 0xd3, 0x00, 0x79, 0x09, 0xb1, 0x01, 0x39, 0x62, 0xe8, 0xff, 0x97, 0x1f, 0x1c, 0x00, 0x72,
  0xc0, 0x0d, 0x00, 0x54, 0x03, 0x03, 0x00, 0x94, 0x1f, 0x1c, 0x00, 0x72, 0x60, 0x0d, 0x00, 0x54,
  0x01, 0x00, 0x00, 0xd0, 0x21, 0x9c, 0x13, 0x91, 0x27, 0x03, 0x00, 0x94, 0x00, 0x08, 0x80, 0x52,
  0xe3, 0x03, 0x16, 0x2a, 0x54, 0xe8, 0xff, 0x97, 0x64, 0x00, 0x00, 0x14, 0xe0, 0x03, 0x13, 0xaa,
  0xe1, 0x03, 0x1f, 0x2a, 0xe2, 0x03, 0x1f, 0x2a, 0x6d, 0x01, 0x00, 0x94, 0xf3, 0x03, 0x00, 0x2a,
  0x50, 0xe8, 0xff, 0x97, 0x1f, 0x1c, 0x00, 0x72, 0xe0, 0x24, 0x00, 0x54, 0xe9, 0x02, 0x00, 0x94,
  0x1f, 0x1c, 0x00, 0x72, 0x80, 0x24, 0x00, 0x54, 0xf3, 0x02, 0x00, 0x94, 0x02, 0x00, 0x00, 0xd0,
  0x42, 0x88, 0x07, 0x91, 0x1f, 0x01, 0x00, 0x14, 0xd3, 0x00, 0x80, 0x52, 0x9e, 0xfe, 0xff, 0x17,
  0xf5, 0x67, 0x40, 0xb9, 0x68, 0x36, 0x43, 0xf9, 0x1f, 0x01, 0x15, 0xeb, 0xa2, 0x19, 0x00, 0x54,
  0x76, 0x32, 0x43, 0xf9, 0x3f, 0xe8, 0xff, 0x97, 0x1f, 0x1c, 0x00, 0x72, 0x60, 0x01, 0x00, 0x54,
  0xef, 0x02, 0x00, 0x94, 0x1f, 0x1c, 0x00, 0x72, 0x00, 0x01, 0x00, 0x54, 0x64, 0x36, 0x43, 0xf9,
  0x01, 0x00, 0x00, 0xd0, 0x21, 0x28, 0x05, 0x91, 0xf5, 0x02, 0x00, 0x94, 0x40, 0x00, 0x80, 0x52,
  0xe3, 0x03, 0x15, 0x2a, 0x30, 0xe8, 0xff, 0x97, 0x60, 0xf6, 0x40, 0xf9, 0x62, 0x82, 0x19, 0x91,
  0xe1, 0x03, 0x15, 0xaa, 0x08, 0x30, 0x40, 0xf9, 0x00, 0x01, 0x3f, 0xd6, 0xa0, 0x15, 0xf8, 0xb7,
  0x60, 0xf6, 0x40, 0xf9, 0xe1, 0x03, 0x16, 0xaa, 0x08, 0x34, 0x40, 0xf9, 0x00, 0x01, 0x3f, 0xd6,
  0x20, 0x25, 0xf8, 0xb7, 0xe8, 0x03, 0x15, 0xaa, 0x75, 0x36, 0x03, 0xf9, 0xb1, 0x00, 0x00, 0x14,
  0xb1, 0x02, 0x00, 0x94, 0x43, 0x4a, 0x80, 0x52, 0x1f, 0xe8, 0xff, 0x97, 0x20, 0xe8, 0xff, 0x97,
  0x1f, 0x1c, 0x00, 0x72, 0x80, 0x00, 0x00, 0x54, 0xb1, 0x02, 0x00, 0x94, 0x41, 0x4a, 0x80, 0x52,
  0x1a, 0xe8, 0xff, 0x97, 0x33, 0x00, 0x80, 0x52, 0x1a, 0xe8, 0xff, 0x97, 0x1f, 0x1c, 0x00, 0x72,
  0x20, 0x1e, 0x00, 0x54, 0xb3, 0x02, 0x00, 0x94, 0x1f, 0x1c, 0x00, 0x72, 0xc0, 0x1d, 0x00, 0x54,
  0xbd, 0x02, 0x00, 0x94, 0x02, 0x00, 0x00, 0xb0, 0x42, 0x44, 0x00, 0x91, 0xe9, 0x00, 0x00, 0x14,
  0x9d, 0x02, 0x00, 0x94, 0xc3, 0x52, 0x80, 0x52, 0x0b, 0xe8, 0xff, 0x97, 0x0c, 0xe8, 0xff, 0x97,
  0x1f, 0x1c, 0x00, 0x72, 0x80, 0x00, 0x00, 0x54, 0x9d, 0x02, 0x00, 0x94, 0xc1, 0x52, 0x80, 0x52,
  0x06, 0xe8, 0xff, 0x97, 0x33, 0x00, 0x80, 0x52, 0x06, 0xe8, 0xff, 0x97, 0x1f, 0x1c, 0x00, 0x72,
  0xa0, 0x1b, 0x00, 0x54, 0x9f, 0x02, 0x00, 0x94, 0x1f, 0x1c, 0x00, 0x72, 0x40, 0x1b, 0x00, 0x54,
  0xa9, 0x02, 0x00, 0x94, 0x02, 0x00, 0x00, 0xd0, 0x42, 0x3c, 0x3f, 0x91, 0xd5, 0x00, 0x00, 0x14,
  0xfc, 0xe7, 0xff, 0x97, 0x1f, 0x1c, 0x00, 0x72, 0x00, 0x01, 0x00, 0x54, 0x99, 0x02, 0x00, 0x94,
  0x1f, 0x1c, 0x00, 0x72, 0xa0, 0x00, 0x00, 0x54, 0x01, 0x00, 0x00, 0xd0, 0x21, 0xbc, 0x2b, 0x91,
  0xc1, 0x02, 0x00, 0x94, 0x95, 0x02, 0x00, 0x94, 0xe2, 0x73, 0x01, 0x91, 0xe0, 0x03, 0x14, 0xaa,
  0xe1, 0x03, 0x15, 0xaa, 0x43, 0x02, 0x80, 0x52, 0xda, 0x02, 0x00, 0x94, 0x08, 0x00, 0x00, 0xf0,
  0x61, 0x62, 0x19, 0x91, 0x00, 0x75, 0xc2, 0x3d, 0xe0, 0x07, 0x80, 0x3d, 0xe8, 0x0f, 0x40, 0xf9,
  0xb8, 0x02, 0x00, 0x94, 0xe8, 0x0b, 0x40, 0xf9, 0xa8, 0x02, 0x00, 0x94, 0x80, 0x02, 0x00, 0x34,
  0xe4, 0xe7, 0xff, 0x97, 0x1f, 0x1c, 0x00, 0x72, 0xe0, 0x00, 0x00, 0x54, 0x81, 0x02, 0x00, 0x94,
  0x1f, 0x1c, 0x00, 0x72, 0x80, 0x00, 0x00, 0x54, 0x93, 0x02, 0x00, 0x94, 0xaa, 0x02, 0x00, 0x94,
  0x7e, 0x02, 0x00, 0x94, 0x33, 0x00, 0x80, 0x52, 0xda, 0xe7, 0xff, 0x97, 0x1f, 0x1c, 0x00, 0x72,
  0x20, 0x16, 0x00, 0x54, 0x73, 0x02, 0x00, 0x94, 0x1f, 0x1c, 0x00, 0x72, 0xc0, 0x15, 0x00, 0x54,
  0x7d, 0x02, 0x00, 0x94, 0xa0, 0x02, 0x00, 0x94, 0xaa, 0x00, 0x00, 0x14, 0xd3, 0x00, 0x80, 0x52,
  0xf6, 0xff, 0xff, 0x17, 0xd3, 0x00, 0x80, 0x52, 0xce, 0xe7, 0xff, 0x97, 0x1f, 0x1c, 0x00, 0x72,
  0xa0, 0x14, 0x00, 0x54, 0x67, 0x02, 0x00, 0x94, 0x1f, 0x1c, 0x00, 0x72, 0x40, 0x14, 0x00, 0x54,
  0x71, 0x02, 0x00, 0x94, 0x02, 0x00, 0x00, 0xb0, 0x42, 0x3c, 0x05, 0x91, 0x9d, 0x00, 0x00, 0x14,
  0xf3, 0x00, 0x80, 0x52, 0xc3, 0xe7, 0xff, 0x97, 0x1f, 0x1c, 0x00, 0x72, 0x40, 0x13, 0x00, 0x54,
  0x5c, 0x02, 0x00, 0x94, 0x1f, 0x1c, 0x00, 0x72, 0xe0, 0x12, 0x00, 0x54, 0x66, 0x02, 0x00, 0x94,
  0x02, 0x00, 0x00, 0xf0, 0x42, 0xdc, 0x08, 0x91, 0x92, 0x00, 0x00, 0x14, 0xd3, 0x00, 0x80, 0x52,
  0x9e, 0xff, 0xff, 0x17, 0xd3, 0x00, 0x80, 0x52, 0xb0, 0xff, 0xff, 0x17, 0xb5, 0xe7, 0xff, 0x97,
  0x1f, 0x1c, 0x00, 0x72, 0x00, 0x01, 0x00, 0x54, 0x52, 0x02, 0x00, 0x94, 0x1f, 0x1c, 0x00, 0x72,
  0xa0, 0x00, 0x00, 0x54, 0x01, 0x00, 0x00, 0xd0, 0x21, 0x90, 0x3f, 0x91, 0x77, 0x02, 0x00, 0x94,
  0x4e, 0x02, 0x00, 0x94, 0x68, 0x22, 0x43, 0xf9, 0x75, 0x1e, 0x03, 0xf9, 0x1f, 0x01, 0x14, 0xeb,
  0x60, 0xf6, 0x40, 0xf9, 0x08, 0x31, 0x94, 0x9a, 0x61, 0xc2, 0x18, 0x91, 0x7b, 0x02, 0x00, 0x94,
  0x80, 0x01, 0x00, 0x34, 0xa3, 0xe7, 0xff, 0x97, 0x1f, 0x1c, 0x00, 0x72, 0xe0, 0x00, 0x00, 0x54,
  0x40, 0x02, 0x00, 0x94, 0x1f, 0x1c, 0x00, 0x72, 0x80, 0x00, 0x00, 0x54, 0x52, 0x02, 0x00, 0x94,
  0x66, 0x02, 0x00, 0x94, 0x3d, 0x02, 0x00, 0x94, 0x33, 0x00, 0x80, 0x52, 0x02, 0x00, 0x00, 0x14,
  0xf3, 0x00, 0x80, 0x52, 0x97, 0xe7, 0xff, 0x97, 0x1f, 0x1c, 0x00, 0x72, 0xc0, 0x0d, 0x00, 0x54,
  0x30, 0x02, 0x00, 0x94, 0x1f, 0x1c, 0x00, 0x72, 0x60, 0x0d, 0x00, 0x54, 0x3a, 0x02, 0x00, 0x94,
  0x5a, 0x02, 0x00, 0x94, 0x67, 0x00, 0x00, 0x14, 0xf5, 0x03, 0x00, 0xaa, 0x8d, 0xe7, 0xff, 0x97,
  0x1f, 0x1c, 0x00, 0x72, 0x40, 0xdf, 0xff, 0x54, 0x3d, 0x02, 0x00, 0x94, 0x1f, 0x1c, 0x00, 0x72,
  0xe0, 0xde, 0xff, 0x54, 0x01, 0x00, 0x00, 0xd0, 0x21, 0xe8, 0x37, 0x91, 0x4f, 0x02, 0x00, 0x94,
  0x40, 0x00, 0x80, 0x52, 0xe3, 0x03, 0x15, 0xaa, 0x7f, 0xe7, 0xff, 0x97, 0xf0, 0xfe, 0xff, 0x17,
  0x80, 0xe7, 0xff, 0x97, 0x1f, 0x1c, 0x00, 0x72, 0x00, 0x01, 0x00, 0x54, 0x1d, 0x02, 0x00, 0x94,
  0x1f, 0x1c, 0x00, 0x72, 0xa0, 0x00, 0x00, 0x54, 0x01, 0x00, 0x00, 0xd0, 0x21, 0x90, 0x3f, 0x91,
  0x37, 0x02, 0x00, 0x94, 0x19, 0x02, 0x00, 0x94, 0x68, 0x36, 0x43, 0xf9, 0x76, 0x32, 0x03, 0xf9,
  0xf6, 0x5f, 0x40, 0xb9, 0x1f, 0x01, 0x15, 0xeb, 0x17, 0x31, 0x95, 0x9a, 0x71, 0xe7, 0xff, 0x97,
  0x1f, 0x1c, 0x00, 0x72, 0xe0, 0x00, 0x00, 0x54, 0x0a, 0x02, 0x00, 0x94, 0x1f, 0x1c, 0x00, 0x72,
  0x80, 0x00, 0x00, 0x54, 0x11, 0x02, 0x00, 0x94, 0x53, 0x02, 0x00, 0x94, 0x07, 0x02, 0x00, 0x94,
  0x9f, 0x42, 0x00, 0x71, 0xa2, 0x01, 0x00, 0x54, 0x20, 0x03, 0x46, 0xf8, 0x20, 0x0b, 0x00, 0xb4,
  0x08, 0x04, 0x40, 0xf9, 0xe2, 0x03, 0x16, 0xaa, 0x09, 0x0c, 0x40, 0xf9, 0xe3, 0x03, 0x17, 0xaa,
  0x64, 0x32, 0x43, 0xf9, 0x01, 0x01, 0x40, 0xb9, 0x20, 0x01, 0x3f, 0xd6, 0x80, 0x0d, 0xf8, 0xb7,
  0xf7, 0x03, 0x1f, 0x2a, 0x0b, 0x00, 0x00, 0x14, 0xe7, 0x01, 0x00, 0x94, 0x03, 0x16, 0x80, 0x52,
  0x55, 0xe7, 0xff, 0x97, 0x56, 0xe7, 0xff, 0x97, 0x1f, 0x1c, 0x00, 0x72, 0x80, 0x00, 0x00, 0x54,
  0xe7, 0x01, 0x00, 0x94, 0x01, 0x16, 0x80, 0x52, 0x50, 0xe7, 0xff, 0x97, 0x37, 0x00, 0x80, 0x52,
  0x50, 0xe7, 0xff, 0x97, 0x1f, 0x1c, 0x00, 0x72, 0xe0, 0x00, 0x00, 0x54, 0xe9, 0x01, 0x00, 0x94,
  0x1f, 0x1c, 0x00, 0x72, 0x80, 0x00, 0x00, 0x54, 0xf3, 0x01, 0x00, 0x94, 0x32, 0x02, 0x00, 0x94,
  0xe6, 0x01, 0x00, 0x94, 0x57, 0x05, 0x00, 0x34, 0x46, 0xe7, 0xff, 0x97, 0x1f, 0x1c, 0x00, 0x72,
  0x80, 0x01, 0x00, 0x54, 0xe3, 0x01, 0x00, 0x94, 0x1f, 0x1c, 0x00, 0x72, 0x20, 0x01, 0x00, 0x54,
  0x01, 0x00, 0x00, 0xb0, 0x21, 0xc4, 0x23, 0x91, 0xfd, 0x01, 0x00, 0x94, 0x00, 0x00, 0xb0, 0x52,
  0xe3, 0x03, 0x14, 0x2a, 0xe4, 0x03, 0x16, 0x2a, 0xe5, 0x03, 0x15, 0x2a, 0x36, 0xe7, 0xff, 0x97,
  0x28, 0xc3, 0x46, 0x38, 0x08, 0x19, 0x1f, 0x12, 0x28, 0xc3, 0x06, 0x38, 0x02, 0x0b, 0x40, 0xb9,
  0xe0, 0x03, 0x13, 0xaa, 0x21, 0x00, 0x80, 0x52, 0x4d, 0x00, 0x00, 0x94, 0xf3, 0x03, 0x00, 0x2a,
  0x30, 0xe7, 0xff, 0x97, 0x1f, 0x1c, 0x00, 0x72, 0xe0, 0x00, 0x00, 0x54, 0xc9, 0x01, 0x00, 0x94,
  0x1f, 0x1c, 0x00, 0x72, 0x80, 0x00, 0x00, 0x54, 0xd3, 0x01, 0x00, 0x94, 0xe8, 0x01, 0x00, 0x94,
  0xc6, 0x01, 0x00, 0x94, 0x27, 0xe7, 0xff, 0x97, 0x1f, 0x1c, 0x00, 0x72, 0xa0, 0x89, 0xff, 0x54,
  0xc0, 0x01, 0x00, 0x94, 0x1f, 0x1c, 0x00, 0x72, 0x40, 0x89, 0xff, 0x54, 0xca, 0x01, 0x00, 0x94,
  0xd0, 0x01, 0x00, 0x94, 0x00, 0x08, 0xa0, 0x52, 0x3a, 0xfc, 0xff, 0x17, 0x60, 0xf6, 0x40, 0xf9,
  0x61, 0x62, 0x19, 0x91, 0x75, 0x3e, 0x03, 0xf9, 0x7f, 0x3a, 0x03, 0xf9, 0x71, 0x00, 0x00, 0x94,
  0xe0, 0x02, 0x00, 0x34, 0x17, 0xe7, 0xff, 0x97, 0x1f, 0x1c, 0x00, 0x72, 0xe0, 0x00, 0x00, 0x54,
  0xb4, 0x01, 0x00, 0x94, 0x1f, 0x1c, 0x00, 0x72, 0x80, 0x00, 0x00, 0x54, 0xc6, 0x01, 0x00, 0x94,
  0xcf, 0x01, 0x00, 0x94, 0xb1, 0x01, 0x00, 0x94, 0x33, 0x00, 0x80, 0x52, 0xdd, 0xff, 0xff, 0x17,
  0x0c, 0xe7, 0xff, 0x97, 0x1f, 0x1c, 0x00, 0x72, 0x20, 0xf7, 0xff, 0x54, 0xa9, 0x01, 0x00, 0x94,
  0x1f, 0x1c, 0x00, 0x72, 0xc0, 0xf6, 0xff, 0x54, 0x01, 0x00, 0x00, 0xf0, 0x21, 0xc0, 0x18, 0x91,
  0xed, 0x01, 0x00, 0x94, 0xa5, 0x01, 0x00, 0x94, 0xb1, 0xff, 0xff, 0x17, 0xd3, 0x00, 0x80, 0x52,
  0xd0, 0xff, 0xff, 0x17, 0xf6, 0x03, 0x00, 0xaa, 0xfe, 0xe6, 0xff, 0x97, 0x1f, 0x1c, 0x00, 0x72,
  0xa0, 0xda, 0xff, 0x54, 0xae, 0x01, 0x00, 0x94, 0x1f, 0x1c, 0x00, 0x72, 0x40, 0xda, 0xff, 0x54,
  0x01, 0x00, 0x00, 0xd0, 0x21, 0xe8, 0x37, 0x91, 0xb5, 0x01, 0x00, 0x94, 0x40, 0x00, 0x80, 0x52,
  0xe3, 0x03, 0x16, 0xaa, 0xf0, 0xe6, 0xff, 0x97, 0xcb, 0xfe, 0xff, 0x17, 0xf7, 0x03, 0x00, 0xaa,
  0xf0, 0xe6, 0xff, 0x97, 0x1f, 0x1c, 0x00, 0x72, 0xa0, 0xf3, 0xff, 0x54, 0x8d, 0x01, 0x00, 0x94,
  0x1f, 0x1c, 0x00, 0x72, 0x40, 0xf3, 0xff, 0x54, 0x01, 0x00, 0x00, 0xd0, 0x21, 0xa4, 0x30, 0x91,
  0xd1, 0x01, 0x00, 0x94, 0xc2, 0x01, 0x00, 0x94, 0x95, 0xff, 0xff, 0x17, 0xfe, 0x57, 0xbe, 0xa9,
  0xf4, 0x4f, 0x01, 0xa9, 0xf5, 0x03, 0x02, 0x2a, 0xf4, 0x03, 0x01, 0x2a, 0xba, 0x01, 0x00, 0x94,
  0x1f, 0x1c, 0x00, 0x72, 0x00, 0x01, 0x00, 0x54, 0x7a, 0x01, 0x00, 0x94, 0x1f, 0x1c, 0x00, 0x72,
  0xa0, 0x00, 0x00, 0x54, 0x81, 0x01, 0x00, 0x94, 0x02, 0x00, 0x00, 0xd0, 0x42, 0x70, 0x3e, 0x91,
  0x76, 0x01, 0x00, 0x94, 0xb3, 0x02, 0x00, 0xb4, 0x68, 0x46, 0x43, 0xf9, 0x61, 0xa2, 0x1a, 0x91,
  0x69, 0x5a, 0x43, 0xf9, 0x1f, 0x39, 0x00, 0x39, 0x35, 0x09, 0x00, 0xb9, 0x34, 0x31, 0x00, 0x39,
  0x60, 0xf6, 0x40, 0xf9, 0x27, 0x00, 0x00, 0x94, 0xe0, 0x02, 0x00, 0x34, 0xcd, 0xe6, 0xff, 0x97,
  0x1f, 0x1c, 0x00, 0x72, 0x40, 0x02, 0x00, 0x54, 0x6a, 0x01, 0x00, 0x94, 0x1f, 0x1c, 0x00, 0x72,
  0xe0, 0x01, 0x00, 0x54, 0x7c, 0x01, 0x00, 0x94, 0x02, 0x00, 0x00, 0xd0, 0x42, 0x70, 0x3e, 0x91,
  0x66, 0x01, 0x00, 0x94, 0x0a, 0x00, 0x00, 0x14, 0x4f, 0x01, 0x00, 0x94, 0x43, 0x75, 0x80, 0x52,
  0xbd, 0xe6, 0xff, 0x97, 0xbe, 0xe6, 0xff, 0x97, 0x1f, 0x1c, 0x00, 0x72, 0x80, 0x00, 0x00, 0x54,
  0x4f, 0x01, 0x00, 0x94, 0x41, 0x75, 0x80, 0x52, 0xb8, 0xe6, 0xff, 0x97, 0x33, 0x00, 0x80, 0x52,
  0x02, 0x00, 0x00, 0x14, 0x13, 0x01, 0x80, 0x52, 0xb6, 0xe6, 0xff, 0x97, 0x1f, 0x1c, 0x00, 0x72,
  0x00, 0x01, 0x00, 0x54, 0x4f, 0x01, 0x00, 0x94, 0x1f, 0x1c, 0x00, 0x72, 0xa0, 0x00, 0x00, 0x54,
  0x59, 0x01, 0x00, 0x94, 0x02, 0x00, 0x00, 0xd0, 0x42, 0x70, 0x3e, 0x91, 0x4b, 0x01, 0x00, 0x94,
  0xe0, 0x03, 0x13, 0x2a, 0xf4, 0x4f, 0x41, 0xa9, 0xfe, 0x57, 0xc2, 0xa8, 0xc0, 0x03, 0x5f, 0xd6,
  0xfe, 0x0f, 0x1e, 0xf8, 0xf4, 0x4f, 0x01, 0xa9, 0xf3, 0x03, 0x01, 0xaa, 0xf4, 0x03, 0x00, 0xaa,
  0xa4, 0xe6, 0xff, 0x97, 0x1f, 0x1c, 0x00, 0x72, 0x00, 0x01, 0x00, 0x54, 0x3d, 0x01, 0x00, 0x94,
  0x1f, 0x1c, 0x00, 0x72, 0xa0, 0x00, 0x00, 0x54, 0x44, 0x01, 0x00, 0x94, 0x02, 0x00, 0x00, 0xd0,
  0x42, 0x70, 0x02, 0x91, 0x39, 0x01, 0x00, 0x94, 0x14, 0x01, 0x00, 0xb4, 0xe0, 0x03, 0x14, 0xaa,
  0xe1, 0x03, 0x13, 0xaa, 0x49, 0xfa, 0xff, 0x97, 0xf3, 0x03, 0x00, 0xaa, 0xe0, 0x01, 0xf8, 0xb7,
  0xf4, 0x03, 0x13, 0xaa, 0x1c, 0x00, 0x00, 0x14, 0x1f, 0x01, 0x00, 0x94, 0x23, 0x11, 0x80, 0x52,
  0x54, 0x00, 0x80, 0xd2, 0x14, 0x00, 0xf0, 0xf2, 0x8b, 0xe6, 0xff, 0x97, 0x8c, 0xe6, 0xff, 0x97,
  0x1f, 0x1c, 0x00, 0x72, 0x80, 0x02, 0x00, 0x54, 0x1d, 0x01, 0x00, 0x94, 0x21, 0x11, 0x80, 0x52,
  0x86, 0xe6, 0xff, 0x97, 0x10, 0x00, 0x00, 0x14, 0x54, 0x00, 0x80, 0xd2, 0x14, 0x00, 0xf0, 0xf2,
  0x84, 0xe6, 0xff, 0x97, 0x1f, 0x1c, 0x00, 0x72, 0x60, 0x01, 0x00, 0x54, 0x34, 0x01, 0x00, 0x94,
  0x1f, 0x1c, 0x00, 0x72, 0x00, 0x01, 0x00, 0x54, 0x01, 0x00, 0x00, 0xf0, 0x21, 0x90, 0x26, 0x91,
  0x02, 0x00, 0x00, 0xd0, 0x42, 0x70, 0x02, 0x91, 0x40, 0x00, 0x80, 0x52, 0xe3, 0x03, 0x13, 0xaa,
  0x75, 0xe6, 0xff, 0x97, 0x77, 0xe6, 0xff, 0x97, 0x1f, 0x1c, 0x00, 0x72, 0x00, 0x01, 0x00, 0x54,
  0x10, 0x01, 0x00, 0x94, 0x1f, 0x1c, 0x00, 0x72, 0xa0, 0x00, 0x00, 0x54, 0x1a, 0x01, 0x00, 0x94,
  0x02, 0x00, 0x00, 0xd0, 0x42, 0x70, 0x02, 0x91, 0x0c, 0x01, 0x00, 0x94, 0x9f, 0x02, 0x00, 0xf1,
  0xf4, 0x4f, 0x41, 0xa9, 0xe0, 0x03, 0x9f, 0x5a, 0xfe, 0x07, 0x42, 0xf8, 0xc0, 0x03, 0x5f, 0xd6,
  0xff, 0x03, 0x01, 0xd1, 0xfe, 0x5f, 0x01, 0xa9, 0xf6, 0x57, 0x02, 0xa9, 0xf4, 0x4f, 0x03, 0xa9,
  0x3d, 0x01, 0x00, 0x94, 0x1f, 0x1c, 0x00, 0x72, 0xe0, 0x00, 0x00, 0x54, 0xfd, 0x00, 0x00, 0x94,
  0x1f, 0x1c, 0x00, 0x72, 0x80, 0x00, 0x00, 0x54, 0x04, 0x01, 0x00, 0x94, 0x43, 0x01, 0x00, 0x94,
  0xfa, 0x00, 0x00, 0x94, 0x53, 0x07, 0x00, 0xb4, 0x68, 0x46, 0x43, 0xf9, 0x14, 0x3d, 0x40, 0x39,
  0x9f, 0xaa, 0x00, 0x71, 0x21, 0x08, 0x00, 0x54, 0x56, 0xe6, 0xff, 0x97, 0x1f, 0x1c, 0x00, 0x72,
  0x20, 0x01, 0x00, 0x54, 0xf7, 0x00, 0x00, 0x94, 0x1f, 0x1c, 0x00, 0x72, 0xc0, 0x00, 0x00, 0x54,
  0x01, 0x00, 0x00, 0xd0, 0x21, 0x24, 0x02, 0x91, 0x34, 0x01, 0x00, 0x94, 0x00, 0x08, 0x80, 0x52,
  0x49, 0xe6, 0xff, 0x97, 0xff, 0x7f, 0x01, 0x29, 0x4a, 0xe6, 0xff, 0x97, 0x1f, 0x1c, 0x00, 0x72,
  0x00, 0x01, 0x00, 0x54, 0xe3, 0x00, 0x00, 0x94, 0x1f, 0x1c, 0x00, 0x72, 0xa0, 0x00, 0x00, 0x54,
  0xea, 0x00, 0x00, 0x94, 0x02, 0x00, 0x00, 0xb0, 0x42, 0x0c, 0x1d, 0x91, 0xdf, 0x00, 0x00, 0x94,
  0xe1, 0x13, 0x00, 0x91, 0xe0, 0x03, 0x13, 0xaa, 0x93, 0x00, 0x00, 0x94, 0xf4, 0x23, 0x40, 0x39,
  0xf5, 0x07, 0x40, 0xb9, 0xf6, 0x0f, 0x40, 0xb9, 0x3a, 0xe6, 0xff, 0x97, 0x1f, 0x1c, 0x00, 0x72,
  0xe0, 0x00, 0x00, 0x54, 0xd3, 0x00, 0x00, 0x94, 0x1f, 0x1c, 0x00, 0x72, 0x80, 0x00, 0x00, 0x54,
  0xda, 0x00, 0x00, 0x94, 0x16, 0x01, 0x00, 0x94, 0xd0, 0x00, 0x00, 0x94, 0x9f, 0x42, 0x00, 0x71,
  0x02, 0x05, 0x00, 0x54, 0x08, 0x03, 0x80, 0x52, 0x88, 0x4e, 0xa8, 0x9b, 0x00, 0x31, 0x40, 0xf9,
  0x40, 0x0d, 0x00, 0xb4, 0x08, 0x04, 0x40, 0xf9, 0xe2, 0x03, 0x15, 0xaa, 0x09, 0x10, 0x40, 0xf9,
  0xe3, 0x03, 0x16, 0xaa, 0x64, 0x1e, 0x43, 0xf9, 0x01, 0x01, 0x40, 0xb9, 0x20, 0x01, 0x3f, 0xd6,
  0xa0, 0x0d, 0xf8, 0xb7, 0x37, 0x00, 0x80, 0x52, 0x24, 0x00, 0x00, 0x14, 0xae, 0x00, 0x00, 0x94,
  0x03, 0x9a, 0x80, 0x52, 0x1c, 0xe6, 0xff, 0x97, 0x1d, 0xe6, 0xff, 0x97, 0x1f, 0x1c, 0x00, 0x72,
  0x80, 0x00, 0x00, 0x54, 0xae, 0x00, 0x00, 0x94, 0x01, 0x9a, 0x80, 0x52, 0x17, 0xe6, 0xff, 0x97,
  0x73, 0x01, 0x80, 0x52, 0x46, 0x00, 0x00, 0x14, 0xdc, 0x00, 0x00, 0x94, 0xf3, 0x03, 0x00, 0x2a,
  0x14, 0xe6, 0xff, 0x97, 0x1f, 0x1c, 0x00, 0x72, 0x20, 0x08, 0x00, 0x54, 0xc4, 0x00, 0x00, 0x94,
  0x1f, 0x1c, 0x00, 0x72, 0xc0, 0x07, 0x00, 0x54, 0x01, 0x00, 0x00, 0xb0, 0x21, 0x00, 0x35, 0x91,
  0xf2, 0x00, 0x00, 0x94, 0x40, 0x00, 0x80, 0x52, 0xeb, 0x00, 0x00, 0x94, 0x38, 0x00, 0x00, 0x14,
  0x95, 0x00, 0x00, 0x94, 0x03, 0x1d, 0x80, 0x52, 0x03, 0xe6, 0xff, 0x97, 0x04, 0xe6, 0xff, 0x97,
  0x1f, 0x1c, 0x00, 0x72, 0x80, 0x00, 0x00, 0x54, 0x95, 0x00, 0x00, 0x94, 0x01, 0x1d, 0x80, 0x52,
  0xfe, 0xe5, 0xff, 0x97, 0xf7, 0x03, 0x1f, 0x2a, 0xfe, 0xe5, 0xff, 0x97, 0x1f, 0x1c, 0x00, 0x72,
  0xe0, 0x00, 0x00, 0x54, 0x97, 0x00, 0x00, 0x94, 0x1f, 0x1c, 0x00, 0x72, 0x80, 0x00, 0x00, 0x54,
  0xa1, 0x00, 0x00, 0x94, 0xda, 0x00, 0x00, 0x94, 0x94, 0x00, 0x00, 0x94, 0xb7, 0x02, 0x00, 0x37,
  0xf4, 0xe5, 0xff, 0x97, 0x1f, 0x1c, 0x00, 0x72, 0xa0, 0x01, 0x00, 0x54, 0x91, 0x00, 0x00, 0x94,
  0x1f, 0x1c, 0x00, 0x72, 0x40, 0x01, 0x00, 0x54, 0x01, 0x00, 0x00, 0xd0, 0x21, 0xe8, 0x1d, 0x91,
  0x02, 0x00, 0x00, 0xb0, 0x42, 0x0c, 0x1d, 0x91, 0x00, 0x00, 0xb0, 0x52, 0xe3, 0x03, 0x14, 0x2a,
  0xe4, 0x03, 0x15, 0x2a, 0xe5, 0x03, 0x16, 0x2a, 0xe3, 0xe5, 0xff, 0x97, 0x08, 0x03, 0x80, 0x52,
  0x88, 0x4e, 0xa8, 0x9b, 0x09, 0xb1, 0x41, 0x39, 0x29, 0x19, 0x1f, 0x12, 0x09, 0xb1, 0x01, 0x39,
  0xe0, 0xe5, 0xff, 0x97, 0x1f, 0x1c, 0x00, 0x72, 0x00, 0x01, 0x00, 0x54, 0x79, 0x00, 0x00, 0x94,
  0x1f, 0x1c, 0x00, 0x72, 0xa0, 0x00, 0x00, 0x54, 0x83, 0x00, 0x00, 0x94, 0x02, 0x00, 0x00, 0xb0,
  0x42, 0x0c, 0x1d, 0x91, 0x75, 0x00, 0x00, 0x94, 0xe1, 0x02, 0x00, 0x52, 0xe0, 0x03, 0x13, 0xaa,
  0xe2, 0x03, 0x1f, 0x2a, 0xee, 0xfe, 0xff, 0x97, 0xf3, 0x03, 0x00, 0x2a, 0xd1, 0xe5, 0xff, 0x97,
  0x1f, 0x1c, 0x00, 0x72, 0xe0, 0x00, 0x00, 0x54, 0x6a, 0x00, 0x00, 0x94, 0x1f, 0x1c, 0x00, 0x72,
  0x80, 0x00, 0x00, 0x54, 0x74, 0x00, 0x00, 0x94, 0xb0, 0x00, 0x00, 0x94, 0x67, 0x00, 0x00, 0x94,
  0xe0, 0x03, 0x13, 0x2a, 0xf4, 0x4f, 0x43, 0xa9, 0xf6, 0x57, 0x42, 0xa9, 0xfe, 0x5f, 0x41, 0xa9,
  0xff, 0x03, 0x01, 0x91, 0xc0, 0x03, 0x5f, 0xd6, 0xc2, 0xe5, 0xff, 0x97, 0x1f, 0x1c, 0x00, 0x72,
  0x20, 0xf8, 0xff, 0x54, 0x5f, 0x00, 0x00, 0x94, 0x1f, 0x1c, 0x00, 0x72, 0xc0, 0xf7, 0xff, 0x54,
  0x01, 0x00, 0x00, 0xf0, 0x21, 0xc0, 0x18, 0x91, 0x9d, 0x00, 0x00, 0x94, 0x5b, 0x00, 0x00, 0x94,
  0xb9, 0xff, 0xff, 0x17, 0xf7, 0x03, 0x00, 0xaa, 0xb6, 0xe5, 0xff, 0x97, 0x1f, 0x1c, 0x00, 0x72,
  0xa0, 0xf6, 0xff, 0x54, 0x53, 0x00, 0x00, 0x94, 0x1f, 0x1c, 0x00, 0x72, 0x40, 0xf6, 0xff, 0x54,
  0x01, 0x00, 0x00, 0xd0, 0x21, 0xdc, 0x21, 0x91, 0x91, 0x00, 0x00, 0x94, 0x88, 0x00, 0x00, 0x94,
  0xad, 0xff, 0xff, 0x17, 0xfe, 0x0f, 0x1e, 0xf8, 0xf4, 0x4f, 0x01, 0xa9, 0xf3, 0x03, 0x01, 0xaa,
  0xf4, 0x03, 0x00, 0xaa, 0xff, 0x0f, 0x00, 0xb9, 0xa6, 0xe5, 0xff, 0x97, 0x1f, 0x1c, 0x00, 0x72,
  0x00, 0x01, 0x00, 0x54, 0x3f, 0x00, 0x00, 0x94, 0x1f, 0x1c, 0x00, 0x72, 0xa0, 0x00, 0x00, 0x54,
  0x46, 0x00, 0x00, 0x94, 0x02, 0x00, 0x00, 0xd0, 0x42, 0x50, 0x2b, 0x91, 0x3b, 0x00, 0x00, 0x94,
  0x88, 0x46, 0x43, 0xf9, 0xe0, 0x33, 0x00, 0x91, 0x81, 0x00, 0x80, 0x52, 0x83, 0x00, 0x80, 0x52,
  0x09, 0x35, 0x40, 0x39, 0x02, 0x45, 0x00, 0x91, 0x69, 0x12, 0x00, 0x39, 0x14, 0x09, 0x40, 0xb9,
  0x80, 0x00, 0x00, 0x94, 0xe8, 0x0f, 0x40, 0xb9, 0x74, 0x0a, 0x00, 0xb9, 0x08, 0x09, 0xc0, 0x5a,
  0x68, 0x02, 0x00, 0xb9, 0x8f, 0xe5, 0xff, 0x97, 0x1f, 0x1c, 0x00, 0x72, 0xa0, 0x01, 0x00, 0x54,
  0x30, 0x00, 0x00, 0x94, 0x1f, 0x1c, 0x00, 0x72, 0x40, 0x01, 0x00, 0x54, 0x63, 0x12, 0x40, 0x39,
  0x01, 0x00, 0x00, 0xb0, 0x21, 0x20, 0x2d, 0x91, 0x64, 0x02, 0x40, 0xb9, 0x65, 0x0a, 0x40, 0xb9,
  0x02, 0x00, 0x00, 0xd0, 0x42, 0x50, 0x2b, 0x91, 0x00, 0x08, 0x80, 0x52, 0x7e, 0xe5, 0xff, 0x97,
  0x80, 0xe5, 0xff, 0x97, 0x1f, 0x1c, 0x00, 0x72, 0x00, 0x01, 0x00, 0x54, 0x19, 0x00, 0x00, 0x94,
  0x1f, 0x1c, 0x00, 0x72, 0xa0, 0x00, 0x00, 0x54, 0x23, 0x00, 0x00, 0x94, 0x02, 0x00, 0x00, 0xd0,
  0x42, 0x50, 0x2b, 0x91, 0x15, 0x00, 0x00, 0x94, 0xf4, 0x4f, 0x41, 0xa9, 0xfe, 0x07, 0x42, 0xf8,
  0xc0, 0x03, 0x5f, 0xd6, 0x01, 0x00, 0x00, 0xd0, 0x21, 0xc4, 0x04, 0x91, 0x02, 0x00, 0x00, 0xd0,
  0x42, 0xb8, 0x3c, 0x91, 0x00, 0x00, 0xb0, 0x52, 0xc0, 0x03, 0x5f, 0xd6, 0x00, 0x00, 0x00, 0xd0,
  0x00, 0xb8, 0x3c, 0x91, 0x02, 0x00, 0x00, 0xd0, 0x42, 0x80, 0x37, 0x91, 0xc0, 0x03, 0x5f, 0xd6,
  0x02, 0x00, 0x00, 0xd0, 0x42, 0x8c, 0x21, 0x91, 0x00, 0x08, 0x80, 0x52, 0x62, 0xe5, 0xff, 0x17,
  0x00, 0x08, 0xa0, 0x52, 0x64, 0xe5, 0xff, 0x17, 0x00, 0x08, 0xa0, 0x52, 0x5e, 0xe5, 0xff, 0x17,
  0x00, 0x00, 0xb0, 0x52, 0x60, 0xe5, 0xff, 0x17, 0x00, 0x00, 0xb0, 0x52, 0x5a, 0xe5, 0xff, 0x17,
  0x00, 0x08, 0x80, 0x52, 0x5c, 0xe5, 0xff, 0x17, 0x01, 0x00, 0x00, 0xd0, 0x21, 0x64, 0x28, 0x91,
  0xc0, 0x03, 0x5f, 0xd6, 0x01, 0x00, 0x00, 0xb0, 0x21, 0x2c, 0x19, 0x91, 0xc0, 0x03, 0x5f, 0xd6,
  0x08, 0x01, 0x40, 0xf9, 0xe0, 0x03, 0x14, 0xaa, 0x08, 0xb5, 0x40, 0xf9, 0x00, 0x01, 0x1f, 0xd6,
  0x02, 0x00, 0x00, 0xd0, 0x42, 0x8c, 0x21, 0x91, 0xc0, 0x03, 0x5f, 0xd6, 0x40, 0x00, 0x80, 0x52,
  0x4d, 0xe5, 0xff, 0x17, 0x01, 0x00, 0x00, 0xb0, 0x21, 0x34, 0x18, 0x91, 0xc0, 0x03, 0x5f, 0xd6,
  0x23, 0x00, 0x80, 0x52, 0x08, 0x20, 0x40, 0xf9, 0x00, 0x01, 0x1f, 0xd6, 0xe2, 0x03, 0x1f, 0x2a,
  0x08, 0xa1, 0x1b, 0x91, 0x74, 0x32, 0x43, 0xf9, 0xc0, 0x03, 0x5f, 0xd6, 0x02, 0x00, 0x00, 0xf0,
  0x42, 0xac, 0x08, 0x91, 0xc0, 0x03, 0x5f, 0xd6, 0x68, 0x3a, 0x03, 0xf9, 0x95, 0xfe, 0xff, 0x17,
  0x83, 0x00, 0x80, 0x52, 0x27, 0x00, 0x00, 0x14, 0xe0, 0x03, 0x13, 0xaa, 0x21, 0x00, 0x80, 0x52,
  0xe2, 0x03, 0x1f, 0x2a, 0x52, 0xfe, 0xff, 0x17, 0x02, 0x00, 0x00, 0xb0, 0x42, 0xfc, 0x21, 0x91,
  0xc0, 0x03, 0x5f, 0xd6, 0x02, 0x00, 0x00, 0xf0, 0x42, 0x1c, 0x00, 0x91, 0xc0, 0x03, 0x5f, 0xd6,
  0x60, 0xf6, 0x40, 0xf9, 0x68, 0x3e, 0x03, 0xf9, 0xc0, 0x03, 0x5f, 0xd6, 0xe1, 0x73, 0x01, 0x91,
  0xe0, 0x03, 0x13, 0xaa, 0x80, 0xff, 0xff, 0x17, 0x7f, 0x26, 0x03, 0xf9, 0x68, 0x2a, 0x03, 0xf9,
  0x80, 0xfe, 0xff, 0x17, 0xf3, 0x03, 0x00, 0xaa, 0x26, 0xe5, 0xff, 0x17, 0x00, 0x00, 0xb0, 0x52,
  0xe3, 0x03, 0x17, 0xaa, 0x20, 0xe5, 0xff, 0x17, 0x08, 0x01, 0x40, 0xf9, 0x08, 0xb5, 0x40, 0xf9,
  0x00, 0x01, 0x1f, 0xd6, 0xe3, 0x03, 0x14, 0x2a, 0x1b, 0xe5, 0xff, 0x17, 0x02, 0x00, 0x00, 0xf0,
  0x42, 0x90, 0x19, 0x91, 0xc0, 0x03, 0x5f, 0xd6, 0x02, 0x00, 0x00, 0xd0, 0x42, 0x50, 0x21, 0x91,
  0xc0, 0x03, 0x5f, 0xd6, 0x02, 0x00, 0x00, 0xb0, 0x42, 0x1c, 0x0c, 0x91, 0xc0, 0x03, 0x5f, 0xd6,
  0xe8, 0x03, 0x00, 0xaa, 0xe0, 0x03, 0x1f, 0xaa, 0xe8, 0x03, 0x00, 0xb4, 0xc2, 0x03, 0x00, 0xb4,
  0xfe, 0x0f, 0x1e, 0xf8, 0xf4, 0x4f, 0x01, 0xa9, 0xf3, 0x03, 0x03, 0xaa, 0x03, 0x03, 0x00, 0xb4,
  0xf4, 0x03, 0x01, 0xaa, 0x7f, 0x02, 0x01, 0xeb, 0x09, 0x02, 0x00, 0x54, 0x09, 0xe5, 0xff, 0x97,
  0x1f, 0x1c, 0x00, 0x72, 0x60, 0x01, 0x00, 0x54, 0x00, 0x00, 0xb0, 0x52, 0x06, 0xe5, 0xff, 0x97,
  0x1f, 0x1c, 0x00, 0x72, 0xe0, 0x00, 0x00, 0x54, 0x01, 0x00, 0x00, 0xd0, 0x21, 0x44, 0x31, 0x91,
  0x00, 0x00, 0xb0, 0x52, 0xe2, 0x03, 0x13, 0xaa, 0xe3, 0x03, 0x14, 0xaa, 0xfa, 0xe4, 0xff, 0x97,
  0xe0, 0x03, 0x1f, 0xaa, 0x06, 0x00, 0x00, 0x14, 0xe0, 0x03, 0x08, 0xaa, 0xe1, 0x03, 0x02, 0xaa,
  0xe2, 0x03, 0x13, 0xaa, 0xcf, 0xe6, 0xff, 0x97, 0xe0, 0x03, 0x13, 0xaa, 0xf4, 0x4f, 0x41, 0xa9,
  0xfe, 0x07, 0x42, 0xf8, 0xc0, 0x03, 0x5f, 0xd6, 0xfe, 0x0f, 0x1e, 0xf8, 0xf4, 0x4f, 0x01, 0xa9,
  0x53, 0x00, 0x80, 0xd2, 0x13, 0x00, 0xf0, 0xf2, 0xa3, 0x01, 0x00, 0xb4, 0xf4, 0x03, 0x03, 0xaa,
  0xec, 0xe4, 0xff, 0x97, 0x1f, 0x1c, 0x00, 0x72, 0xe0, 0x00, 0x00, 0x54, 0x26, 0x00, 0x00, 0x94,
  0x1f, 0x1c, 0x00, 0x72, 0x80, 0x00, 0x00, 0x54, 0x01, 0x00, 0x00, 0xd0, 0x21, 0xe8, 0x26, 0x91,
  0x23, 0x00, 0x00, 0x94, 0x73, 0x32, 0x00, 0x91, 0x9f, 0x02, 0x00, 0xb9, 0xe0, 0x03, 0x13, 0xaa,
  0xf4, 0x4f, 0x41, 0xa9, 0xfe, 0x07, 0x42, 0xf8, 0xc0, 0x03, 0x5f, 0xd6, 0xfe, 0x0f, 0x1f, 0xf8,
  0xdc, 0xe4, 0xff, 0x97, 0x1f, 0x1c, 0x00, 0x72, 0xe0, 0x00, 0x00, 0x54, 0x16, 0x00, 0x00, 0x94,
  0x1f, 0x1c, 0x00, 0x72, 0x80, 0x00, 0x00, 0x54, 0x01, 0x00, 0x00, 0xb0, 0x21, 0x5c, 0x11, 0x91,
  0x13, 0x00, 0x00, 0x94, 0xe0, 0x0b, 0x41, 0xb2, 0xfe, 0x07, 0x41, 0xf8, 0xc0, 0x03, 0x5f, 0xd6,
  0xfe, 0x0f, 0x1f, 0xf8, 0xcf, 0xe4, 0xff, 0x97, 0x1f, 0x1c, 0x00, 0x72, 0xe0, 0x00, 0x00, 0x54,
  0x09, 0x00, 0x00, 0x94, 0x1f, 0x1c, 0x00, 0x72, 0x80, 0x00, 0x00, 0x54, 0x01, 0x00, 0x00, 0xb0,
  0x21, 0x9c, 0x35, 0x91, 0x06, 0x00, 0x00, 0x94, 0xe0, 0x0b, 0x41, 0xb2, 0xfe, 0x07, 0x41, 0xf8,
  0xc0, 0x03, 0x5f, 0xd6, 0x00, 0x08, 0x80, 0x52, 0xc3, 0xe4, 0xff, 0x17, 0x00, 0x08, 0x80, 0x52,
  0xbd, 0xe4, 0xff, 0x17, 0x25, 0x61, 0x3a, 0x20, 0x53, 0x74, 0x61, 0x74, 0x65, 0x20, 0x6d, 0x61,
  0x63, 0x68, 0x69, 0x6e, 0x65, 0x20, 0x66, 0x61, 0x69, 0x6c, 0x65, 0x64, 0x20, 0x74, 0x6f, 0x20,
  0x70, 0x72, 0x6f, 0x63, 0x65, 0x73, 0x73, 0x20, 0x65, 0x76, 0x65, 0x6e, 0x74, 0x3a, 0x20, 0x25,
  0x72, 0x0a, 0x00, 0x25, 0x61, 0x3a, 0x20, 0x42, 0x55, 0x4c, 0x4b, 0x20, 0x54, 0x58, 0x20, 0x74,
  0x72, 0x61, 0x6e, 0x73, 0x66, 0x65, 0x72, 0x20, 0x62, 0x75, 0x66, 0x66, 0x65, 0x72, 0x20, 0x3d,
  0x20, 0x25, 0x70, 0x0a, 0x00, 0x25, 0x61, 0x3a, 0x20, 0x50, 0x61, 0x79, 0x6c, 0x6f, 0x61, 0x64,
  0x20, 0x25, 0x70, 0x2c, 0x20, 0x42, 0x75, 0x66, 0x20, 0x25, 0x70, 0x2c, 0x20, 0x42, 0x79, 0x74,
  0x65, 0x73, 0x20, 0x58, 0x66, 0x65, 0x72, 0x72, 0x65, 0x64, 0x20, 0x25, 0x64, 0x2c, 0x20, 0x45,
  0x70, 0x20, 0x25, 0x64, 0x2c, 0x20, 0x45, 0x70, 0x44, 0x69, 0x72, 0x20, 0x25, 0x64, 0x2c, 0x20,
  0x53, 0x74, 0x61, 0x74, 0x75, 0x73, 0x20, 0x25, 0x64, 0x0a, 0x00, 0x25, 0x61, 0x3a, 0x20, 0x55,
  0x6e, 0x6b, 0x6e, 0x6f, 0x77, 0x6e, 0x20, 0x43, 0x6c, 0x61, 0x73, 0x73, 0x20, 0x52, 0x65, 0x71,
  0x20, 0x25, 0x64, 0x0a, 0x00, 0x49, 0x73, 0x73, 0x75, 0x65, 0x58, 0x66, 0x65, 0x72, 0x00, 0x25,
  0x61, 0x3a, 0x20, 0x54, 0x72, 0x61, 0x6e, 0x73, 0x66, 0x65, 0x72, 0x20, 0x6f, 0x6e, 0x20, 0x45,
  0x50, 0x20, 0x30, 0x78, 0x25, 0x30, 0x32, 0x78, 0x20, 0x61, 0x63, 0x74, 0x69, 0x76, 0x65, 0x2c,
  0x20, 0x6e, 0x6f, 0x74, 0x20, 0x73, 0x75, 0x62, 0x6d, 0x69, 0x74, 0x74, 0x69, 0x6e, 0x67, 0x0a,
  0x00, 0x68, 0x61, 0x6e, 0x64, 0x6c, 0x65, 0x5f, 0x72, 0x65, 0x61, 0x64, 0x5f, 0x66, 0x6f, 0x72,
  0x6d, 0x61, 0x74, 0x5f, 0x63, 0x61, 0x70, 0x61, 0x63, 0x69, 0x74, 0x79, 0x00, 0x28, 0x53, 0x6f,
  0x75, 0x72, 0x63, 0x65, 0x20, 0x21, 0x3d, 0x20, 0x28, 0x28, 0x76, 0x6f, 0x69, 0x64, 0x20, 0x2a,
  0x29, 0x20, 0x30, 0x29, 0x29, 0x00, 0x28, 0x44, 0x65, 0x73, 0x74, 0x4d, 0x61, 0x78, 0x20, 0x3c,
  0x3d, 0x20, 0x28, 0x5f, 0x67, 0x50, 0x63, 0x64, 0x5f, 0x46, 0x69, 0x78, 0x65, 0x64, 0x41, 0x74,
  0x42, 0x75, 0x69, 0x6c, 0x64, 0x5f, 0x50, 0x63, 0x64, 0x4d, 0x61, 0x78, 0x69, 0x6d, 0x75, 0x6d,
  0x41, 0x73, 0x63, 0x69, 0x69, 0x53, 0x74, 0x72, 0x69, 0x6e, 0x67, 0x4c, 0x65, 0x6e, 0x67, 0x74,
  0x68, 0x29, 0x29, 0x00, 0x55, 0x73, 0x62, 0x4d, 0x73, 0x64, 0x53, 0x74, 0x61, 0x72, 0x74, 0x44,
  0x65, 0x76, 0x69, 0x63, 0x65, 0x00, 0x25, 0x61, 0x3a, 0x20, 0x46, 0x61, 0x69, 0x6c, 0x65, 0x64,
  0x20, 0x74, 0x6f, 0x20, 0x66, 0x72, 0x65, 0x65, 0x20, 0x42, 0x75, 0x6c, 0x6b, 0x52, 0x78, 0x58,
  0x66, 0x65, 0x72, 0x20, 0x74, 0x72, 0x61, 0x6e, 0x73, 0x66, 0x65, 0x72, 0x20, 0x62, 0x75, 0x66,
  0x66, 0x65, 0x72, 0x3a, 0x20, 0x25, 0x72, 0x0a, 0x00, 0x25, 0x61, 0x3a, 0x20, 0x46, 0x61, 0x69,
  0x6c, 0x65, 0x64, 0x20, 0x74, 0x6f, 0x20, 0x66, 0x72, 0x65, 0x65, 0x20, 0x42, 0x75, 0x6c, 0x6b,
  0x54, 0x78, 0x58, 0x66, 0x65, 0x72, 0x20, 0x74, 0x72, 0x61, 0x6e, 0x73, 0x66, 0x65, 0x72, 0x20,
  0x62, 0x75, 0x66, 0x66, 0x65, 0x72, 0x3a, 0x20, 0x25, 0x72, 0x0a, 0x00, 0x25, 0x61, 0x3a, 0x20,
  0x46, 0x61, 0x69, 0x6c, 0x65, 0x64, 0x20, 0x74, 0x6f, 0x20, 0x71, 0x75, 0x65, 0x72, 0x79, 0x20,
  0x73, 0x65, 0x72, 0x69, 0x61, 0x6c, 0x20, 0x6e, 0x75, 0x6d, 0x62, 0x65, 0x72, 0x3a, 0x20, 0x25,
  0x72, 0x0a, 0x00, 0x44, 0x65, 0x76, 0x5f, 0x43, 0x6f, 0x6d, 0x6d, 0x6f, 0x6e, 0x5f, 0x52, 0x65,
  0x73, 0x65, 0x74, 0x00, 0x44, 0x65, 0x76, 0x5f, 0x44, 0x65, 0x74, 0x61, 0x63, 0x68, 0x65, 0x64,
  0x5f, 0x45, 0x6e, 0x74, 0x72, 0x79, 0x00, 0x49, 0x6e, 0x76, 0x61, 0x6c, 0x69, 0x64, 0x00, 0x68,
  0x61, 0x6e, 0x64, 0x6c, 0x65, 0x5f, 0x6d, 0x6f, 0x64, 0x65, 0x5f, 0x73, 0x65, 0x6e, 0x73, 0x65,
  0x00, 0x55, 0x73, 0x62, 0x4d, 0x73, 0x64, 0x44, 0x72, 0x69, 0x76, 0x65, 0x72, 0x45, 0x6e, 0x74,
  0x72, 0x79, 0x50, 0x6f, 0x69, 0x6e, 0x74, 0x00, 0x43, 0x68, 0x65, 0x63, 0x6b, 0x42, 0x6c, 0x6b,
  0x49, 0x6f, 0x4c, 0x75, 0x6e, 0x41, 0x73, 0x73, 0x6f, 0x63, 0x69, 0x61, 0x74, 0x69, 0x6f, 0x6e,
  0x00, 0x53, 0x44, 0x43, 0x61, 0x72, 0x64, 0x00, 0x25, 0x61, 0x3a, 0x20, 0x46, 0x61, 0x69, 0x6c,
  0x65, 0x64, 0x20, 0x74, 0x6f, 0x20, 0x61, 0x6c, 0x6c, 0x6f, 0x63, 0x61, 0x74, 0x65, 0x20, 0x43,
  0x42, 0x57, 0x20, 0x74, 0x72, 0x61, 0x6e, 0x73, 0x66, 0x65, 0x72, 0x20, 0x62, 0x75, 0x66, 0x66,
  0x65, 0x72, 0x3a, 0x20, 0x25, 0x72, 0x0a, 0x00, 0x25, 0x61, 0x3a, 0x20, 0x54, 0x48, 0x49, 0x53,
  0x20, 0x53, 0x48, 0x4f, 0x55, 0x4c, 0x44, 0x4e, 0x27, 0x54, 0x20, 0x48, 0x41, 0x50, 0x50, 0x45,
  0x4e, 0x21, 0x21, 0x0a, 0x00, 0x55, 0x6e, 0x6b, 0x6e, 0x6f, 0x77, 0x6e, 0x20, 0x55, 0x73, 0x62,
  0x66, 0x6e, 0x20, 0x4d, 0x65, 0x73, 0x73, 0x61, 0x67, 0x65, 0x00, 0x44, 0x45, 0x56, 0x5f, 0x53,
  0x54, 0x41, 0x54, 0x45, 0x5f, 0x53, 0x55, 0x53, 0x50, 0x45, 0x4e, 0x44, 0x45, 0x44, 0x00, 0x25,
  0x61, 0x3a, 0x20, 0x46, 0x61, 0x69, 0x6c, 0x65, 0x64, 0x20, 0x74, 0x6f, 0x20, 0x75, 0x70, 0x64,
  0x61, 0x74, 0x65, 0x20, 0x63, 0x6f, 0x6e, 0x74, 0x72, 0x6f, 0x6c, 0x20, 0x74, 0x72, 0x61, 0x6e,
  0x73, 0x66, 0x65, 0x72, 0x3a, 0x20, 0x25, 0x72, 0x0a, 0x00, 0x54, 0x58, 0x00, 0x25, 0x61, 0x3a,
  0x20, 0x45, 0x66, 0x69, 0x55, 0x73, 0x62, 0x4d, 0x73, 0x67, 0x45, 0x6e, 0x64, 0x70, 0x6f, 0x69,
  0x6e, 0x74, 0x53, 0x74, 0x61, 0x74, 0x75, 0x73, 0x43, 0x68, 0x61, 0x6e, 0x67, 0x65, 0x64, 0x52,
  0x78, 0x20, 0x72, 0x65, 0x63, 0x65, 0x69, 0x76, 0x65, 0x64, 0x20, 0x6f, 0x6e, 0x20, 0x69, 0x6e,
  0x76, 0x61, 0x6c, 0x69, 0x64, 0x20, 0x65, 0x70, 0x3a, 0x20, 0x30, 0x78, 0x25, 0x30, 0x32, 0x78,
  0x0a, 0x00, 0x44, 0x65, 0x76, 0x5f, 0x45, 0x70, 0x53, 0x74, 0x61, 0x74, 0x75, 0x73, 0x43, 0x68,
  0x61, 0x6e, 0x67, 0x65, 0x64, 0x54, 0x78, 0x00, 0x25, 0x61, 0x3a, 0x20, 0x55, 0x53, 0x42, 0x5f,
  0x53, 0x45, 0x54, 0x55, 0x50, 0x5f, 0x52, 0x45, 0x51, 0x5f, 0x4d, 0x53, 0x5f, 0x52, 0x45, 0x53,
  0x45, 0x54, 0x3a, 0x20, 0x41, 0x62, 0x6f, 0x72, 0x74, 0x20, 0x54, 0x72, 0x61, 0x6e, 0x73, 0x66,
  0x65, 0x72, 0x20, 0x4f, 0x6e, 0x20, 0x45, 0x70, 0x31, 0x20, 0x61, 0x6e, 0x64, 0x20, 0x45, 0x70,
  0x32, 0x0a, 0x00, 0x25, 0x61, 0x3a, 0x20, 0x4c, 0x55, 0x4e, 0x20, 0x25, 0x64, 0x20, 0x69, 0x73,
  0x20, 0x64, 0x69, 0x73, 0x61, 0x62, 0x6c, 0x65, 0x64, 0x20, 0x63, 0x61, 0x6e, 0x6e, 0x6f, 0x74,
  0x20, 0x68, 0x61, 0x6e, 0x64, 0x6c, 0x65, 0x20, 0x73, 0x63, 0x73, 0x69, 0x5f, 0x63, 0x6d, 0x64,
  0x20, 0x30, 0x78, 0x25, 0x78, 0x0a, 0x00, 0x71, 0x68, 0x73, 0x75, 0x73, 0x62, 0x5f, 0x66, 0x64,
  0x5f, 0x6d, 0x73, 0x5f, 0x68, 0x6f, 0x74, 0x70, 0x6c, 0x75, 0x67, 0x5f, 0x64, 0x65, 0x76, 0x5f,
  0x72, 0x65, 0x61, 0x64, 0x00, 0x42, 0x75, 0x66, 0x66, 0x65, 0x72, 0x20, 0x21, 0x3d, 0x20, 0x28,
  0x28, 0x76, 0x6f, 0x69, 0x64, 0x20, 0x2a, 0x29, 0x20, 0x30, 0x29, 0x00, 0x28, 0x44, 0x65, 0x73,
  0x74, 0x4d, 0x61, 0x78, 0x20, 0x3e, 0x20, 0x53, 0x6f, 0x75, 0x72, 0x63, 0x65, 0x4c, 0x65, 0x6e,
  0x29, 0x00, 0x55, 0x73, 0x62, 0x4d, 0x73, 0x64, 0x45, 0x76, 0x65, 0x6e, 0x74, 0x48, 0x61, 0x6e,
  0x64, 0x6c, 0x65, 0x72, 0x00, 0x25, 0x61, 0x3a, 0x20, 0x55, 0x73, 0x62, 0x4d, 0x73, 0x64, 0x55,
  0x6e, 0x6d, 0x6f, 0x75, 0x6e, 0x74, 0x48, 0x61, 0x6e, 0x64, 0x6c, 0x65, 0x20, 0x66, 0x61, 0x69,
  0x6c, 0x65, 0x64, 0x20, 0x25, 0x72, 0x0a, 0x00, 0x55, 0x73, 0x62, 0x4d, 0x73, 0x64, 0x46, 0x69,
  0x6e, 0x64, 0x50, 0x61, 0x72, 0x74, 0x69, 0x74, 0x69, 0x6f, 0x6e, 0x73, 0x2c, 0x20, 0x69, 0x6e,
  0x69, 0x74, 0x20, 0x30, 0x78, 0x25, 0x78, 0x20, 0x25, 0x64, 0x0a, 0x0a, 0x00, 0x44, 0x65, 0x76,
  0x53, 0x6d, 0x50, 0x72, 0x6f, 0x63, 0x65, 0x73, 0x73, 0x45, 0x76, 0x65, 0x6e, 0x74, 0x00, 0x25,
  0x61, 0x3a, 0x20, 0x4e, 0x6f, 0x74, 0x20, 0x63, 0x68, 0x61, 0x6e, 0x67, 0x69, 0x6e, 0x67, 0x20,
  0x73, 0x74, 0x61, 0x74, 0x65, 0x0a, 0x00, 0x44, 0x65, 0x76, 0x5f, 0x53, 0x75, 0x73, 0x70, 0x65,
  0x6e, 0x64, 0x65, 0x64, 0x5f, 0x45, 0x70, 0x53, 0x74, 0x61, 0x74, 0x75, 0x73, 0x43, 0x68, 0x61,
  0x6e, 0x67, 0x65, 0x64, 0x54, 0x78, 0x00, 0x25, 0x61, 0x3a, 0x20, 0x54, 0x78, 0x20, 0x44, 0x61,
  0x74, 0x61, 0x20, 0x78, 0x66, 0x65, 0x72, 0x20, 0x66, 0x61, 0x69, 0x6c, 0x65, 0x64, 0x2e, 0x0a,
  0x00, 0x44, 0x65, 0x76, 0x5f, 0x45, 0x70, 0x53, 0x74, 0x61, 0x74, 0x75, 0x73, 0x43, 0x68, 0x61,
  0x6e, 0x67, 0x65, 0x64, 0x52, 0x78, 0x00, 0x25, 0x61, 0x3a, 0x20, 0x46, 0x61, 0x69, 0x6c, 0x65,
  0x64, 0x20, 0x74, 0x6f, 0x20, 0x73, 0x75, 0x62, 0x6d, 0x69, 0x74, 0x20, 0x74, 0x72, 0x61, 0x6e,
  0x73, 0x66, 0x65, 0x72, 0x20, 0x6f, 0x6e, 0x20, 0x45, 0x50, 0x20, 0x30, 0x78, 0x25, 0x30, 0x32,
  0x78, 0x3a, 0x20, 0x25, 0x72, 0x0a, 0x00, 0x43, 0x61, 0x6e, 0x6f, 0x65, 0x55, 0x73, 0x62, 0x4d,
  0x73, 0x64, 0x3a, 0x20, 0x4d, 0x6f, 0x75, 0x6e, 0x74, 0x46, 0x61, 0x74, 0x50, 0x61, 0x72, 0x74,
  0x69, 0x74, 0x69, 0x6f, 0x6e, 0x20, 0x69, 0x73, 0x20, 0x6e, 0x6f, 0x74, 0x20, 0x62, 0x75, 0x69,
  0x6c, 0x74, 0x20, 0x69, 0x6e, 0x0a, 0x00, 0x67, 0x52, 0x54, 0x20, 0x21, 0x3d, 0x20, 0x28, 0x28,
  0x76, 0x6f, 0x69, 0x64, 0x20, 0x2a, 0x29, 0x20, 0x30, 0x29, 0x00, 0x2f, 0x68, 0x6f, 0x6d, 0x65,
  0x2f, 0x76, 0x69, 0x76, 0x79, 0x2f, 0x50, 0x72, 0x6f, 0x6a, 0x65, 0x63, 0x74, 0x73, 0x2f, 0x65,
  0x66, 0x69, 0x73, 0x70, 0x2d, 0x70, 0x72, 0x6f, 0x6a, 0x65, 0x63, 0x74, 0x73, 0x2f, 0x67, 0x62,
  0x6c, 0x5f, 0x72, 0x6f, 0x6f, 0x74, 0x5f, 0x63, 0x61, 0x6e, 0x6f, 0x65, 0x2f, 0x2e, 0x77, 0x6f,
  0x72, 0x6b, 0x2f, 0x6c, 0x69, 0x76, 0x65, 0x2d, 0x62, 0x61, 0x63, 0x6b, 0x65, 0x6e, 0x64, 0x2d,
  0x61, 0x75, 0x64, 0x69, 0x74, 0x2f, 0x73, 0x75, 0x62, 0x6d, 0x6f, 0x64, 0x75, 0x6c, 0x65, 0x73,
  0x2f, 0x75, 0x65, 0x66, 0x69, 0x2f, 0x65, 0x64, 0x6b, 0x32, 0x2f, 0x4d, 0x64, 0x65, 0x50, 0x6b,
  0x67, 0x2f, 0x4c, 0x69, 0x62, 0x72, 0x61, 0x72, 0x79, 0x2f, 0x55, 0x65, 0x66, 0x69, 0x4d, 0x65,
  0x6d, 0x6f, 0x72, 0x79, 0x41, 0x6c, 0x6c, 0x6f, 0x63, 0x61, 0x74, 0x69, 0x6f, 0x6e, 0x4c, 0x69,
  0x62, 0x2f, 0x4d, 0x65, 0x6d, 0x6f, 0x72, 0x79, 0x41, 0x6c, 0x6c, 0x6f, 0x63, 0x61, 0x74, 0x69,
  0x6f, 0x6e, 0x4c, 0x69, 0x62, 0x2e, 0x63, 0x00, 0x49, 0x6e, 0x74, 0x65, 0x72, 0x6e, 0x61, 0x6c,
  0x53, 0x61, 0x66, 0x65, 0x53, 0x74, 0x72, 0x69, 0x6e, 0x67, 0x4e, 0x6f, 0x41, 0x73, 0x63, 0x69,
  0x69, 0x53, 0x74, 0x72, 0x4f, 0x76, 0x65, 0x72, 0x6c, 0x61, 0x70, 0x20, 0x28, 0x44, 0x65, 0x73,
  0x74, 0x69, 0x6e, 0x61, 0x74, 0x69, 0x6f, 0x6e, 0x2c, 0x20, 0x44, 0x65, 0x73, 0x74, 0x4d, 0x61,
  0x78, 0x2c, 0x20, 0x28, 0x43, 0x48, 0x41, 0x52, 0x38, 0x20, 0x2a, 0x29, 0x53, 0x6f, 0x75, 0x72,
  0x63, 0x65, 0x2c, 0x20, 0x53, 0x6f, 0x75, 0x72, 0x63, 0x65, 0x4c, 0x65, 0x6e, 0x20, 0x2b, 0x20,
  0x31, 0x29, 0x00, 0x25, 0x61, 0x3a, 0x20, 0x75, 0x6e, 0x61, 0x62, 0x6c, 0x65, 0x20, 0x74, 0x6f,
  0x20, 0x69, 0x6e, 0x73, 0x74, 0x61, 0x6c, 0x6c, 0x20, 0x55, 0x53, 0x42, 0x20, 0x4d, 0x53, 0x44,
  0x20, 0x50, 0x65, 0x72, 0x69, 0x70, 0x68, 0x65, 0x72, 0x61, 0x6c, 0x20, 0x70, 0x72, 0x6f, 0x74,
  0x6f, 0x63, 0x6f, 0x6c, 0x73, 0x20, 0x25, 0x72, 0x0a, 0x00, 0x65, 0x4d, 0x4d, 0x43, 0x20, 0x42,
  0x6f, 0x6f, 0x74, 0x32, 0x00, 0x75, 0x73, 0x62, 0x6d, 0x73, 0x64, 0x20, 0x46, 0x69, 0x6e, 0x64,
  0x50, 0x61, 0x72, 0x74, 0x69, 0x74, 0x69, 0x6f, 0x6e, 0x2c, 0x20, 0x25, 0x64, 0x0d, 0x0a, 0x00,
  0x44, 0x65, 0x76, 0x5f, 0x43, 0x6f, 0x6d, 0x6d, 0x6f, 0x6e, 0x5f, 0x45, 0x70, 0x53, 0x74, 0x61,
  0x74, 0x75, 0x73, 0x43, 0x68, 0x61, 0x6e, 0x67, 0x65, 0x64, 0x54, 0x78, 0x00, 0x25, 0x61, 0x3a,
  0x20, 0x71, 0x68, 0x73, 0x75, 0x73, 0x62, 0x5f, 0x66, 0x64, 0x5f, 0x6d, 0x73, 0x5f, 0x73, 0x65,
  0x6e, 0x64, 0x5f, 0x72, 0x65, 0x71, 0x75, 0x65, 0x73, 0x74, 0x20, 0x66, 0x61, 0x69, 0x6c, 0x65,
  0x64, 0x2e, 0x0a, 0x00, 0x25, 0x61, 0x3a, 0x20, 0x68, 0x61, 0x6e, 0x64, 0x6c, 0x65, 0x20, 0x6f,
  0x74, 0x68, 0x65, 0x72, 0x20, 0x30, 0x78, 0x25, 0x78, 0x0a, 0x00, 0x25, 0x61, 0x3a, 0x20, 0x2d,
  0x2d, 0x0a, 0x00, 0x25, 0x61, 0x3a, 0x20, 0x46, 0x61, 0x69, 0x6c, 0x65, 0x64, 0x20, 0x74, 0x6f,
  0x20, 0x63, 0x6f, 0x6e, 0x66, 0x69, 0x67, 0x75, 0x72, 0x65, 0x20, 0x61, 0x6e, 0x64, 0x20, 0x65,
  0x6e, 0x61, 0x62, 0x6c, 0x65, 0x20, 0x65, 0x6e, 0x64, 0x70, 0x6f, 0x69, 0x6e, 0x74, 0x73, 0x20,
  0x25, 0x72, 0x0a, 0x00, 0x25, 0x61, 0x3a, 0x20, 0x46, 0x61, 0x69, 0x6c, 0x65, 0x64, 0x20, 0x74,
  0x6f, 0x20, 0x66, 0x72, 0x65, 0x65, 0x20, 0x63, 0x6f, 0x6e, 0x74, 0x72, 0x6f, 0x6c, 0x20, 0x74,
  0x72, 0x61, 0x6e, 0x73, 0x66, 0x65, 0x72, 0x20, 0x62, 0x75, 0x66, 0x66, 0x65, 0x72, 0x3a, 0x20,
  0x25, 0x72, 0x0a, 0x00, 0x25, 0x61, 0x3a, 0x20, 0x43, 0x42, 0x57, 0x20, 0x78, 0x66, 0x65, 0x72,
  0x20, 0x66, 0x61, 0x69, 0x6c, 0x65, 0x64, 0x2e, 0x0a, 0x00, 0x25, 0x61, 0x3a, 0x20, 0x25, 0x61,
  0x20, 0x46, 0x65, 0x61, 0x74, 0x75, 0x72, 0x65, 0x20, 0x45, 0x6e, 0x64, 0x70, 0x6f, 0x69, 0x6e,
  0x74, 0x20, 0x48, 0x61, 0x6c, 0x74, 0x20, 0x63, 0x61, 0x6c, 0x6c, 0x65, 0x64, 0x20, 0x6f, 0x6e,
  0x20, 0x65, 0x70, 0x20, 0x30, 0x78, 0x25, 0x78, 0x0a, 0x00, 0x25, 0x61, 0x3a, 0x20, 0x53, 0x65,
  0x74, 0x20, 0x43, 0x6f, 0x6e, 0x66, 0x69, 0x67, 0x75, 0x72, 0x61, 0x74, 0x69, 0x6f, 0x6e, 0x3a,
  0x20, 0x25, 0x64, 0x0a, 0x00, 0x25, 0x61, 0x3a, 0x20, 0x52, 0x65, 0x63, 0x76, 0x20, 0x55, 0x53,
  0x42, 0x5f, 0x53, 0x45, 0x54, 0x55, 0x50, 0x5f, 0x52, 0x45, 0x51, 0x5f, 0x4d, 0x53, 0x5f, 0x52,
  0x45, 0x53, 0x45, 0x54, 0x0a, 0x00, 0x69, 0x73, 0x5f, 0x63, 0x62, 0x77, 0x5f, 0x76, 0x61, 0x6c,
  0x69, 0x64, 0x00, 0x77, 0x72, 0x69, 0x74, 0x65, 0x5f, 0x74, 0x6f, 0x5f, 0x65, 0x6d, 0x6d, 0x63,
  0x5f, 0x63, 0x61, 0x72, 0x64, 0x00, 0x28, 0x4c, 0x65, 0x6e, 0x67, 0x74, 0x68, 0x20, 0x2d, 0x20,
  0x31, 0x29, 0x20, 0x3c, 0x3d, 0x20, 0x28, 0x30, 0x78, 0x46, 0x46, 0x46, 0x46, 0x46, 0x46, 0x46,
  0x46, 0x46, 0x46, 0x46, 0x46, 0x46, 0x46, 0x46, 0x46, 0x55, 0x4c, 0x4c, 0x20, 0x2d, 0x20, 0x28,
  0x55, 0x49, 0x4e, 0x54, 0x4e, 0x29, 0x44, 0x65, 0x73, 0x74, 0x69, 0x6e, 0x61, 0x74, 0x69, 0x6f,
  0x6e, 0x42, 0x75, 0x66, 0x66, 0x65, 0x72, 0x29, 0x00, 0x52, 0x65, 0x6d, 0x6f, 0x76, 0x65, 0x42,
  0x6c, 0x6b, 0x49, 0x6f, 0x4c, 0x75, 0x6e, 0x41, 0x73, 0x73, 0x6f, 0x63, 0x69, 0x61, 0x74, 0x69,
  0x6f, 0x6e, 0x00, 0x25, 0x61, 0x3a, 0x20, 0x55, 0x73, 0x62, 0x4d, 0x73, 0x64, 0x55, 0x6e, 0x6d,
  0x6f, 0x75, 0x6e, 0x74, 0x48, 0x61, 0x6e, 0x64, 0x6c, 0x65, 0x20, 0x30, 0x78, 0x25, 0x78, 0x0a,
  0x00, 0x25, 0x61, 0x3a, 0x20, 0x47, 0x65, 0x74, 0x20, 0x44, 0x65, 0x73, 0x63, 0x72, 0x69, 0x70,
  0x74, 0x6f, 0x72, 0x3a, 0x20, 0x25, 0x64, 0x2c, 0x20, 0x25, 0x64, 0x0a, 0x00, 0x25, 0x61, 0x3a,
  0x25, 0x64, 0x20, 0x41, 0x53, 0x53, 0x45, 0x52, 0x54, 0x3a, 0x20, 0x28, 0x44, 0x65, 0x76, 0x53,
  0x6d, 0x2d, 0x3e, 0x43, 0x74, 0x72, 0x6c, 0x58, 0x66, 0x65, 0x72, 0x2e, 0x58, 0x66, 0x65, 0x72,
  0x53, 0x74, 0x61, 0x74, 0x65, 0x20, 0x3d, 0x3d, 0x20, 0x58, 0x46, 0x45, 0x52, 0x5f, 0x46, 0x52,
  0x45, 0x45, 0x29, 0x0a, 0x00, 0x25, 0x61, 0x3a, 0x20, 0x44, 0x61, 0x74, 0x61, 0x20, 0x49, 0x4e,
  0x20, 0x73, 0x74, 0x61, 0x67, 0x65, 0x20, 0x63, 0x6f, 0x6d, 0x70, 0x6c, 0x65, 0x74, 0x65, 0x2c,
  0x20, 0x73, 0x75, 0x62, 0x6d, 0x69, 0x74, 0x74, 0x69, 0x6e, 0x67, 0x20, 0x73, 0x74, 0x61, 0x74,
  0x75, 0x73, 0x20, 0x4f, 0x55, 0x54, 0x20, 0x73, 0x74, 0x61, 0x67, 0x65, 0x0a, 0x00, 0x25, 0x61,
  0x3a, 0x20, 0x68, 0x61, 0x6e, 0x64, 0x6c, 0x65, 0x20, 0x77, 0x72, 0x69, 0x74, 0x65, 0x0a, 0x00,
  0x68, 0x61, 0x6e, 0x64, 0x6c, 0x65, 0x5f, 0x69, 0x6e, 0x71, 0x75, 0x69, 0x72, 0x79, 0x00, 0x68,
  0x61, 0x6e, 0x64, 0x6c, 0x65, 0x5f, 0x77, 0x72, 0x69, 0x74, 0x65, 0x00, 0x25, 0x61, 0x3a, 0x20,
  0x54, 0x68, 0x65, 0x20, 0x4c, 0x55, 0x4e, 0x20, 0x25, 0x64, 0x20, 0x69, 0x73, 0x20, 0x63, 0x75,
  0x72, 0x72, 0x65, 0x6e, 0x74, 0x6c, 0x79, 0x20, 0x61, 0x73, 0x73, 0x6f, 0x63, 0x69, 0x61, 0x74,
  0x65, 0x64, 0x20, 0x77, 0x69, 0x74, 0x68, 0x20, 0x42, 0x6c, 0x6b, 0x49, 0x6f, 0x48, 0x61, 0x6e,
  0x6c, 0x64, 0x65, 0x20, 0x30, 0x78, 0x25, 0x78, 0x0a, 0x00, 0x25, 0x61, 0x3a, 0x20, 0x55, 0x73,
  0x62, 0x20, 0x4d, 0x53, 0x44, 0x20, 0x64, 0x65, 0x76, 0x69, 0x63, 0x65, 0x20, 0x69, 0x73, 0x20,
  0x61, 0x6c, 0x72, 0x65, 0x61, 0x64, 0x79, 0x20, 0x73, 0x74, 0x61, 0x72, 0x74, 0x65, 0x64, 0x0a,
  0x00, 0x25, 0x61, 0x3a, 0x20, 0x4d, 0x65, 0x64, 0x69, 0x61, 0x20, 0x52, 0x65, 0x61, 0x64, 0x20,
  0x46, 0x61, 0x69, 0x6c, 0x73, 0x3a, 0x20, 0x4c, 0x75, 0x6e, 0x20, 0x25, 0x64, 0x2c, 0x20, 0x4c,
  0x42, 0x41, 0x20, 0x25, 0x64, 0x2c, 0x20, 0x53, 0x69, 0x7a, 0x65, 0x20, 0x25, 0x64, 0x0a, 0x00,
  0x2f, 0x68, 0x6f, 0x6d, 0x65, 0x2f, 0x76, 0x69, 0x76, 0x79, 0x2f, 0x50, 0x72, 0x6f, 0x6a, 0x65,
  0x63, 0x74, 0x73, 0x2f, 0x65, 0x66, 0x69, 0x73, 0x70, 0x2d, 0x70, 0x72, 0x6f, 0x6a, 0x65, 0x63,
  0x74, 0x73, 0x2f, 0x67, 0x62, 0x6c, 0x5f, 0x72, 0x6f, 0x6f, 0x74, 0x5f, 0x63, 0x61, 0x6e, 0x6f,
  0x65, 0x2f, 0x2e, 0x77, 0x6f, 0x72, 0x6b, 0x2f, 0x6c, 0x69, 0x76, 0x65, 0x2d, 0x62, 0x61, 0x63,
  0x6b, 0x65, 0x6e, 0x64, 0x2d, 0x61, 0x75, 0x64, 0x69, 0x74, 0x2f, 0x73, 0x75, 0x62, 0x6d, 0x6f,
  0x64, 0x75, 0x6c, 0x65, 0x73, 0x2f, 0x75, 0x65, 0x66, 0x69, 0x2f, 0x65, 0x64, 0x6b, 0x32, 0x2f,
  0x4d, 0x64, 0x65, 0x50, 0x6b, 0x67, 0x2f, 0x4c, 0x69, 0x62, 0x72, 0x61, 0x72, 0x79, 0x2f, 0x42,
  0x61, 0x73, 0x65, 0x4d, 0x65, 0x6d, 0x6f, 0x72, 0x79, 0x4c, 0x69, 0x62, 0x4f, 0x70, 0x74, 0x44,
  0x78, 0x65, 0x2f, 0x43, 0x6f, 0x70, 0x79, 0x4d, 0x65, 0x6d, 0x57, 0x72, 0x61, 0x70, 0x70, 0x65,
  0x72, 0x2e, 0x63, 0x00, 0x25, 0x61, 0x3a, 0x20, 0x46, 0x61, 0x69, 0x6c, 0x65, 0x64, 0x20, 0x74,
  0x6f, 0x20, 0x6c, 0x6f, 0x63, 0x61, 0x74, 0x65, 0x64, 0x20, 0x55, 0x53, 0x42, 0x20, 0x46, 0x4e,
  0x20, 0x49, 0x4f, 0x20, 0x70, 0x72, 0x6f, 0x74, 0x6f, 0x63, 0x6f, 0x6c, 0x3a, 0x20, 0x25, 0x72,
  0x0a, 0x00, 0x25, 0x61, 0x3a, 0x20, 0x55, 0x73, 0x62, 0x20, 0x4d, 0x53, 0x44, 0x20, 0x73, 0x74,
  0x61, 0x74, 0x65, 0x20, 0x6d, 0x61, 0x63, 0x68, 0x69, 0x6e, 0x65, 0x20, 0x69, 0x6e, 0x69, 0x74,
  0x69, 0x61, 0x6c, 0x69, 0x7a, 0x61, 0x74, 0x69, 0x6f, 0x6e, 0x20, 0x66, 0x61, 0x69, 0x6c, 0x65,
  0x64, 0x20, 0x25, 0x72, 0x0a, 0x00, 0x25, 0x61, 0x3a, 0x20, 0x55, 0x73, 0x62, 0x4d, 0x73, 0x64,
  0x4d, 0x6f, 0x75, 0x6e, 0x74, 0x48, 0x61, 0x6e, 0x64, 0x6c, 0x65, 0x20, 0x30, 0x78, 0x25, 0x78,
  0x0a, 0x00, 0x55, 0x73, 0x62, 0x4d, 0x73, 0x64, 0x4d, 0x6f, 0x75, 0x6e, 0x74, 0x48, 0x61, 0x6e,
  0x64, 0x6c, 0x65, 0x00, 0x44, 0x65, 0x76, 0x5f, 0x43, 0x6f, 0x6d, 0x6d, 0x6f, 0x6e, 0x5f, 0x45,
  0x70, 0x53, 0x74, 0x61, 0x74, 0x75, 0x73, 0x43, 0x68, 0x61, 0x6e, 0x67, 0x65, 0x64, 0x52, 0x78,
  0x00, 0x44, 0x65, 0x76, 0x5f, 0x41, 0x74, 0x74, 0x61, 0x63, 0x68, 0x65, 0x64, 0x5f, 0x45, 0x70,
  0x53, 0x74, 0x61, 0x74, 0x75, 0x73, 0x43, 0x68, 0x61, 0x6e, 0x67, 0x65, 0x64, 0x52, 0x78, 0x00,
  0x25, 0x61, 0x3a, 0x20, 0x52, 0x65, 0x63, 0x76, 0x20, 0x52, 0x65, 0x6d, 0x61, 0x69, 0x6e, 0x69,
  0x6e, 0x67, 0x20, 0x44, 0x61, 0x74, 0x61, 0x20, 0x25, 0x64, 0x0a, 0x00, 0x44, 0x65, 0x76, 0x5f,
  0x43, 0x42, 0x57, 0x5f, 0x45, 0x6e, 0x74, 0x72, 0x79, 0x00, 0x25, 0x61, 0x3a, 0x20, 0x47, 0x65,
  0x74, 0x20, 0x53, 0x74, 0x61, 0x74, 0x75, 0x73, 0x3a, 0x20, 0x25, 0x64, 0x0a, 0x00, 0x25, 0x61,
  0x3a, 0x20, 0x55, 0x73, 0x62, 0x66, 0x6e, 0x49, 0x6f, 0x20, 0x50, 0x72, 0x6f, 0x74, 0x6f, 0x63,
  0x6f, 0x6c, 0x20, 0x56, 0x69, 0x6f, 0x6c, 0x61, 0x74, 0x69, 0x6f, 0x6e, 0x3a, 0x20, 0x69, 0x6e,
  0x76, 0x61, 0x6c, 0x69, 0x64, 0x20, 0x62, 0x75, 0x66, 0x66, 0x65, 0x72, 0x20, 0x72, 0x65, 0x74,
  0x75, 0x72, 0x6e, 0x65, 0x64, 0x20, 0x69, 0x6e, 0x20, 0x74, 0x72, 0x61, 0x6e, 0x73, 0x66, 0x65,
  0x72, 0x20, 0x72, 0x65, 0x73, 0x75, 0x6c, 0x74, 0x0a, 0x20, 0x20, 0x20, 0x20, 0x65, 0x78, 0x70,
  0x65, 0x63, 0x74, 0x65, 0x64, 0x3a, 0x20, 0x25, 0x70, 0x0a, 0x20, 0x20, 0x20, 0x20, 0x61, 0x63,
  0x74, 0x75, 0x61, 0x6c, 0x3a, 0x20, 0x20, 0x20, 0x25, 0x70, 0x0a, 0x00, 0x25, 0x61, 0x3a, 0x20,
  0x68, 0x61, 0x6e, 0x64, 0x6c, 0x65, 0x20, 0x72, 0x65, 0x61, 0x64, 0x5f, 0x66, 0x6f, 0x72, 0x6d,
  0x61, 0x74, 0x5f, 0x63, 0x61, 0x70, 0x0a, 0x00, 0x25, 0x61, 0x3a, 0x20, 0x63, 0x75, 0x72, 0x72,
  0x65, 0x6e, 0x74, 0x5f, 0x78, 0x66, 0x65, 0x72, 0x2d, 0x3e, 0x6c, 0x75, 0x6e, 0x20, 0x25, 0x64,
  0x2c, 0x20, 0x63, 0x75, 0x72, 0x72, 0x65, 0x6e, 0x74, 0x5f, 0x78, 0x66, 0x65, 0x72, 0x2d, 0x3e,
  0x6c, 0x62, 0x61, 0x20, 0x25, 0x64, 0x2c, 0x20, 0x63, 0x75, 0x72, 0x72, 0x65, 0x6e, 0x74, 0x5f,
  0x78, 0x66, 0x65, 0x72, 0x2d, 0x3e, 0x62, 0x75, 0x66, 0x66, 0x65, 0x72, 0x5f, 0x73, 0x69, 0x7a,
  0x65, 0x20, 0x25, 0x64, 0x0a, 0x00, 0x65, 0x4d, 0x4d, 0x43, 0x20, 0x47, 0x50, 0x50, 0x00, 0x25,
  0x61, 0x3a, 0x20, 0x75, 0x6e, 0x61, 0x62, 0x6c, 0x65, 0x20, 0x74, 0x6f, 0x20, 0x63, 0x72, 0x65,
  0x61, 0x74, 0x65, 0x20, 0x45, 0x78, 0x69, 0x74, 0x42, 0x6f, 0x6f, 0x74, 0x53, 0x65, 0x72, 0x76,
  0x69, 0x63, 0x65, 0x45, 0x76, 0x65, 0x6e, 0x74, 0x20, 0x77, 0x69, 0x74, 0x68, 0x20, 0x73, 0x74,
  0x61, 0x74, 0x75, 0x73, 0x20, 0x63, 0x6f, 0x64, 0x65, 0x0a, 0x00, 0x44, 0x45, 0x56, 0x5f, 0x53,
  0x54, 0x41, 0x54, 0x45, 0x5f, 0x53, 0x45, 0x4e, 0x44, 0x5f, 0x43, 0x53, 0x57, 0x00, 0x25, 0x61,
  0x3a, 0x25, 0x64, 0x20, 0x41, 0x53, 0x53, 0x45, 0x52, 0x54, 0x3a, 0x20, 0x28, 0x28, 0x4d, 0x65,
  0x73, 0x73, 0x61, 0x67, 0x65, 0x20, 0x3d, 0x3d, 0x20, 0x45, 0x66, 0x69, 0x55, 0x73, 0x62, 0x4d,
  0x73, 0x67, 0x45, 0x6e, 0x64, 0x70, 0x6f, 0x69, 0x6e, 0x74, 0x53, 0x74, 0x61, 0x74, 0x75, 0x73,
  0x43, 0x68, 0x61, 0x6e, 0x67, 0x65, 0x64, 0x52, 0x78, 0x29, 0x20, 0x26, 0x26, 0x20, 0x44, 0x65,
  0x76, 0x53, 0x6d, 0x20, 0x26, 0x26, 0x20, 0x50, 0x61, 0x79, 0x6c, 0x6f, 0x61, 0x64, 0x29, 0x0a,
  0x00, 0x25, 0x61, 0x3a, 0x20, 0x45, 0x66, 0x69, 0x55, 0x73, 0x62, 0x4d, 0x73, 0x67, 0x53, 0x65,
  0x74, 0x75, 0x70, 0x50, 0x61, 0x63, 0x6b, 0x65, 0x74, 0x3a, 0x0a, 0x20, 0x20, 0x62, 0x6d, 0x52,
  0x65, 0x71, 0x75, 0x65, 0x73, 0x74, 0x54, 0x79, 0x70, 0x65, 0x3a, 0x20, 0x30, 0x78, 0x25, 0x30,
  0x32, 0x78, 0x0a, 0x20, 0x20, 0x62, 0x52, 0x65, 0x71, 0x75, 0x65, 0x73, 0x74, 0x3a, 0x20, 0x20,
  0x20, 0x20, 0x20, 0x20, 0x30, 0x78, 0x25, 0x30, 0x32, 0x78, 0x0a, 0x20, 0x20, 0x77, 0x56, 0x61,
  0x6c, 0x75, 0x65, 0x3a, 0x20, 0x20, 0x20, 0x20, 0x20, 0x20, 0x30, 0x78, 0x25, 0x30, 0x34, 0x78,
  0x0a, 0x20, 0x20, 0x77, 0x49, 0x6e, 0x64, 0x65, 0x78, 0x3a, 0x20, 0x20, 0x20, 0x20, 0x20, 0x20,
  0x30, 0x78, 0x25, 0x30, 0x34, 0x78, 0x0a, 0x20, 0x20, 0x77, 0x4c, 0x65, 0x6e, 0x67, 0x74, 0x68,
  0x3a, 0x20, 0x20, 0x20, 0x20, 0x20, 0x30, 0x78, 0x25, 0x30, 0x34, 0x78, 0x0a, 0x00, 0x25, 0x61,
  0x3a, 0x20, 0x55, 0x73, 0x62, 0x66, 0x6e, 0x49, 0x6f, 0x20, 0x50, 0x72, 0x6f, 0x74, 0x6f, 0x63,
  0x6f, 0x6c, 0x20, 0x56, 0x69, 0x6f, 0x6c, 0x61, 0x74, 0x69, 0x6f, 0x6e, 0x3a, 0x20, 0x69, 0x6e,
  0x76, 0x61, 0x6c, 0x69, 0x64, 0x20, 0x43, 0x42, 0x57, 0x20, 0x62, 0x75, 0x66, 0x66, 0x65, 0x72,
  0x20, 0x72, 0x65, 0x74, 0x75, 0x72, 0x6e, 0x65, 0x64, 0x20, 0x69, 0x6e, 0x20, 0x74, 0x72, 0x61,
  0x6e, 0x73, 0x66, 0x65, 0x72, 0x20, 0x72, 0x65, 0x73, 0x75, 0x6c, 0x74, 0x0a, 0x20, 0x20, 0x20,
  0x20, 0x65, 0x78, 0x70, 0x65, 0x63, 0x74, 0x65, 0x64, 0x3a, 0x20, 0x25, 0x70, 0x0a, 0x20, 0x20,
  0x20, 0x20, 0x61, 0x63, 0x74, 0x75, 0x61, 0x6c, 0x3a, 0x20, 0x20, 0x20, 0x25, 0x70, 0x0a, 0x00,
  0x25, 0x61, 0x3a, 0x20, 0x44, 0x61, 0x74, 0x61, 0x20, 0x66, 0x72, 0x6f, 0x6d, 0x20, 0x73, 0x63,
  0x73, 0x69, 0x20, 0x63, 0x6d, 0x64, 0x20, 0x25, 0x64, 0x20, 0x6e, 0x6f, 0x74, 0x20, 0x68, 0x61,
  0x6e, 0x64, 0x6c, 0x65, 0x64, 0x0a, 0x00, 0x43, 0x61, 0x6e, 0x6f, 0x65, 0x55, 0x73, 0x62, 0x4d,
  0x73, 0x64, 0x3a, 0x20, 0x55, 0x6e, 0x6d, 0x6f, 0x75, 0x6e, 0x74, 0x46, 0x61, 0x74, 0x50, 0x61,
  0x72, 0x74, 0x69, 0x74, 0x69, 0x6f, 0x6e, 0x20, 0x69, 0x73, 0x20, 0x6e, 0x6f, 0x74, 0x20, 0x62,
  0x75, 0x69, 0x6c, 0x74, 0x20, 0x69, 0x6e, 0x0a, 0x00, 0x44, 0x45, 0x56, 0x5f, 0x53, 0x54, 0x41,
  0x54, 0x45, 0x5f, 0x43, 0x4f, 0x4e, 0x46, 0x49, 0x47, 0x55, 0x52, 0x45, 0x44, 0x00, 0x25, 0x61,
  0x3a, 0x20, 0x43, 0x61, 0x62, 0x6c, 0x65, 0x20, 0x44, 0x65, 0x74, 0x61, 0x63, 0x68, 0x65, 0x64,
  0x0a, 0x00, 0x43, 0x54, 0x52, 0x4c, 0x00, 0x25, 0x61, 0x3a, 0x20, 0x55, 0x6e, 0x68, 0x61, 0x6e,
  0x64, 0x6c, 0x65, 0x64, 0x20, 0x74, 0x72, 0x61, 0x6e, 0x73, 0x66, 0x65, 0x72, 0x20, 0x73, 0x74,
  0x61, 0x74, 0x75, 0x73, 0x20, 0x6f, 0x6e, 0x20, 0x43, 0x54, 0x52, 0x4c, 0x20, 0x49, 0x4e, 0x3a,
  0x20, 0x25, 0x64, 0x0a, 0x00, 0x25, 0x61, 0x3a, 0x20, 0x63, 0x62, 0x77, 0x5f, 0x76, 0x61, 0x6c,
  0x69, 0x64, 0x5f, 0x66, 0x61, 0x69, 0x6c, 0x75, 0x72, 0x65, 0x0a, 0x00, 0x2f, 0x68, 0x6f, 0x6d,
  0x65, 0x2f, 0x76, 0x69, 0x76, 0x79, 0x2f, 0x50, 0x72, 0x6f, 0x6a, 0x65, 0x63, 0x74, 0x73, 0x2f,
  0x65, 0x66, 0x69, 0x73, 0x70, 0x2d, 0x70, 0x72, 0x6f, 0x6a, 0x65, 0x63, 0x74, 0x73, 0x2f, 0x67,
  0x62, 0x6c, 0x5f, 0x72, 0x6f, 0x6f, 0x74, 0x5f, 0x63, 0x61, 0x6e, 0x6f, 0x65, 0x2f, 0x2e, 0x77,
  0x6f, 0x72, 0x6b, 0x2f, 0x6c, 0x69, 0x76, 0x65, 0x2d, 0x62, 0x61, 0x63, 0x6b, 0x65, 0x6e, 0x64,
  0x2d, 0x61, 0x75, 0x64, 0x69, 0x74, 0x2f, 0x73, 0x75, 0x62, 0x6d, 0x6f, 0x64, 0x75, 0x6c, 0x65,
  0x73, 0x2f, 0x75, 0x65, 0x66, 0x69, 0x2f, 0x65, 0x64, 0x6b, 0x32, 0x2f, 0x4d, 0x64, 0x65, 0x50,
  0x6b, 0x67, 0x2f, 0x4c, 0x69, 0x62, 0x72, 0x61, 0x72, 0x79, 0x2f, 0x42, 0x61, 0x73, 0x65, 0x4d,
  0x65, 0x6d, 0x6f, 0x72, 0x79, 0x4c, 0x69, 0x62, 0x4f, 0x70, 0x74, 0x44, 0x78, 0x65, 0x2f, 0x5a,
  0x65, 0x72, 0x6f, 0x4d, 0x65, 0x6d, 0x57, 0x72, 0x61, 0x70, 0x70, 0x65, 0x72, 0x2e, 0x63, 0x00,
  0x25, 0x61, 0x3a, 0x20, 0x46, 0x61, 0x69, 0x6c, 0x65, 0x64, 0x20, 0x74, 0x6f, 0x20, 0x73, 0x74,
  0x6f, 0x70, 0x20, 0x63, 0x6f, 0x6e, 0x74, 0x72, 0x6f, 0x6c, 0x6c, 0x65, 0x72, 0x20, 0x25, 0x72,
  0x0a, 0x00, 0x55, 0x46, 0x53, 0x2d, 0x4c, 0x55, 0x4e, 0x20, 0x30, 0x00, 0x55, 0x46, 0x53, 0x2d,
  0x4c, 0x55, 0x4e, 0x20, 0x34, 0x00, 0x55, 0x46, 0x53, 0x2d, 0x4c, 0x55, 0x4e, 0x20, 0x37, 0x00,
  0x25, 0x61, 0x3a, 0x20, 0x45, 0x70, 0x20, 0x25, 0x64, 0x20, 0x44, 0x69, 0x72, 0x20, 0x25, 0x64,
  0x2c, 0x20, 0x42, 0x75, 0x66, 0x66, 0x20, 0x25, 0x70, 0x2c, 0x20, 0x42, 0x79, 0x74, 0x65, 0x73,
  0x20, 0x25, 0x64, 0x2c, 0x20, 0x53, 0x74, 0x61, 0x74, 0x75, 0x73, 0x20, 0x25, 0x64, 0x0a, 0x00,
  0x25, 0x61, 0x3a, 0x20, 0x53, 0x65, 0x74, 0x20, 0x41, 0x64, 0x64, 0x72, 0x65, 0x73, 0x73, 0x3a,
  0x20, 0x25, 0x64, 0x0a, 0x00, 0x50, 0x72, 0x6f, 0x63, 0x65, 0x73, 0x73, 0x43, 0x74, 0x72, 0x6c,
  0x45, 0x70, 0x53, 0x74, 0x61, 0x74, 0x75, 0x73, 0x43, 0x68, 0x61, 0x6e, 0x67, 0x65, 0x64, 0x52,
  0x78, 0x00, 0x25, 0x61, 0x3a, 0x25, 0x64, 0x20, 0x49, 0x6e, 0x76, 0x61, 0x6c, 0x69, 0x64, 0x20,
  0x50, 0x61, 0x72, 0x61, 0x6d, 0x65, 0x74, 0x65, 0x72, 0x73, 0x0a, 0x00, 0x25, 0x61, 0x3a, 0x20,
  0x52, 0x65, 0x63, 0x65, 0x69, 0x76, 0x69, 0x6e, 0x67, 0x20, 0x44, 0x61, 0x74, 0x61, 0x20, 0x46,
  0x72, 0x6f, 0x6d, 0x20, 0x48, 0x6f, 0x73, 0x74, 0x20, 0x54, 0x6f, 0x20, 0x44, 0x65, 0x76, 0x69,
  0x63, 0x65, 0x0a, 0x00, 0x25, 0x61, 0x3a, 0x20, 0x54, 0x72, 0x61, 0x6e, 0x73, 0x66, 0x65, 0x72,
  0x20, 0x6f, 0x6e, 0x20, 0x45, 0x50, 0x20, 0x30, 0x78, 0x25, 0x30, 0x32, 0x78, 0x20, 0x61, 0x62,
  0x6f, 0x72, 0x74, 0x65, 0x64, 0x2c, 0x20, 0x66, 0x72, 0x65, 0x65, 0x0a, 0x00, 0x65, 0x4d, 0x4d,
  0x43, 0x20, 0x42, 0x6f, 0x6f, 0x74, 0x31, 0x00, 0x50, 0x61, 0x72, 0x74, 0x69, 0x74, 0x69, 0x6f,
  0x6e, 0x73, 0x20, 0x21, 0x3d, 0x20, 0x28, 0x28, 0x76, 0x6f, 0x69, 0x64, 0x20, 0x2a, 0x29, 0x20,
  0x30, 0x29, 0x00, 0x25, 0x61, 0x3a, 0x20, 0x46, 0x61, 0x69, 0x6c, 0x65, 0x64, 0x20, 0x74, 0x6f,
  0x20, 0x66, 0x72, 0x65, 0x65, 0x20, 0x43, 0x42, 0x57, 0x20, 0x74, 0x72, 0x61, 0x6e, 0x73, 0x66,
  0x65, 0x72, 0x20, 0x62, 0x75, 0x66, 0x66, 0x65, 0x72, 0x3a, 0x20, 0x25, 0x72, 0x0a, 0x00, 0x44,
  0x45, 0x56, 0x5f, 0x53, 0x54, 0x41, 0x54, 0x45, 0x5f, 0x43, 0x42, 0x57, 0x00, 0x25, 0x61, 0x3a,
  0x20, 0x43, 0x61, 0x62, 0x6c, 0x65, 0x20, 0x41, 0x74, 0x74, 0x61, 0x63, 0x68, 0x65, 0x64, 0x0a,
  0x00, 0x25, 0x61, 0x3a, 0x20, 0x54, 0x72, 0x61, 0x6e, 0x73, 0x66, 0x65, 0x72, 0x20, 0x73, 0x75,
  0x62, 0x6d, 0x69, 0x74, 0x74, 0x65, 0x64, 0x20, 0x6f, 0x6e, 0x20, 0x45, 0x50, 0x20, 0x30, 0x78,
  0x25, 0x30, 0x32, 0x78, 0x2c, 0x20, 0x70, 0x65, 0x6e, 0x64, 0x69, 0x6e, 0x67, 0x20, 0x63, 0x6f,
  0x6d, 0x70, 0x6c, 0x65, 0x74, 0x69, 0x6f, 0x6e, 0x2e, 0x20, 0x55, 0x73, 0x62, 0x66, 0x6e, 0x49,
  0x6f, 0x20, 0x25, 0x70, 0x2c, 0x20, 0x42, 0x75, 0x66, 0x66, 0x65, 0x72, 0x20, 0x25, 0x70, 0x2c,
  0x20, 0x4f, 0x66, 0x66, 0x53, 0x65, 0x74, 0x20, 0x25, 0x64, 0x2c, 0x20, 0x58, 0x66, 0x65, 0x72,
  0x53, 0x69, 0x7a, 0x65, 0x20, 0x25, 0x64, 0x0a, 0x00, 0x25, 0x61, 0x3a, 0x20, 0x77, 0x72, 0x69,
  0x74, 0x65, 0x20, 0x74, 0x6f, 0x20, 0x65, 0x6d, 0x6d, 0x63, 0x0a, 0x00, 0x71, 0x68, 0x73, 0x75,
  0x73, 0x62, 0x5f, 0x66, 0x64, 0x5f, 0x6d, 0x73, 0x5f, 0x73, 0x65, 0x6e, 0x64, 0x5f, 0x72, 0x65,
  0x71, 0x75, 0x65, 0x73, 0x74, 0x00, 0x55, 0x46, 0x53, 0x2d, 0x4c, 0x55, 0x4e, 0x20, 0x35, 0x00,
  0x25, 0x61, 0x3a, 0x20, 0x46, 0x61, 0x69, 0x6c, 0x65, 0x64, 0x20, 0x74, 0x6f, 0x20, 0x61, 0x6c,
  0x6c, 0x6f, 0x63, 0x61, 0x74, 0x65, 0x20, 0x42, 0x55, 0x4c, 0x4b, 0x20, 0x52, 0x58, 0x20, 0x74,
  0x72, 0x61, 0x6e, 0x73, 0x66, 0x65, 0x72, 0x20, 0x62, 0x75, 0x66, 0x66, 0x65, 0x72, 0x3a, 0x20,
  0x25, 0x72, 0x0a, 0x00, 0x44, 0x45, 0x56, 0x5f, 0x53, 0x54, 0x41, 0x54, 0x45, 0x5f, 0x52, 0x43,
  0x56, 0x5f, 0x46, 0x52, 0x4f, 0x4d, 0x5f, 0x48, 0x4f, 0x53, 0x54, 0x00, 0x25, 0x61, 0x3a, 0x20,
  0x55, 0x6e, 0x73, 0x75, 0x70, 0x70, 0x6f, 0x72, 0x74, 0x65, 0x64, 0x20, 0x73, 0x74, 0x72, 0x69,
  0x6e, 0x67, 0x20, 0x69, 0x6e, 0x64, 0x65, 0x78, 0x20, 0x30, 0x78, 0x25, 0x30, 0x32, 0x78, 0x0a,
  0x00, 0x25, 0x61, 0x3a, 0x25, 0x64, 0x20, 0x49, 0x6e, 0x76, 0x61, 0x6c, 0x69, 0x64, 0x20, 0x50,
  0x61, 0x72, 0x61, 0x6d, 0x65, 0x74, 0x65, 0x72, 0x0a, 0x00, 0x25, 0x61, 0x3a, 0x20, 0x68, 0x6f,
  0x73, 0x74, 0x20, 0x72, 0x65, 0x71, 0x75, 0x65, 0x73, 0x74, 0x73, 0x20, 0x62, 0x75, 0x66, 0x66,
  0x65, 0x72, 0x20, 0x73, 0x69, 0x7a, 0x65, 0x20, 0x25, 0x64, 0x20, 0x69, 0x73, 0x20, 0x67, 0x72,
  0x65, 0x61, 0x74, 0x65, 0x72, 0x20, 0x74, 0x68, 0x61, 0x6e, 0x20, 0x63, 0x75, 0x72, 0x72, 0x65,
  0x6e, 0x74, 0x20, 0x74, 0x78, 0x20, 0x62, 0x75, 0x66, 0x66, 0x65, 0x72, 0x20, 0x73, 0x69, 0x7a,
  0x65, 0x20, 0x25, 0x64, 0x0a, 0x00, 0x25, 0x61, 0x3a, 0x20, 0x68, 0x6f, 0x73, 0x74, 0x20, 0x72,
  0x65, 0x71, 0x75, 0x65, 0x73, 0x74, 0x73, 0x20, 0x62, 0x75, 0x66, 0x66, 0x65, 0x72, 0x20, 0x73,
  0x69, 0x7a, 0x65, 0x20, 0x25, 0x64, 0x20, 0x69, 0x73, 0x20, 0x67, 0x72, 0x65, 0x61, 0x74, 0x65,
  0x72, 0x20, 0x74, 0x68, 0x61, 0x6e, 0x20, 0x63, 0x75, 0x72, 0x72, 0x65, 0x6e, 0x74, 0x20, 0x72,
  0x78, 0x20, 0x62, 0x75, 0x66, 0x66, 0x65, 0x72, 0x20, 0x73, 0x69, 0x7a, 0x65, 0x20, 0x25, 0x64,
  0x0a, 0x00, 0x68, 0x61, 0x6e, 0x64, 0x6c, 0x65, 0x5f, 0x74, 0x65, 0x73, 0x74, 0x5f, 0x75, 0x6e,
  0x69, 0x74, 0x5f, 0x72, 0x65, 0x61, 0x64, 0x79, 0x00, 0x2f, 0x68, 0x6f, 0x6d, 0x65, 0x2f, 0x76,
  0x69, 0x76, 0x79, 0x2f, 0x50, 0x72, 0x6f, 0x6a, 0x65, 0x63, 0x74, 0x73, 0x2f, 0x65, 0x66, 0x69,
  0x73, 0x70, 0x2d, 0x70, 0x72, 0x6f, 0x6a, 0x65, 0x63, 0x74, 0x73, 0x2f, 0x67, 0x62, 0x6c, 0x5f,
  0x72, 0x6f, 0x6f, 0x74, 0x5f, 0x63, 0x61, 0x6e, 0x6f, 0x65, 0x2f, 0x2e, 0x77, 0x6f, 0x72, 0x6b,
  0x2f, 0x6c, 0x69, 0x76, 0x65, 0x2d, 0x62, 0x61, 0x63, 0x6b, 0x65, 0x6e, 0x64, 0x2d, 0x61, 0x75,
  0x64, 0x69, 0x74, 0x2f, 0x73, 0x75, 0x62, 0x6d, 0x6f, 0x64, 0x75, 0x6c, 0x65, 0x73, 0x2f, 0x75,
  0x65, 0x66, 0x69, 0x2f, 0x65, 0x64, 0x6b, 0x32, 0x2f, 0x4d, 0x64, 0x65, 0x50, 0x6b, 0x67, 0x2f,
  0x4c, 0x69, 0x62, 0x72, 0x61, 0x72, 0x79, 0x2f, 0x42, 0x61, 0x73, 0x65, 0x4c, 0x69, 0x62, 0x2f,
  0x53, 0x61, 0x66, 0x65, 0x53, 0x74, 0x72, 0x69, 0x6e, 0x67, 0x2e, 0x63, 0x00, 0x55, 0x73, 0x62,
  0x4d, 0x73, 0x64, 0x51, 0x75, 0x65, 0x72, 0x79, 0x4d, 0x61, 0x78, 0x4c, 0x75, 0x6e, 0x00, 0x25,
  0x61, 0x3a, 0x20, 0x48, 0x61, 0x6e, 0x64, 0x6c, 0x65, 0x20, 0x4e, 0x65, 0x77, 0x20, 0x43, 0x42,
  0x57, 0x0a, 0x00, 0x50, 0x72, 0x6f, 0x63, 0x65, 0x73, 0x73, 0x53, 0x74, 0x64, 0x52, 0x65, 0x71,
  0x75, 0x65, 0x73, 0x74, 0x00, 0x52, 0x65, 0x63, 0x76, 0x4e, 0x65, 0x77, 0x43, 0x42, 0x57, 0x00,
  0x2f, 0x68, 0x6f, 0x6d, 0x65, 0x2f, 0x76, 0x69, 0x76, 0x79, 0x2f, 0x50, 0x72, 0x6f, 0x6a, 0x65,
  0x63, 0x74, 0x73, 0x2f, 0x65, 0x66, 0x69, 0x73, 0x70, 0x2d, 0x70, 0x72, 0x6f, 0x6a, 0x65, 0x63,
  0x74, 0x73, 0x2f, 0x67, 0x62, 0x6c, 0x5f, 0x72, 0x6f, 0x6f, 0x74, 0x5f, 0x63, 0x61, 0x6e, 0x6f,
  0x65, 0x2f, 0x2e, 0x77, 0x6f, 0x72, 0x6b, 0x2f, 0x6c, 0x69, 0x76, 0x65, 0x2d, 0x62, 0x61, 0x63,
  0x6b, 0x65, 0x6e, 0x64, 0x2d, 0x61, 0x75, 0x64, 0x69, 0x74, 0x2f, 0x73, 0x75, 0x62, 0x6d, 0x6f,
  0x64, 0x75, 0x6c, 0x65, 0x73, 0x2f, 0x75, 0x65, 0x66, 0x69, 0x2f, 0x65, 0x64, 0x6b, 0x32, 0x2f,
  0x4d, 0x64, 0x65, 0x50, 0x6b, 0x67, 0x2f, 0x4c, 0x69, 0x62, 0x72, 0x61, 0x72, 0x79, 0x2f, 0x55,
  0x65, 0x66, 0x69, 0x44, 0x72, 0x69, 0x76, 0x65, 0x72, 0x45, 0x6e, 0x74, 0x72, 0x79, 0x50, 0x6f,
  0x69, 0x6e, 0x74, 0x2f, 0x44, 0x72, 0x69, 0x76, 0x65, 0x72, 0x45, 0x6e, 0x74, 0x72, 0x79, 0x50,
  0x6f, 0x69, 0x6e, 0x74, 0x2e, 0x63, 0x00, 0x28, 0x4c, 0x65, 0x6e, 0x67, 0x74, 0x68, 0x20, 0x2d,
  0x20, 0x31, 0x29, 0x20, 0x3c, 0x3d, 0x20, 0x28, 0x30, 0x78, 0x46, 0x46, 0x46, 0x46, 0x46, 0x46,
  0x46, 0x46, 0x46, 0x46, 0x46, 0x46, 0x46, 0x46, 0x46, 0x46, 0x55, 0x4c, 0x4c, 0x20, 0x2d, 0x20,
  0x28, 0x55, 0x49, 0x4e, 0x54, 0x4e, 0x29, 0x53, 0x6f, 0x75, 0x72, 0x63, 0x65, 0x42, 0x75, 0x66,
  0x66, 0x65, 0x72, 0x29, 0x00, 0x28, 0x44, 0x65, 0x73, 0x74, 0x69, 0x6e, 0x61, 0x74, 0x69, 0x6f,
  0x6e, 0x20, 0x21, 0x3d, 0x20, 0x28, 0x28, 0x76, 0x6f, 0x69, 0x64, 0x20, 0x2a, 0x29, 0x20, 0x30,
  0x29, 0x29, 0x00, 0x55, 0x73, 0x62, 0x4d, 0x73, 0x64, 0x46, 0x69, 0x6e, 0x64, 0x50, 0x61, 0x72,
  0x74, 0x69, 0x74, 0x69, 0x6f, 0x6e, 0x73, 0x2c, 0x20, 0x66, 0x6f, 0x75, 0x6e, 0x64, 0x20, 0x72,
  0x65, 0x74, 0x75, 0x72, 0x6e, 0x20, 0x30, 0x78, 0x25, 0x78, 0x20, 0x25, 0x64, 0x0a, 0x00, 0x44,
  0x65, 0x76, 0x5f, 0x43, 0x6f, 0x6d, 0x6d, 0x6f, 0x6e, 0x5f, 0x53, 0x65, 0x74, 0x75, 0x70, 0x50,
  0x6b, 0x74, 0x00, 0x25, 0x61, 0x3a, 0x25, 0x64, 0x20, 0x41, 0x53, 0x53, 0x45, 0x52, 0x54, 0x3a,
  0x20, 0x28, 0x4d, 0x65, 0x73, 0x73, 0x61, 0x67, 0x65, 0x20, 0x3d, 0x3d, 0x20, 0x45, 0x66, 0x69,
  0x55, 0x73, 0x62, 0x4d, 0x73, 0x67, 0x45, 0x6e, 0x64, 0x70, 0x6f, 0x69, 0x6e, 0x74, 0x53, 0x74,
  0x61, 0x74, 0x75, 0x73, 0x43, 0x68, 0x61, 0x6e, 0x67, 0x65, 0x64, 0x54, 0x78, 0x29, 0x0a, 0x00,
  0x44, 0x65, 0x76, 0x5f, 0x53, 0x75, 0x73, 0x70, 0x65, 0x6e, 0x64, 0x65, 0x64, 0x5f, 0x45, 0x6e,
  0x74, 0x72, 0x79, 0x00, 0x25, 0x61, 0x3a, 0x20, 0x41, 0x6c, 0x6c, 0x20, 0x44, 0x61, 0x74, 0x61,
  0x20, 0x53, 0x65, 0x6e, 0x74, 0x20, 0x74, 0x6f, 0x20, 0x48, 0x6f, 0x73, 0x74, 0x2e, 0x20, 0x53,
  0x65, 0x6e, 0x64, 0x20, 0x43, 0x53, 0x57, 0x0a, 0x00, 0x25, 0x61, 0x3a, 0x20, 0x55, 0x73, 0x62,
  0x66, 0x6e, 0x49, 0x6f, 0x20, 0x50, 0x72, 0x6f, 0x74, 0x6f, 0x63, 0x6f, 0x6c, 0x20, 0x56, 0x69,
  0x6f, 0x6c, 0x61, 0x74, 0x69, 0x6f, 0x6e, 0x3a, 0x20, 0x45, 0x70, 0x20, 0x25, 0x64, 0x2c, 0x20,
  0x45, 0x70, 0x44, 0x69, 0x72, 0x20, 0x25, 0x64, 0x20, 0x69, 0x6e, 0x76, 0x61, 0x6c, 0x69, 0x64,
  0x20, 0x62, 0x75, 0x66, 0x66, 0x65, 0x72, 0x20, 0x72, 0x65, 0x74, 0x75, 0x72, 0x6e, 0x65, 0x64,
  0x20, 0x69, 0x6e, 0x20, 0x74, 0x72, 0x61, 0x6e, 0x73, 0x66, 0x65, 0x72, 0x20, 0x72, 0x65, 0x73,
  0x75, 0x6c, 0x74, 0x0a, 0x20, 0x20, 0x20, 0x20, 0x65, 0x78, 0x70, 0x65, 0x63, 0x74, 0x65, 0x64,
  0x3a, 0x20, 0x25, 0x70, 0x0a, 0x20, 0x20, 0x20, 0x20, 0x61, 0x63, 0x74, 0x75, 0x61, 0x6c, 0x3a,
  0x20, 0x20, 0x20, 0x25, 0x70, 0x0a, 0x00, 0x25, 0x61, 0x3a, 0x20, 0x4c, 0x55, 0x4e, 0x20, 0x25,
  0x64, 0x20, 0x69, 0x73, 0x20, 0x6f, 0x75, 0x74, 0x20, 0x6f, 0x66, 0x20, 0x4e, 0x45, 0x45, 0x44,
  0x20, 0x41, 0x54, 0x54, 0x45, 0x4e, 0x54, 0x49, 0x4f, 0x4e, 0x0a, 0x00, 0x67, 0x53, 0x54, 0x20,
  0x21, 0x3d, 0x20, 0x28, 0x28, 0x76, 0x6f, 0x69, 0x64, 0x20, 0x2a, 0x29, 0x20, 0x30, 0x29, 0x00,
  0x2f, 0x68, 0x6f, 0x6d, 0x65, 0x2f, 0x76, 0x69, 0x76, 0x79, 0x2f, 0x50, 0x72, 0x6f, 0x6a, 0x65,
  0x63, 0x74, 0x73, 0x2f, 0x65, 0x66, 0x69, 0x73, 0x70, 0x2d, 0x70, 0x72, 0x6f, 0x6a, 0x65, 0x63,
  0x74, 0x73, 0x2f, 0x67, 0x62, 0x6c, 0x5f, 0x72, 0x6f, 0x6f, 0x74, 0x5f, 0x63, 0x61, 0x6e, 0x6f,
  0x65, 0x2f, 0x2e, 0x77, 0x6f, 0x72, 0x6b, 0x2f, 0x6c, 0x69, 0x76, 0x65, 0x2d, 0x62, 0x61, 0x63,
  0x6b, 0x65, 0x6e, 0x64, 0x2d, 0x61, 0x75, 0x64, 0x69, 0x74, 0x2f, 0x73, 0x75, 0x62, 0x6d, 0x6f,
  0x64, 0x75, 0x6c, 0x65, 0x73, 0x2f, 0x75, 0x65, 0x66, 0x69, 0x2f, 0x65, 0x64, 0x6b, 0x32, 0x2f,
  0x42, 0x75, 0x69, 0x6c, 0x64, 0x2f, 0x43, 0x61, 0x6e, 0x6f, 0x65, 0x55, 0x73, 0x62, 0x4d, 0x73,
  0x64, 0x50, 0x6b, 0x67, 0x2f, 0x52, 0x45, 0x4c, 0x45, 0x41, 0x53, 0x45, 0x5f, 0x43, 0x4c, 0x41,
  0x4e, 0x47, 0x33, 0x35, 0x2f, 0x41, 0x41, 0x52, 0x43, 0x48, 0x36, 0x34, 0x2f, 0x43, 0x61, 0x6e,
  0x6f, 0x65, 0x55, 0x73, 0x62, 0x4d, 0x73, 0x64, 0x50, 0x6b, 0x67, 0x2f, 0x43, 0x61, 0x6e, 0x6f,
  0x65, 0x55, 0x73, 0x62, 0x4d, 0x73, 0x64, 0x44, 0x78, 0x65, 0x2f, 0x44, 0x45, 0x42, 0x55, 0x47,
  0x2f, 0x41, 0x75, 0x74, 0x6f, 0x47, 0x65, 0x6e, 0x2e, 0x63, 0x00, 0x2f, 0x68, 0x6f, 0x6d, 0x65,
  0x2f, 0x76, 0x69, 0x76, 0x79, 0x2f, 0x50, 0x72, 0x6f, 0x6a, 0x65, 0x63, 0x74, 0x73, 0x2f, 0x65,
  0x66, 0x69, 0x73, 0x70, 0x2d, 0x70, 0x72, 0x6f, 0x6a, 0x65, 0x63, 0x74, 0x73, 0x2f, 0x67, 0x62,
  0x6c, 0x5f, 0x72, 0x6f, 0x6f, 0x74, 0x5f, 0x63, 0x61, 0x6e, 0x6f, 0x65, 0x2f, 0x2e, 0x77, 0x6f,
  0x72, 0x6b, 0x2f, 0x6c, 0x69, 0x76, 0x65, 0x2d, 0x62, 0x61, 0x63, 0x6b, 0x65, 0x6e, 0x64, 0x2d,
  0x61, 0x75, 0x64, 0x69, 0x74, 0x2f, 0x73, 0x75, 0x62, 0x6d, 0x6f, 0x64, 0x75, 0x6c, 0x65, 0x73,
  0x2f, 0x75, 0x65, 0x66, 0x69, 0x2f, 0x65, 0x64, 0x6b, 0x32, 0x2f, 0x4d, 0x64, 0x65, 0x50, 0x6b,
  0x67, 0x2f, 0x4c, 0x69, 0x62, 0x72, 0x61, 0x72, 0x79, 0x2f, 0x55, 0x65, 0x66, 0x69, 0x52, 0x75,
  0x6e, 0x74, 0x69, 0x6d, 0x65, 0x53, 0x65, 0x72, 0x76, 0x69, 0x63, 0x65, 0x73, 0x54, 0x61, 0x62,
  0x6c, 0x65, 0x4c, 0x69, 0x62, 0x2f, 0x55, 0x65, 0x66, 0x69, 0x52, 0x75, 0x6e, 0x74, 0x69, 0x6d,
  0x65, 0x53, 0x65, 0x72, 0x76, 0x69, 0x63, 0x65, 0x73, 0x54, 0x61, 0x62, 0x6c, 0x65, 0x4c, 0x69,
  0x62, 0x2e, 0x63, 0x00, 0x28, 0x44, 0x65, 0x73, 0x74, 0x4d, 0x61, 0x78, 0x20, 0x21, 0x3d, 0x20,
  0x30, 0x29, 0x00, 0x43, 0x52, 0x20, 0x68, 0x61, 0x73, 0x20, 0x42, 0x61, 0x64, 0x20, 0x53, 0x69,
  0x67, 0x6e, 0x61, 0x74, 0x75, 0x72, 0x65, 0x00, 0x55, 0x46, 0x53, 0x2d, 0x4c, 0x55, 0x4e, 0x20,
  0x31, 0x00, 0x44, 0x45, 0x56, 0x5f, 0x53, 0x54, 0x41, 0x54, 0x45, 0x5f, 0x41, 0x54, 0x54, 0x41,
  0x43, 0x48, 0x45, 0x44, 0x00, 0x25, 0x61, 0x3a, 0x20, 0x46, 0x61, 0x69, 0x6c, 0x65, 0x64, 0x20,
  0x74, 0x6f, 0x20, 0x70, 0x72, 0x6f, 0x63, 0x65, 0x73, 0x73, 0x20, 0x73, 0x65, 0x74, 0x75, 0x70,
  0x20, 0x70, 0x61, 0x63, 0x6b, 0x65, 0x74, 0x3a, 0x20, 0x25, 0x72, 0x0a, 0x00, 0x43, 0x42, 0x57,
  0x00, 0x43, 0x53, 0x57, 0x00, 0x25, 0x61, 0x3a, 0x20, 0x52, 0x65, 0x71, 0x75, 0x65, 0x73, 0x74,
  0x20, 0x6e, 0x6f, 0x74, 0x20, 0x68, 0x61, 0x6e, 0x64, 0x6c, 0x65, 0x64, 0x0a, 0x00, 0x25, 0x61,
  0x3a, 0x20, 0x4e, 0x6f, 0x20, 0x44, 0x61, 0x74, 0x61, 0x20, 0x53, 0x74, 0x61, 0x67, 0x65, 0x0a,
  0x00, 0x25, 0x61, 0x3a, 0x20, 0x54, 0x72, 0x61, 0x6e, 0x73, 0x66, 0x65, 0x72, 0x20, 0x6f, 0x6e,
  0x20, 0x45, 0x50, 0x20, 0x30, 0x78, 0x25, 0x30, 0x32, 0x78, 0x20, 0x6e, 0x6f, 0x74, 0x20, 0x61,
  0x63, 0x74, 0x69, 0x76, 0x65, 0x2c, 0x20, 0x6e, 0x6f, 0x74, 0x68, 0x69, 0x6e, 0x67, 0x20, 0x74,
  0x6f, 0x20, 0x64, 0x6f, 0x0a, 0x00, 0x25, 0x61, 0x3a, 0x20, 0x63, 0x61, 0x6e, 0x6f, 0x65, 0x3a,
  0x20, 0x68, 0x6f, 0x73, 0x74, 0x20, 0x65, 0x6a, 0x65, 0x63, 0x74, 0x65, 0x64, 0x20, 0x74, 0x68,
  0x65, 0x20, 0x6d, 0x65, 0x64, 0x69, 0x75, 0x6d, 0x0a, 0x00, 0x25, 0x61, 0x3a, 0x20, 0x4d, 0x65,
  0x64, 0x69, 0x61, 0x20, 0x57, 0x72, 0x69, 0x74, 0x65, 0x20, 0x46, 0x61, 0x69, 0x6c, 0x73, 0x3a,
  0x20, 0x4c, 0x75, 0x6e, 0x20, 0x25, 0x64, 0x2c, 0x20, 0x4c, 0x42, 0x41, 0x20, 0x25, 0x64, 0x2c,
  0x20, 0x53, 0x69, 0x7a, 0x65, 0x20, 0x25, 0x64, 0x0a, 0x00, 0x55, 0x73, 0x62, 0x4d, 0x73, 0x64,
  0x45, 0x78, 0x69, 0x74, 0x42, 0x6f, 0x6f, 0x74, 0x53, 0x65, 0x72, 0x76, 0x69, 0x63, 0x65, 0x00,
  0x25, 0x61, 0x3a, 0x20, 0x46, 0x72, 0x65, 0x65, 0x20, 0x4c, 0x55, 0x4e, 0x20, 0x25, 0x64, 0x2c,
  0x20, 0x42, 0x6c, 0x6b, 0x49, 0x6f, 0x20, 0x25, 0x70, 0x2c, 0x20, 0x4e, 0x75, 0x6d, 0x20, 0x6f,
  0x66, 0x20, 0x61, 0x63, 0x74, 0x69, 0x76, 0x65, 0x20, 0x4c, 0x55, 0x4e, 0x20, 0x25, 0x64, 0x0a,
  0x00, 0x25, 0x61, 0x3a, 0x20, 0x49, 0x6e, 0x76, 0x61, 0x6c, 0x69, 0x64, 0x20, 0x63, 0x75, 0x72,
  0x72, 0x65, 0x6e, 0x74, 0x20, 0x73, 0x74, 0x61, 0x74, 0x65, 0x21, 0x0a, 0x00, 0x53, 0x65, 0x74,
  0x44, 0x65, 0x76, 0x69, 0x63, 0x65, 0x53, 0x65, 0x72, 0x69, 0x61, 0x6c, 0x4e, 0x75, 0x6d, 0x62,
  0x65, 0x72, 0x00, 0x25, 0x61, 0x3a, 0x20, 0x43, 0x53, 0x57, 0x20, 0x78, 0x66, 0x65, 0x72, 0x20,
  0x66, 0x61, 0x69, 0x6c, 0x65, 0x64, 0x2e, 0x0a, 0x00, 0x25, 0x61, 0x3a, 0x20, 0x47, 0x65, 0x74,
  0x20, 0x43, 0x6f, 0x6e, 0x66, 0x69, 0x67, 0x75, 0x72, 0x61, 0x74, 0x69, 0x6f, 0x6e, 0x3a, 0x20,
  0x25, 0x64, 0x0a, 0x00, 0x68, 0x61, 0x6e, 0x64, 0x6c, 0x65, 0x5f, 0x72, 0x78, 0x5f, 0x64, 0x61,
  0x74, 0x61, 0x00, 0x68, 0x61, 0x6e, 0x64, 0x6c, 0x65, 0x5f, 0x73, 0x63, 0x73, 0x69, 0x5f, 0x63,
  0x6f, 0x6d, 0x6d, 0x61, 0x6e, 0x64, 0x00, 0x25, 0x61, 0x3a, 0x20, 0x42, 0x6c, 0x6b, 0x49, 0x6f,
  0x50, 0x72, 0x6f, 0x74, 0x6f, 0x63, 0x6f, 0x6c, 0x20, 0x57, 0x72, 0x69, 0x74, 0x65, 0x42, 0x6c,
  0x6f, 0x63, 0x6b, 0x73, 0x20, 0x46, 0x61, 0x69, 0x6c, 0x73, 0x3a, 0x20, 0x25, 0x70, 0x0a, 0x00,
  0x0a, 0x41, 0x53, 0x53, 0x45, 0x52, 0x54, 0x5f, 0x45, 0x46, 0x49, 0x5f, 0x45, 0x52, 0x52, 0x4f,
  0x52, 0x20, 0x28, 0x53, 0x74, 0x61, 0x74, 0x75, 0x73, 0x20, 0x3d, 0x20, 0x25, 0x72, 0x29, 0x0a,
  0x00, 0x67, 0x49, 0x6d, 0x61, 0x67, 0x65, 0x48, 0x61, 0x6e, 0x64, 0x6c, 0x65, 0x20, 0x21, 0x3d,
  0x20, 0x28, 0x28, 0x76, 0x6f, 0x69, 0x64, 0x20, 0x2a, 0x29, 0x20, 0x30, 0x29, 0x00, 0x25, 0x61,
  0x3a, 0x25, 0x64, 0x20, 0x41, 0x53, 0x53, 0x45, 0x52, 0x54, 0x3a, 0x20, 0x28, 0x4d, 0x65, 0x73,
  0x73, 0x61, 0x67, 0x65, 0x20, 0x3d, 0x3d, 0x20, 0x45, 0x66, 0x69, 0x55, 0x73, 0x62, 0x4d, 0x73,
  0x67, 0x45, 0x6e, 0x64, 0x70, 0x6f, 0x69, 0x6e, 0x74, 0x53, 0x74, 0x61, 0x74, 0x75, 0x73, 0x43,
  0x68, 0x61, 0x6e, 0x67, 0x65, 0x64, 0x52, 0x78, 0x29, 0x0a, 0x00, 0x25, 0x61, 0x3a, 0x20, 0x45,
  0x66, 0x69, 0x55, 0x73, 0x62, 0x4d, 0x73, 0x67, 0x45, 0x6e, 0x64, 0x70, 0x6f, 0x69, 0x6e, 0x74,
  0x53, 0x74, 0x61, 0x74, 0x75, 0x73, 0x43, 0x68, 0x61, 0x6e, 0x67, 0x65, 0x64, 0x54, 0x78, 0x20,
  0x72, 0x65, 0x63, 0x65, 0x69, 0x76, 0x65, 0x64, 0x20, 0x6f, 0x6e, 0x20, 0x65, 0x70, 0x3a, 0x20,
  0x30, 0x78, 0x25, 0x30, 0x32, 0x78, 0x0a, 0x00, 0x25, 0x61, 0x3a, 0x20, 0x43, 0x6f, 0x6e, 0x74,
  0x72, 0x6f, 0x6c, 0x20, 0x4f, 0x55, 0x54, 0x20, 0x74, 0x72, 0x61, 0x6e, 0x73, 0x66, 0x65, 0x72,
  0x20, 0x61, 0x62, 0x6f, 0x72, 0x74, 0x65, 0x64, 0x0a, 0x00, 0x25, 0x61, 0x3a, 0x20, 0x43, 0x6f,
  0x6e, 0x74, 0x72, 0x6f, 0x6c, 0x20, 0x49, 0x4e, 0x20, 0x74, 0x72, 0x61, 0x6e, 0x73, 0x66, 0x65,
  0x72, 0x20, 0x61, 0x62, 0x6f, 0x72, 0x74, 0x65, 0x64, 0x0a, 0x00, 0x41, 0x62, 0x6f, 0x72, 0x74,
  0x58, 0x66, 0x65, 0x72, 0x00, 0x25, 0x61, 0x3a, 0x20, 0x68, 0x61, 0x6e, 0x64, 0x6c, 0x65, 0x20,
  0x72, 0x65, 0x61, 0x64, 0x5f, 0x63, 0x61, 0x70, 0x0a, 0x00, 0x43, 0x61, 0x6e, 0x6f, 0x65, 0x55,
  0x73, 0x62, 0x4d, 0x73, 0x64, 0x3a, 0x20, 0x70, 0x61, 0x72, 0x74, 0x69, 0x74, 0x69, 0x6f, 0x6e,
  0x20, 0x65, 0x6e, 0x75, 0x6d, 0x65, 0x72, 0x61, 0x74, 0x69, 0x6f, 0x6e, 0x20, 0x69, 0x73, 0x20,
  0x6e, 0x6f, 0x74, 0x20, 0x62, 0x75, 0x69, 0x6c, 0x74, 0x20, 0x69, 0x6e, 0x3b, 0x20, 0x74, 0x68,
  0x65, 0x20, 0x65, 0x78, 0x70, 0x6f, 0x72, 0x74, 0x20, 0x69, 0x73, 0x20, 0x64, 0x72, 0x69, 0x76,
  0x65, 0x6e, 0x20, 0x62, 0x79, 0x20, 0x41, 0x73, 0x73, 0x69, 0x67, 0x6e, 0x42, 0x6c, 0x6b, 0x49,
  0x6f, 0x48, 0x61, 0x6e, 0x64, 0x6c, 0x65, 0x0a, 0x00, 0x25, 0x61, 0x3a, 0x20, 0x2b, 0x2b, 0x0a,
  0x00, 0x25, 0x61, 0x3a, 0x20, 0x4d, 0x65, 0x6d, 0x20, 0x61, 0x6c, 0x6c, 0x6f, 0x63, 0x61, 0x74,
  0x69, 0x6f, 0x6e, 0x20, 0x66, 0x6f, 0x72, 0x20, 0x55, 0x73, 0x62, 0x4d, 0x73, 0x64, 0x20, 0x66,
  0x61, 0x69, 0x6c, 0x65, 0x64, 0x0a, 0x00, 0x65, 0x4d, 0x4d, 0x43, 0x20, 0x55, 0x73, 0x65, 0x72,
  0x00, 0x44, 0x65, 0x76, 0x53, 0x6d, 0x43, 0x6c, 0x65, 0x61, 0x6e, 0x75, 0x70, 0x00, 0x25, 0x61,
  0x3a, 0x20, 0x4e, 0x6f, 0x74, 0x20, 0x65, 0x6e, 0x6f, 0x75, 0x67, 0x68, 0x20, 0x72, 0x6f, 0x6f,
  0x6d, 0x20, 0x66, 0x6f, 0x72, 0x20, 0x43, 0x54, 0x52, 0x4c, 0x20, 0x52, 0x58, 0x20, 0x74, 0x72,
  0x61, 0x6e, 0x73, 0x66, 0x65, 0x72, 0x0a, 0x00, 0x50, 0x72, 0x6f, 0x63, 0x65, 0x73, 0x73, 0x43,
  0x74, 0x72, 0x6c, 0x45, 0x70, 0x53, 0x74, 0x61, 0x74, 0x75, 0x73, 0x43, 0x68, 0x61, 0x6e, 0x67,
  0x65, 0x64, 0x54, 0x78, 0x00, 0x25, 0x61, 0x3a, 0x20, 0x46, 0x61, 0x69, 0x6c, 0x65, 0x64, 0x20,
  0x74, 0x6f, 0x20, 0x61, 0x62, 0x6f, 0x72, 0x74, 0x20, 0x74, 0x72, 0x61, 0x6e, 0x73, 0x66, 0x65,
  0x72, 0x20, 0x6f, 0x6e, 0x20, 0x45, 0x50, 0x20, 0x30, 0x78, 0x25, 0x30, 0x32, 0x78, 0x3a, 0x20,
  0x25, 0x72, 0x0a, 0x00, 0x75, 0x70, 0x64, 0x61, 0x74, 0x65, 0x5f, 0x63, 0x75, 0x72, 0x72, 0x65,
  0x6e, 0x74, 0x5f, 0x78, 0x66, 0x65, 0x72, 0x5f, 0x70, 0x61, 0x72, 0x61, 0x6d, 0x73, 0x00, 0x25,
  0x61, 0x3a, 0x20, 0x52, 0x65, 0x71, 0x75, 0x65, 0x73, 0x74, 0x53, 0x65, 0x6e, 0x73, 0x65, 0x52,
  0x65, 0x73, 0x70, 0x6f, 0x6e, 0x73, 0x65, 0x20, 0x4e, 0x6f, 0x74, 0x20, 0x53, 0x65, 0x74, 0x0a,
  0x00, 0x4e, 0x56, 0x4d, 0x45, 0x2d, 0x30, 0x00, 0x25, 0x61, 0x3a, 0x20, 0x43, 0x53, 0x57, 0x20,
  0x74, 0x72, 0x61, 0x6e, 0x73, 0x66, 0x65, 0x72, 0x20, 0x62, 0x75, 0x66, 0x66, 0x65, 0x72, 0x20,
  0x3d, 0x20, 0x25, 0x70, 0x0a, 0x00, 0x44, 0x65, 0x76, 0x5f, 0x43, 0x6f, 0x6d, 0x6d, 0x6f, 0x6e,
  0x5f, 0x44, 0x65, 0x74, 0x61, 0x63, 0x68, 0x00, 0x44, 0x65, 0x76, 0x5f, 0x41, 0x74, 0x74, 0x61,
  0x63, 0x68, 0x65, 0x64, 0x5f, 0x45, 0x6e, 0x74, 0x72, 0x79, 0x00, 0x52, 0x58, 0x00, 0x25, 0x61,
  0x3a, 0x20, 0x45, 0x70, 0x20, 0x25, 0x64, 0x2c, 0x20, 0x44, 0x69, 0x72, 0x20, 0x25, 0x64, 0x2c,
  0x20, 0x42, 0x75, 0x66, 0x66, 0x65, 0x72, 0x20, 0x25, 0x61, 0x0a, 0x00, 0x25, 0x61, 0x3a, 0x20,
  0x42, 0x75, 0x73, 0x20, 0x73, 0x75, 0x73, 0x70, 0x65, 0x6e, 0x64, 0x65, 0x64, 0x20, 0x69, 0x6e,
  0x20, 0x73, 0x74, 0x61, 0x74, 0x65, 0x20, 0x25, 0x61, 0x0a, 0x00, 0x25, 0x61, 0x3a, 0x20, 0x52,
  0x65, 0x73, 0x75, 0x6d, 0x69, 0x6e, 0x67, 0x20, 0x74, 0x6f, 0x20, 0x73, 0x74, 0x61, 0x74, 0x65,
  0x20, 0x25, 0x61, 0x0a, 0x00, 0x25, 0x61, 0x3a, 0x20, 0x45, 0x66, 0x69, 0x55, 0x73, 0x62, 0x4d,
  0x73, 0x67, 0x45, 0x6e, 0x64, 0x70, 0x6f, 0x69, 0x6e, 0x74, 0x53, 0x74, 0x61, 0x74, 0x75, 0x73,
  0x43, 0x68, 0x61, 0x6e, 0x67, 0x65, 0x64, 0x54, 0x78, 0x3a, 0x20, 0x45, 0x50, 0x3a, 0x20, 0x30,
  0x78, 0x25, 0x30, 0x32, 0x78, 0x3a, 0x20, 0x42, 0x79, 0x74, 0x65, 0x73, 0x54, 0x72, 0x61, 0x6e,
  0x73, 0x66, 0x65, 0x72, 0x72, 0x65, 0x64, 0x3a, 0x20, 0x25, 0x64, 0x0a, 0x00, 0x25, 0x61, 0x3a,
  0x20, 0x55, 0x6e, 0x65, 0x78, 0x70, 0x65, 0x63, 0x74, 0x65, 0x64, 0x20, 0x65, 0x6e, 0x64, 0x70,
  0x6f, 0x69, 0x6e, 0x74, 0x20, 0x30, 0x78, 0x25, 0x30, 0x32, 0x78, 0x20, 0x6e, 0x6f, 0x74, 0x20,
  0x68, 0x61, 0x6e, 0x64, 0x6c, 0x65, 0x64, 0x0a, 0x00, 0x25, 0x61, 0x3a, 0x20, 0x42, 0x6c, 0x6b,
  0x49, 0x6f, 0x50, 0x72, 0x6f, 0x74, 0x6f, 0x63, 0x6f, 0x6c, 0x20, 0x52, 0x65, 0x61, 0x64, 0x42,
  0x6c, 0x6f, 0x63, 0x6b, 0x73, 0x20, 0x46, 0x61, 0x69, 0x6c, 0x73, 0x3a, 0x20, 0x25, 0x70, 0x0a,
  0x00, 0x43, 0x61, 0x6e, 0x6f, 0x65, 0x55, 0x73, 0x62, 0x4d, 0x73, 0x64, 0x3a, 0x20, 0x43, 0x6f,
  0x70, 0x79, 0x4d, 0x65, 0x6d, 0x53, 0x20, 0x72, 0x65, 0x66, 0x75, 0x73, 0x65, 0x64, 0x20, 0x25,
  0x6c, 0x75, 0x20, 0x62, 0x79, 0x74, 0x65, 0x73, 0x20, 0x69, 0x6e, 0x74, 0x6f, 0x20, 0x25, 0x6c,
  0x75, 0x0a, 0x00, 0x55, 0x73, 0x62, 0x4d, 0x73, 0x64, 0x47, 0x65, 0x74, 0x44, 0x65, 0x76, 0x69,
  0x63, 0x65, 0x53, 0x70, 0x65, 0x65, 0x64, 0x00, 0x55, 0x46, 0x53, 0x2d, 0x4c, 0x55, 0x4e, 0x20,
  0x32, 0x00, 0x2f, 0x68, 0x6f, 0x6d, 0x65, 0x2f, 0x76, 0x69, 0x76, 0x79, 0x2f, 0x50, 0x72, 0x6f,
  0x6a, 0x65, 0x63, 0x74, 0x73, 0x2f, 0x65, 0x66, 0x69, 0x73, 0x70, 0x2d, 0x70, 0x72, 0x6f, 0x6a,
  0x65, 0x63, 0x74, 0x73, 0x2f, 0x67, 0x62, 0x6c, 0x5f, 0x72, 0x6f, 0x6f, 0x74, 0x5f, 0x63, 0x61,
  0x6e, 0x6f, 0x65, 0x2f, 0x2e, 0x77, 0x6f, 0x72, 0x6b, 0x2f, 0x6c, 0x69, 0x76, 0x65, 0x2d, 0x62,
  0x61, 0x63, 0x6b, 0x65, 0x6e, 0x64, 0x2d, 0x61, 0x75, 0x64, 0x69, 0x74, 0x2f, 0x73, 0x75, 0x62,
  0x6d, 0x6f, 0x64, 0x75, 0x6c, 0x65, 0x73, 0x2f, 0x75, 0x65, 0x66, 0x69, 0x2f, 0x65, 0x64, 0x6b,
  0x32, 0x2f, 0x4d, 0x64, 0x65, 0x50, 0x6b, 0x67, 0x2f, 0x4c, 0x69, 0x62, 0x72, 0x61, 0x72, 0x79,
  0x2f, 0x55, 0x65, 0x66, 0x69, 0x42, 0x6f, 0x6f, 0x74, 0x53, 0x65, 0x72, 0x76, 0x69, 0x63, 0x65,
  0x73, 0x54, 0x61, 0x62, 0x6c, 0x65, 0x4c, 0x69, 0x62, 0x2f, 0x55, 0x65, 0x66, 0x69, 0x42, 0x6f,
  0x6f, 0x74, 0x53, 0x65, 0x72, 0x76, 0x69, 0x63, 0x65, 0x73, 0x54, 0x61, 0x62, 0x6c, 0x65, 0x4c,
  0x69, 0x62, 0x2e, 0x63, 0x00, 0x4c, 0x65, 0x6e, 0x67, 0x74, 0x68, 0x20, 0x3c, 0x3d, 0x20, 0x28,
  0x30, 0x78, 0x46, 0x46, 0x46, 0x46, 0x46, 0x46, 0x46, 0x46, 0x46, 0x46, 0x46, 0x46, 0x46, 0x46,
  0x46, 0x46, 0x55, 0x4c, 0x4c, 0x20, 0x2d, 0x20, 0x28, 0x55, 0x49, 0x4e, 0x54, 0x4e, 0x29, 0x42,
  0x75, 0x66, 0x66, 0x65, 0x72, 0x20, 0x2b, 0x20, 0x31, 0x29, 0x00, 0x25, 0x61, 0x3a, 0x20, 0x41,
  0x64, 0x64, 0x20, 0x4c, 0x55, 0x4e, 0x20, 0x25, 0x64, 0x2c, 0x20, 0x42, 0x6c, 0x6b, 0x49, 0x6f,
  0x20, 0x25, 0x70, 0x2c, 0x20, 0x4e, 0x75, 0x6d, 0x20, 0x6f, 0x66, 0x20, 0x61, 0x63, 0x74, 0x69,
  0x76, 0x65, 0x20, 0x4c, 0x55, 0x4e, 0x20, 0x25, 0x64, 0x0a, 0x00, 0x55, 0x73, 0x62, 0x4d, 0x73,
  0x64, 0x55, 0x6e, 0x6d, 0x6f, 0x75, 0x6e, 0x74, 0x48, 0x61, 0x6e, 0x64, 0x6c, 0x65, 0x00, 0x55,
  0x46, 0x53, 0x2d, 0x4c, 0x55, 0x4e, 0x20, 0x33, 0x00, 0x44, 0x45, 0x56, 0x5f, 0x53, 0x54, 0x41,
  0x54, 0x45, 0x5f, 0x53, 0x45, 0x4e, 0x44, 0x5f, 0x54, 0x4f, 0x5f, 0x48, 0x4f, 0x53, 0x54, 0x00,
  0x30, 0x00, 0x25, 0x61, 0x3a, 0x20, 0x68, 0x61, 0x6e, 0x64, 0x6c, 0x65, 0x20, 0x6d, 0x6f, 0x64,
  0x65, 0x20, 0x73, 0x65, 0x6c, 0x65, 0x63, 0x74, 0x0a, 0x00, 0x25, 0x61, 0x3a, 0x20, 0x46, 0x72,
  0x65, 0x65, 0x54, 0x72, 0x61, 0x6e, 0x73, 0x66, 0x65, 0x72, 0x42, 0x75, 0x66, 0x66, 0x65, 0x72,
  0x20, 0x66, 0x61, 0x69, 0x6c, 0x65, 0x64, 0x20, 0x25, 0x72, 0x0a, 0x00, 0x44, 0x65, 0x76, 0x53,
  0x6d, 0x49, 0x6e, 0x69, 0x74, 0x69, 0x61, 0x6c, 0x69, 0x7a, 0x65, 0x00, 0x25, 0x61, 0x3a, 0x20,
  0x43, 0x42, 0x57, 0x20, 0x74, 0x72, 0x61, 0x6e, 0x73, 0x66, 0x65, 0x72, 0x20, 0x62, 0x75, 0x66,
  0x66, 0x65, 0x72, 0x20, 0x3d, 0x20, 0x25, 0x70, 0x0a, 0x00, 0x25, 0x61, 0x3a, 0x20, 0x52, 0x65,
  0x63, 0x76, 0x20, 0x41, 0x6c, 0x6c, 0x20, 0x44, 0x61, 0x74, 0x61, 0x20, 0x66, 0x72, 0x6f, 0x6d,
  0x20, 0x48, 0x6f, 0x73, 0x74, 0x2e, 0x20, 0x57, 0x72, 0x69, 0x74, 0x65, 0x20, 0x74, 0x6f, 0x20,
  0x45, 0x4d, 0x4d, 0x43, 0x20, 0x43, 0x61, 0x72, 0x64, 0x0a, 0x00, 0x50, 0x72, 0x6f, 0x63, 0x65,
  0x73, 0x73, 0x43, 0x6c, 0x73, 0x52, 0x65, 0x71, 0x75, 0x65, 0x73, 0x74, 0x00, 0x68, 0x61, 0x6e,
  0x64, 0x6c, 0x65, 0x5f, 0x6e, 0x65, 0x77, 0x5f, 0x63, 0x62, 0x77, 0x00, 0x70, 0x61, 0x72, 0x74,
  0x69, 0x74, 0x69, 0x6f, 0x6e, 0x20, 0x46, 0x69, 0x6e, 0x64, 0x50, 0x61, 0x72, 0x74, 0x69, 0x74,
  0x69, 0x6f, 0x6e, 0x20, 0x30, 0x78, 0x25, 0x78, 0x20, 0x25, 0x64, 0x0d, 0x0a, 0x00, 0x25, 0x61,
  0x3a, 0x20, 0x43, 0x6f, 0x6e, 0x74, 0x72, 0x6f, 0x6c, 0x20, 0x74, 0x72, 0x61, 0x6e, 0x73, 0x66,
  0x65, 0x72, 0x20, 0x62, 0x75, 0x66, 0x66, 0x65, 0x72, 0x20, 0x3d, 0x20, 0x25, 0x70, 0x0a, 0x00,
  0x25, 0x61, 0x3a, 0x20, 0x46, 0x61, 0x69, 0x6c, 0x65, 0x64, 0x20, 0x74, 0x6f, 0x20, 0x61, 0x6c,
  0x6c, 0x6f, 0x63, 0x61, 0x74, 0x65, 0x20, 0x42, 0x55, 0x4c, 0x4b, 0x20, 0x54, 0x58, 0x20, 0x74,
  0x72, 0x61, 0x6e, 0x73, 0x66, 0x65, 0x72, 0x20, 0x62, 0x75, 0x66, 0x66, 0x65, 0x72, 0x3a, 0x20,
  0x25, 0x72, 0x0a, 0x00, 0x25, 0x61, 0x3a, 0x20, 0x52, 0x78, 0x20, 0x44, 0x61, 0x74, 0x61, 0x20,
  0x78, 0x66, 0x65, 0x72, 0x20, 0x66, 0x61, 0x69, 0x6c, 0x65, 0x64, 0x2e, 0x0a, 0x00, 0x2f, 0x68,
  0x6f, 0x6d, 0x65, 0x2f, 0x76, 0x69, 0x76, 0x79, 0x2f, 0x50, 0x72, 0x6f, 0x6a, 0x65, 0x63, 0x74,
  0x73, 0x2f, 0x65, 0x66, 0x69, 0x73, 0x70, 0x2d, 0x70, 0x72, 0x6f, 0x6a, 0x65, 0x63, 0x74, 0x73,
  0x2f, 0x67, 0x62, 0x6c, 0x5f, 0x72, 0x6f, 0x6f, 0x74, 0x5f, 0x63, 0x61, 0x6e, 0x6f, 0x65, 0x2f,
  0x2e, 0x77, 0x6f, 0x72, 0x6b, 0x2f, 0x6c, 0x69, 0x76, 0x65, 0x2d, 0x6d, 0x73, 0x64, 0x2d, 0x61,
  0x75, 0x64, 0x69, 0x74, 0x2f, 0x70, 0x6b, 0x67, 0x2f, 0x43, 0x61, 0x6e, 0x6f, 0x65, 0x55, 0x73,
  0x62, 0x4d, 0x73, 0x64, 0x50, 0x6b, 0x67, 0x2f, 0x53, 0x6f, 0x75, 0x72, 0x63, 0x65, 0x2f, 0x55,
  0x73, 0x62, 0x4d, 0x73, 0x64, 0x53, 0x63, 0x73, 0x69, 0x2e, 0x63, 0x00, 0x73, 0x65, 0x6e, 0x64,
  0x69, 0x6e, 0x67, 0x5f, 0x63, 0x73, 0x77, 0x00, 0x25, 0x61, 0x3a, 0x20, 0x68, 0x61, 0x6e, 0x64,
  0x6c, 0x65, 0x20, 0x72, 0x65, 0x61, 0x64, 0x0a, 0x00, 0x25, 0x61, 0x3a, 0x20, 0x68, 0x61, 0x6e,
  0x64, 0x6c, 0x65, 0x20, 0x72, 0x65, 0x71, 0x20, 0x73, 0x65, 0x6e, 0x73, 0x65, 0x0a, 0x00, 0x68,
  0x61, 0x6e, 0x64, 0x6c, 0x65, 0x5f, 0x72, 0x65, 0x61, 0x64, 0x5f, 0x63, 0x61, 0x70, 0x61, 0x63,
  0x69, 0x74, 0x79, 0x00, 0x25, 0x61, 0x3a, 0x20, 0x55, 0x6e, 0x61, 0x62, 0x6c, 0x65, 0x20, 0x74,
  0x6f, 0x20, 0x61, 0x6c, 0x6c, 0x6f, 0x63, 0x61, 0x74, 0x65, 0x20, 0x6e, 0x65, 0x77, 0x20, 0x62,
  0x75, 0x66, 0x66, 0x65, 0x72, 0x0a, 0x00, 0x68, 0x61, 0x6e, 0x64, 0x6c, 0x65, 0x5f, 0x72, 0x65,
  0x71, 0x75, 0x65, 0x73, 0x74, 0x5f, 0x73, 0x65, 0x6e, 0x73, 0x65, 0x00, 0x25, 0x61, 0x3a, 0x20,
  0x55, 0x73, 0x62, 0x4d, 0x73, 0x64, 0x4d, 0x6f, 0x75, 0x6e, 0x74, 0x48, 0x61, 0x6e, 0x64, 0x6c,
  0x65, 0x20, 0x66, 0x61, 0x69, 0x6c, 0x65, 0x64, 0x20, 0x25, 0x72, 0x0a, 0x00, 0x25, 0x61, 0x3a,
  0x20, 0x46, 0x61, 0x69, 0x6c, 0x65, 0x64, 0x20, 0x74, 0x6f, 0x20, 0x61, 0x6c, 0x6c, 0x6f, 0x63,
  0x61, 0x74, 0x65, 0x20, 0x63, 0x6f, 0x6e, 0x74, 0x72, 0x6f, 0x6c, 0x20, 0x74, 0x72, 0x61, 0x6e,
  0x73, 0x66, 0x65, 0x72, 0x20, 0x62, 0x75, 0x66, 0x66, 0x65, 0x72, 0x3a, 0x20, 0x25, 0x72, 0x0a,
  0x00, 0x25, 0x61, 0x3a, 0x20, 0x42, 0x55, 0x4c, 0x4b, 0x20, 0x4f, 0x55, 0x54, 0x20, 0x74, 0x72,
  0x61, 0x6e, 0x73, 0x66, 0x65, 0x72, 0x20, 0x62, 0x75, 0x66, 0x66, 0x65, 0x72, 0x20, 0x3d, 0x20,
  0x25, 0x70, 0x0a, 0x00, 0x44, 0x45, 0x56, 0x5f, 0x53, 0x54, 0x41, 0x54, 0x45, 0x5f, 0x44, 0x45,
  0x46, 0x41, 0x55, 0x4c, 0x54, 0x5f, 0x41, 0x44, 0x44, 0x52, 0x45, 0x53, 0x53, 0x45, 0x44, 0x00,
  0x25, 0x61, 0x3a, 0x20, 0x45, 0x66, 0x69, 0x55, 0x73, 0x62, 0x4d, 0x73, 0x67, 0x45, 0x6e, 0x64,
  0x70, 0x6f, 0x69, 0x6e, 0x74, 0x53, 0x74, 0x61, 0x74, 0x75, 0x73, 0x43, 0x68, 0x61, 0x6e, 0x67,
  0x65, 0x64, 0x52, 0x78, 0x20, 0x72, 0x65, 0x63, 0x65, 0x69, 0x76, 0x65, 0x64, 0x20, 0x6f, 0x6e,
  0x20, 0x65, 0x70, 0x3a, 0x20, 0x30, 0x78, 0x25, 0x30, 0x32, 0x78, 0x0a, 0x00, 0x25, 0x61, 0x3a,
  0x25, 0x64, 0x20, 0x41, 0x53, 0x53, 0x45, 0x52, 0x54, 0x3a, 0x20, 0x28, 0x4d, 0x65, 0x73, 0x73,
  0x61, 0x67, 0x65, 0x20, 0x3d, 0x3d, 0x20, 0x45, 0x66, 0x69, 0x55, 0x73, 0x62, 0x4d, 0x73, 0x67,
  0x42, 0x75, 0x73, 0x45, 0x76, 0x65, 0x6e, 0x74, 0x53, 0x70, 0x65, 0x65, 0x64, 0x29, 0x0a, 0x00,
  0x25, 0x61, 0x3a, 0x20, 0x47, 0x65, 0x74, 0x45, 0x6e, 0x64, 0x70, 0x6f, 0x69, 0x6e, 0x74, 0x4d,
  0x61, 0x78, 0x50, 0x61, 0x63, 0x6b, 0x65, 0x74, 0x53, 0x69, 0x7a, 0x65, 0x20, 0x66, 0x61, 0x69,
  0x6c, 0x65, 0x64, 0x3a, 0x20, 0x25, 0x72, 0x0a, 0x00, 0x43, 0x6c, 0x65, 0x61, 0x72, 0x00, 0x25,
  0x61, 0x3a, 0x20, 0x55, 0x6e, 0x73, 0x75, 0x70, 0x70, 0x6f, 0x72, 0x74, 0x65, 0x64, 0x20, 0x64,
  0x65, 0x73, 0x63, 0x72, 0x69, 0x70, 0x74, 0x6f, 0x72, 0x20, 0x74, 0x79, 0x70, 0x65, 0x20, 0x30,
  0x78, 0x25, 0x30, 0x32, 0x78, 0x0a, 0x00, 0x25, 0x61, 0x3a, 0x20, 0x4e, 0x6f, 0x20, 0x64, 0x61,
  0x74, 0x61, 0x20, 0x73, 0x74, 0x61, 0x67, 0x65, 0x0a, 0x00, 0x25, 0x61, 0x3a, 0x20, 0x53, 0x65,
  0x6e, 0x64, 0x69, 0x6e, 0x67, 0x20, 0x64, 0x61, 0x74, 0x61, 0x20, 0x74, 0x6f, 0x20, 0x68, 0x6f,
  0x73, 0x74, 0x2c, 0x20, 0x6c, 0x65, 0x6e, 0x67, 0x74, 0x68, 0x20, 0x3d, 0x20, 0x25, 0x64, 0x0a,
  0x00, 0x25, 0x61, 0x3a, 0x20, 0x55, 0x6e, 0x68, 0x61, 0x6e, 0x64, 0x6c, 0x65, 0x64, 0x20, 0x74,
  0x72, 0x61, 0x6e, 0x73, 0x66, 0x65, 0x72, 0x20, 0x73, 0x74, 0x61, 0x74, 0x75, 0x73, 0x20, 0x6f,
  0x6e, 0x20, 0x43, 0x54, 0x52, 0x4c, 0x20, 0x4f, 0x55, 0x54, 0x3a, 0x20, 0x25, 0x64, 0x0a, 0x00,
  0x25, 0x61, 0x3a, 0x20, 0x66, 0x61, 0x69, 0x6c, 0x65, 0x64, 0x20, 0x74, 0x6f, 0x20, 0x71, 0x75,
  0x65, 0x75, 0x65, 0x20, 0x43, 0x42, 0x57, 0x0a, 0x00, 0x25, 0x61, 0x3a, 0x20, 0x68, 0x61, 0x6e,
  0x64, 0x6c, 0x65, 0x20, 0x74, 0x65, 0x73, 0x74, 0x20, 0x75, 0x6e, 0x69, 0x74, 0x20, 0x72, 0x65,
  0x61, 0x64, 0x79, 0x0a, 0x00, 0x25, 0x61, 0x3a, 0x20, 0x68, 0x61, 0x6e, 0x64, 0x6c, 0x65, 0x20,
  0x72, 0x65, 0x6d, 0x6f, 0x76, 0x65, 0x20, 0x25, 0x64, 0x0a, 0x00, 0x68, 0x61, 0x6e, 0x64, 0x6c,
  0x65, 0x5f, 0x72, 0x65, 0x61, 0x64, 0x00, 0x68, 0x61, 0x6e, 0x64, 0x6c, 0x65, 0x5f, 0x6d, 0x6f,
  0x64, 0x65, 0x5f, 0x73, 0x65, 0x6c, 0x65, 0x63, 0x74, 0x00, 0x67, 0x42, 0x53, 0x20, 0x21, 0x3d,
  0x20, 0x28, 0x28, 0x76, 0x6f, 0x69, 0x64, 0x20, 0x2a, 0x29, 0x20, 0x30, 0x29, 0x00, 0x25, 0x61,
  0x3a, 0x20, 0x54, 0x68, 0x65, 0x20, 0x42, 0x6c, 0x6b, 0x49, 0x6f, 0x48, 0x61, 0x6e, 0x6c, 0x64,
  0x65, 0x20, 0x30, 0x78, 0x25, 0x78, 0x20, 0x69, 0x73, 0x20, 0x63, 0x75, 0x72, 0x72, 0x65, 0x6e,
  0x74, 0x6c, 0x79, 0x20, 0x61, 0x73, 0x73, 0x6f, 0x63, 0x69, 0x61, 0x74, 0x65, 0x64, 0x20, 0x77,
  0x69, 0x74, 0x68, 0x20, 0x4c, 0x55, 0x4e, 0x20, 0x25, 0x64, 0x0a, 0x00, 0x25, 0x61, 0x3a, 0x20,
  0x46, 0x61, 0x69, 0x6c, 0x65, 0x64, 0x20, 0x74, 0x6f, 0x20, 0x61, 0x6c, 0x6c, 0x6f, 0x63, 0x61,
  0x74, 0x65, 0x20, 0x43, 0x53, 0x57, 0x20, 0x74, 0x72, 0x61, 0x6e, 0x73, 0x66, 0x65, 0x72, 0x20,
  0x62, 0x75, 0x66, 0x66, 0x65, 0x72, 0x3a, 0x20, 0x25, 0x72, 0x0a, 0x00, 0x44, 0x65, 0x76, 0x5f,
  0x45, 0x76, 0x65, 0x6e, 0x74, 0x45, 0x72, 0x72, 0x6f, 0x72, 0x00, 0x25, 0x61, 0x3a, 0x20, 0x52,
  0x65, 0x63, 0x65, 0x69, 0x76, 0x69, 0x6e, 0x67, 0x20, 0x64, 0x61, 0x74, 0x61, 0x20, 0x66, 0x72,
  0x6f, 0x6d, 0x20, 0x68, 0x6f, 0x73, 0x74, 0x2c, 0x20, 0x6c, 0x65, 0x6e, 0x67, 0x74, 0x68, 0x20,
  0x3d, 0x20, 0x25, 0x64, 0x0a, 0x00, 0x25, 0x61, 0x3a, 0x20, 0x53, 0x74, 0x61, 0x74, 0x75, 0x73,
  0x20, 0x4f, 0x55, 0x54, 0x20, 0x73, 0x74, 0x61, 0x67, 0x65, 0x20, 0x63, 0x6f, 0x6d, 0x70, 0x6c,
  0x65, 0x74, 0x65, 0x0a, 0x00, 0x25, 0x61, 0x3a, 0x20, 0x44, 0x61, 0x74, 0x61, 0x20, 0x4f, 0x55,
  0x54, 0x20, 0x73, 0x74, 0x61, 0x67, 0x65, 0x20, 0x63, 0x6f, 0x6d, 0x70, 0x6c, 0x65, 0x74, 0x65,
  0x2c, 0x20, 0x73, 0x75, 0x62, 0x6d, 0x69, 0x74, 0x74, 0x69, 0x6e, 0x67, 0x20, 0x73, 0x74, 0x61,
  0x74, 0x75, 0x73, 0x20, 0x49, 0x4e, 0x20, 0x73, 0x74, 0x61, 0x67, 0x65, 0x0a, 0x00, 0x56, 0x61,
  0x6c, 0x69, 0x64, 0x61, 0x74, 0x65, 0x45, 0x70, 0x42, 0x75, 0x66, 0x66, 0x65, 0x72, 0x00, 0x25,
  0x61, 0x3a, 0x20, 0x49, 0x6e, 0x76, 0x61, 0x6c, 0x69, 0x64, 0x20, 0x70, 0x61, 0x72, 0x61, 0x6d,
  0x65, 0x74, 0x65, 0x72, 0x0a, 0x00, 0x25, 0x61, 0x3a, 0x20, 0x53, 0x65, 0x74, 0x45, 0x6e, 0x64,
  0x70, 0x6f, 0x69, 0x6e, 0x74, 0x53, 0x74, 0x61, 0x6c, 0x6c, 0x53, 0x74, 0x61, 0x74, 0x65, 0x20,
  0x66, 0x61, 0x69, 0x6c, 0x65, 0x64, 0x20, 0x25, 0x72, 0x0a, 0x00, 0x44, 0x45, 0x56, 0x5f, 0x53,
  0x54, 0x41, 0x54, 0x45, 0x5f, 0x44, 0x45, 0x54, 0x41, 0x43, 0x48, 0x45, 0x44, 0x00, 0x25, 0x61,
  0x3a, 0x20, 0x44, 0x65, 0x76, 0x69, 0x63, 0x65, 0x20, 0x52, 0x65, 0x73, 0x65, 0x74, 0x0a, 0x00,
  0x25, 0x61, 0x3a, 0x20, 0x4d, 0x53, 0x44, 0x20, 0x42, 0x75, 0x73, 0x20, 0x53, 0x70, 0x65, 0x65,
  0x64, 0x3a, 0x20, 0x25, 0x61, 0x2c, 0x20, 0x73, 0x74, 0x61, 0x74, 0x65, 0x20, 0x25, 0x64, 0x0a,
  0x00, 0x44, 0x65, 0x76, 0x5f, 0x43, 0x6f, 0x6e, 0x66, 0x69, 0x67, 0x75, 0x72, 0x65, 0x64, 0x5f,
  0x53, 0x65, 0x74, 0x75, 0x70, 0x50, 0x6b, 0x74, 0x00, 0x25, 0x61, 0x3a, 0x20, 0x50, 0x72, 0x65,
  0x70, 0x61, 0x72, 0x65, 0x20, 0x66, 0x6f, 0x72, 0x20, 0x43, 0x42, 0x57, 0x0a, 0x00, 0x25, 0x61,
  0x3a, 0x20, 0x45, 0x66, 0x69, 0x55, 0x73, 0x62, 0x4d, 0x73, 0x67, 0x45, 0x6e, 0x64, 0x70, 0x6f,
  0x69, 0x6e, 0x74, 0x53, 0x74, 0x61, 0x74, 0x75, 0x73, 0x43, 0x68, 0x61, 0x6e, 0x67, 0x65, 0x64,
  0x52, 0x78, 0x3a, 0x20, 0x45, 0x50, 0x3a, 0x20, 0x30, 0x78, 0x25, 0x30, 0x32, 0x78, 0x3a, 0x20,
  0x42, 0x79, 0x74, 0x65, 0x73, 0x54, 0x72, 0x61, 0x6e, 0x73, 0x66, 0x65, 0x72, 0x72, 0x65, 0x64,
  0x3a, 0x20, 0x25, 0x64, 0x0a, 0x00, 0x25, 0x61, 0x3a, 0x20, 0x53, 0x74, 0x61, 0x74, 0x75, 0x73,
  0x20, 0x49, 0x4e, 0x20, 0x73, 0x74, 0x61, 0x67, 0x65, 0x20, 0x63, 0x6f, 0x6d, 0x70, 0x6c, 0x65,
  0x74, 0x65, 0x0a, 0x00, 0x25, 0x61, 0x3a, 0x20, 0x52, 0x65, 0x63, 0x76, 0x20, 0x55, 0x53, 0x42,
  0x5f, 0x53, 0x45, 0x54, 0x55, 0x50, 0x5f, 0x52, 0x45, 0x51, 0x5f, 0x4d, 0x53, 0x5f, 0x47, 0x45,
  0x54, 0x5f, 0x4d, 0x41, 0x58, 0x5f, 0x4c, 0x55, 0x4e, 0x0a, 0x00, 0x21, 0x45, 0x46, 0x49, 0x5f,
  0x45, 0x52, 0x52, 0x4f, 0x52, 0x20, 0x28, 0x53, 0x74, 0x61, 0x74, 0x75, 0x73, 0x29, 0x00, 0x2f,
  0x68, 0x6f, 0x6d, 0x65, 0x2f, 0x76, 0x69, 0x76, 0x79, 0x2f, 0x50, 0x72, 0x6f, 0x6a, 0x65, 0x63,
  0x74, 0x73, 0x2f, 0x65, 0x66, 0x69, 0x73, 0x70, 0x2d, 0x70, 0x72, 0x6f, 0x6a, 0x65, 0x63, 0x74,
  0x73, 0x2f, 0x67, 0x62, 0x6c, 0x5f, 0x72, 0x6f, 0x6f, 0x74, 0x5f, 0x63, 0x61, 0x6e, 0x6f, 0x65,
  0x2f, 0x2e, 0x77, 0x6f, 0x72, 0x6b, 0x2f, 0x6c, 0x69, 0x76, 0x65, 0x2d, 0x6d, 0x73, 0x64, 0x2d,
  0x61, 0x75, 0x64, 0x69, 0x74, 0x2f, 0x70, 0x6b, 0x67, 0x2f, 0x43, 0x61, 0x6e, 0x6f, 0x65, 0x55,
  0x73, 0x62, 0x4d, 0x73, 0x64, 0x50, 0x6b, 0x67, 0x2f, 0x53, 0x6f, 0x75, 0x72, 0x63, 0x65, 0x2f,
  0x55, 0x73, 0x62, 0x4d, 0x73, 0x64, 0x2e, 0x63, 0x00, 0x55, 0x73, 0x62, 0x4d, 0x73, 0x64, 0x53,
  0x74, 0x6f, 0x70, 0x44, 0x65, 0x76, 0x69, 0x63, 0x65, 0x00, 0x55, 0x46, 0x53, 0x2d, 0x4c, 0x55,
  0x4e, 0x20, 0x36, 0x00, 0x43, 0x72, 0x65, 0x61, 0x74, 0x65, 0x55, 0x73, 0x62, 0x4d, 0x73, 0x64,
  0x49, 0x6e, 0x73, 0x74, 0x61, 0x6e, 0x63, 0x65, 0x00, 0x25, 0x61, 0x3a, 0x20, 0x49, 0x6e, 0x76,
  0x61, 0x6c, 0x69, 0x64, 0x20, 0x6e, 0x65, 0x78, 0x74, 0x20, 0x73, 0x74, 0x61, 0x74, 0x65, 0x20,
  0x72, 0x65, 0x74, 0x75, 0x72, 0x6e, 0x65, 0x64, 0x2c, 0x20, 0x6e, 0x6f, 0x74, 0x20, 0x63, 0x68,
  0x61, 0x6e, 0x67, 0x69, 0x6e, 0x67, 0x20, 0x73, 0x74, 0x61, 0x74, 0x65, 0x21, 0x0a, 0x00, 0x25,
  0x61, 0x3a, 0x20, 0x25, 0x61, 0x20, 0x6e, 0x6f, 0x74, 0x20, 0x61, 0x6c, 0x6c, 0x6f, 0x77, 0x65,
  0x64, 0x20, 0x69, 0x6e, 0x20, 0x73, 0x74, 0x61, 0x74, 0x65, 0x20, 0x25, 0x61, 0x0a, 0x00, 0x25,
  0x61, 0x3a, 0x20, 0x53, 0x65, 0x74, 0x45, 0x6e, 0x64, 0x70, 0x6f, 0x69, 0x6e, 0x74, 0x53, 0x74,
  0x61, 0x6c, 0x6c, 0x53, 0x74, 0x61, 0x74, 0x65, 0x20, 0x66, 0x61, 0x69, 0x6c, 0x65, 0x64, 0x3a,
  0x20, 0x25, 0x72, 0x0a, 0x00, 0x44, 0x65, 0x76, 0x5f, 0x43, 0x6f, 0x6d, 0x6d, 0x6f, 0x6e, 0x5f,
  0x53, 0x70, 0x65, 0x65, 0x64, 0x00, 0x44, 0x65, 0x76, 0x5f, 0x53, 0x75, 0x73, 0x70, 0x65, 0x6e,
  0x64, 0x65, 0x64, 0x5f, 0x52, 0x65, 0x73, 0x75, 0x6d, 0x65, 0x00, 0x25, 0x61, 0x3a, 0x20, 0x49,
  0x73, 0x73, 0x75, 0x65, 0x58, 0x66, 0x65, 0x72, 0x20, 0x46, 0x61, 0x69, 0x6c, 0x65, 0x64, 0x20,
  0x25, 0x72, 0x0a, 0x00, 0x25, 0x61, 0x3a, 0x20, 0x4a, 0x75, 0x73, 0x74, 0x20, 0x72, 0x65, 0x63,
  0x69, 0x65, 0x76, 0x65, 0x64, 0x20, 0x25, 0x64, 0x20, 0x62, 0x79, 0x74, 0x65, 0x73, 0x0a, 0x00,
  0x25, 0x61, 0x3a, 0x20, 0x44, 0x61, 0x74, 0x61, 0x20, 0x63, 0x61, 0x6e, 0x6e, 0x6f, 0x74, 0x20,
  0x62, 0x65, 0x20, 0x77, 0x72, 0x69, 0x74, 0x74, 0x65, 0x6e, 0x2e, 0x20, 0x42, 0x6c, 0x6f, 0x63,
  0x6b, 0x49, 0x6f, 0x20, 0x48, 0x61, 0x6e, 0x64, 0x6c, 0x65, 0x20, 0x69, 0x73, 0x20, 0x4e, 0x55,
  0x4c, 0x4c, 0x0a, 0x00, 0x71, 0x68, 0x73, 0x75, 0x73, 0x62, 0x5f, 0x66, 0x64, 0x5f, 0x6d, 0x73,
  0x5f, 0x68, 0x6f, 0x74, 0x70, 0x6c, 0x75, 0x67, 0x5f, 0x64, 0x65, 0x76, 0x5f, 0x77, 0x72, 0x69,
  0x74, 0x65, 0x00, 0x25, 0x61, 0x3a, 0x20, 0x69, 0x6e, 0x76, 0x61, 0x6c, 0x69, 0x64, 0x20, 0x70,
  0x61, 0x72, 0x61, 0x6d, 0x65, 0x74, 0x65, 0x72, 0x0a, 0x00, 0x25, 0x61, 0x3a, 0x20, 0x55, 0x73,
  0x62, 0x20, 0x4d, 0x53, 0x44, 0x20, 0x64, 0x65, 0x76, 0x69, 0x63, 0x65, 0x20, 0x69, 0x73, 0x20,
  0x61, 0x6c, 0x72, 0x65, 0x61, 0x64, 0x79, 0x20, 0x73, 0x74, 0x6f, 0x70, 0x70, 0x65, 0x64, 0x0a,
  0x00, 0x25, 0x61, 0x3a, 0x20, 0x50, 0x72, 0x6f, 0x63, 0x65, 0x73, 0x73, 0x69, 0x6e, 0x67, 0x20,
  0x65, 0x76, 0x65, 0x6e, 0x74, 0x20, 0x25, 0x61, 0x20, 0x69, 0x6e, 0x20, 0x73, 0x74, 0x61, 0x74,
  0x65, 0x20, 0x25, 0x61, 0x0a, 0x00, 0x25, 0x61, 0x3a, 0x20, 0x54, 0x72, 0x61, 0x6e, 0x73, 0x69,
  0x74, 0x69, 0x6f, 0x6e, 0x65, 0x64, 0x20, 0x66, 0x72, 0x6f, 0x6d, 0x20, 0x25, 0x61, 0x20, 0x74,
  0x6f, 0x20, 0x25, 0x61, 0x0a, 0x00, 0x25, 0x61, 0x3a, 0x20, 0x53, 0x65, 0x72, 0x69, 0x61, 0x6c,
  0x20, 0x4e, 0x75, 0x6d, 0x62, 0x65, 0x72, 0x3a, 0x20, 0x25, 0x73, 0x2c, 0x20, 0x4c, 0x65, 0x6e,
  0x20, 0x25, 0x64, 0x0a, 0x00, 0x44, 0x65, 0x76, 0x5f, 0x53, 0x75, 0x73, 0x70, 0x65, 0x6e, 0x64,
  0x65, 0x64, 0x5f, 0x45, 0x70, 0x53, 0x74, 0x61, 0x74, 0x75, 0x73, 0x43, 0x68, 0x61, 0x6e, 0x67,
  0x65, 0x64, 0x52, 0x78, 0x00, 0x44, 0x65, 0x76, 0x5f, 0x43, 0x42, 0x57, 0x5f, 0x45, 0x70, 0x53,
  0x74, 0x61, 0x74, 0x75, 0x73, 0x43, 0x68, 0x61, 0x6e, 0x67, 0x65, 0x64, 0x52, 0x78, 0x00, 0x44,
  0x65, 0x76, 0x5f, 0x43, 0x53, 0x57, 0x5f, 0x45, 0x70, 0x53, 0x74, 0x61, 0x74, 0x75, 0x73, 0x43,
  0x68, 0x61, 0x6e, 0x67, 0x65, 0x64, 0x54, 0x78, 0x00, 0x25, 0x61, 0x3a, 0x20, 0x53, 0x65, 0x6e,
  0x64, 0x20, 0x52, 0x65, 0x6d, 0x61, 0x69, 0x6e, 0x69, 0x6e, 0x67, 0x20, 0x44, 0x61, 0x74, 0x61,
  0x3a, 0x20, 0x25, 0x64, 0x20, 0x62, 0x79, 0x74, 0x65, 0x73, 0x0a, 0x00, 0x55, 0x6e, 0x6b, 0x6e,
  0x6f, 0x77, 0x6e, 0x00, 0x25, 0x61, 0x3a, 0x20, 0x77, 0x72, 0x6f, 0x6e, 0x67, 0x20, 0x70, 0x61,
  0x72, 0x61, 0x6d, 0x2c, 0x20, 0x62, 0x43, 0x42, 0x57, 0x43, 0x42, 0x4c, 0x65, 0x6e, 0x67, 0x74,
  0x68, 0x20, 0x25, 0x64, 0x2c, 0x20, 0x63, 0x62, 0x77, 0x5f, 0x6c, 0x65, 0x6e, 0x20, 0x25, 0x64,
  0x2c, 0x20, 0x64, 0x43, 0x42, 0x57, 0x53, 0x69, 0x67, 0x6e, 0x61, 0x74, 0x75, 0x72, 0x65, 0x20,
  0x25, 0x64, 0x2c, 0x20, 0x62, 0x63, 0x62, 0x77, 0x6c, 0x75, 0x6e, 0x20, 0x25, 0x64, 0x0a, 0x00,
  0x55, 0x73, 0x62, 0x4d, 0x73, 0x64, 0x41, 0x73, 0x73, 0x69, 0x67, 0x6e, 0x42, 0x6c, 0x6b, 0x49,
  0x6f, 0x48, 0x61, 0x6e, 0x64, 0x6c, 0x65, 0x00, 0x2f, 0x68, 0x6f, 0x6d, 0x65, 0x2f, 0x76, 0x69,
  0x76, 0x79, 0x2f, 0x50, 0x72, 0x6f, 0x6a, 0x65, 0x63, 0x74, 0x73, 0x2f, 0x65, 0x66, 0x69, 0x73,
  0x70, 0x2d, 0x70, 0x72, 0x6f, 0x6a, 0x65, 0x63, 0x74, 0x73, 0x2f, 0x67, 0x62, 0x6c, 0x5f, 0x72,
  0x6f, 0x6f, 0x74, 0x5f, 0x63, 0x61, 0x6e, 0x6f, 0x65, 0x2f, 0x2e, 0x77, 0x6f, 0x72, 0x6b, 0x2f,
  0x6c, 0x69, 0x76, 0x65, 0x2d, 0x6d, 0x73, 0x64, 0x2d, 0x61, 0x75, 0x64, 0x69, 0x74, 0x2f, 0x70,
  0x6b, 0x67, 0x2f, 0x43, 0x61, 0x6e, 0x6f, 0x65, 0x55, 0x73, 0x62, 0x4d, 0x73, 0x64, 0x50, 0x6b,
  0x67, 0x2f, 0x53, 0x6f, 0x75, 0x72, 0x63, 0x65, 0x2f, 0x55, 0x73, 0x62, 0x4d, 0x73, 0x64, 0x53,
  0x6d, 0x49, 0x6d, 0x70, 0x6c, 0x2e, 0x63, 0x00, 0x44, 0x65, 0x76, 0x5f, 0x44, 0x65, 0x74, 0x61,
  0x63, 0x68, 0x65, 0x64, 0x5f, 0x41, 0x74, 0x74, 0x61, 0x63, 0x68, 0x00, 0x53, 0x65, 0x74, 0x00,
  0x25, 0x61, 0x3a, 0x20, 0x53, 0x65, 0x6e, 0x64, 0x69, 0x6e, 0x67, 0x20, 0x44, 0x61, 0x74, 0x61,
  0x20, 0x46, 0x72, 0x6f, 0x6d, 0x20, 0x44, 0x65, 0x76, 0x69, 0x63, 0x65, 0x20, 0x54, 0x6f, 0x20,
  0x48, 0x6f, 0x73, 0x74, 0x2e, 0x20, 0x44, 0x61, 0x74, 0x61, 0x20, 0x73, 0x69, 0x7a, 0x65, 0x20,
  0x3d, 0x20, 0x25, 0x64, 0x0a, 0x00, 0x25, 0x61, 0x3a, 0x20, 0x55, 0x73, 0x62, 0x66, 0x6e, 0x49,
  0x6f, 0x20, 0x50, 0x72, 0x6f, 0x74, 0x6f, 0x63, 0x6f, 0x6c, 0x20, 0x56, 0x69, 0x6f, 0x6c, 0x61,
  0x74, 0x69, 0x6f, 0x6e, 0x3a, 0x20, 0x69, 0x6e, 0x76, 0x61, 0x6c, 0x69, 0x64, 0x20, 0x43, 0x53,
  0x57, 0x20, 0x62, 0x75, 0x66, 0x66, 0x65, 0x72, 0x20, 0x72, 0x65, 0x74, 0x75, 0x72, 0x6e, 0x65,
  0x64, 0x20, 0x69, 0x6e, 0x20, 0x74, 0x72, 0x61, 0x6e, 0x73, 0x66, 0x65, 0x72, 0x20, 0x72, 0x65,
  0x73, 0x75, 0x6c, 0x74, 0x0a, 0x20, 0x20, 0x20, 0x20, 0x65, 0x78, 0x70, 0x65, 0x63, 0x74, 0x65,
  0x64, 0x3a, 0x20, 0x25, 0x70, 0x0a, 0x20, 0x20, 0x20, 0x20, 0x61, 0x63, 0x74, 0x75, 0x61, 0x6c,
  0x3a, 0x20, 0x20, 0x20, 0x25, 0x70, 0x0a, 0x00, 0x25, 0x61, 0x3a, 0x20, 0x4c, 0x55, 0x4e, 0x20,
  0x25, 0x64, 0x20, 0x69, 0x6e, 0x20, 0x6e, 0x65, 0x65, 0x64, 0x5f, 0x61, 0x74, 0x74, 0x65, 0x6e,
  0x74, 0x69, 0x6f, 0x6e, 0x20, 0x73, 0x74, 0x61, 0x74, 0x65, 0x2c, 0x20, 0x63, 0x61, 0x6e, 0x6e,
  0x6f, 0x74, 0x20, 0x68, 0x61, 0x6e, 0x64, 0x6c, 0x65, 0x20, 0x73, 0x63, 0x73, 0x69, 0x5f, 0x63,
  0x6d, 0x64, 0x20, 0x30, 0x78, 0x25, 0x78, 0x0a, 0x00, 0x25, 0x61, 0x3a, 0x20, 0x68, 0x61, 0x6e,
  0x64, 0x6c, 0x65, 0x20, 0x69, 0x6e, 0x71, 0x75, 0x69, 0x72, 0x79, 0x0a, 0x00, 0x25, 0x61, 0x3a,
  0x20, 0x68, 0x61, 0x6e, 0x64, 0x6c, 0x65, 0x20, 0x6d, 0x6f, 0x64, 0x65, 0x20, 0x73, 0x65, 0x6e,
  0x73, 0x65, 0x0a, 0x00, 0x25, 0x61, 0x3a, 0x20, 0x49, 0x73, 0x73, 0x75, 0x65, 0x58, 0x66, 0x65,
  0x72, 0x20, 0x66, 0x61, 0x69, 0x6c, 0x65, 0x64, 0x20, 0x25, 0x72, 0x0a, 0x00, 0x00, 0x00, 0x00,
  0x40, 0x42, 0x0f, 0x00, 0x00, 0x00, 0x00, 0x00, 0x00, 0x00, 0x00, 0x00, 0x00, 0x00, 0x00, 0x00,
  0x00, 0x00, 0x00, 0x00, 0x00, 0x00, 0x00, 0x00, 0x12, 0x00, 0x00, 0x00, 0x00, 0x00, 0x00, 0x00,
  0x1f, 0x00, 0x00, 0x00, 0x00, 0x00, 0x00, 0x00, 0x00, 0x00, 0x00, 0x00, 0x00, 0x00, 0x00, 0x00,
  0x00, 0x00, 0x00, 0x00, 0x00, 0x00, 0x00, 0x00, 0x0d, 0x00, 0x00, 0x00, 0x00, 0x00, 0x00, 0x00,
  0x00, 0x00, 0x00, 0x00, 0x00, 0x00, 0x00, 0x00, 0x04, 0x00, 0x00, 0x00, 0x00, 0x00, 0x00, 0x00,
  0x00, 0x00, 0x00, 0x00, 0x00, 0x00, 0x00, 0x00, 0x08, 0x00, 0x00, 0x00, 0x00, 0x00, 0x00, 0x00,
  0x00, 0x00, 0x00, 0x00, 0x00, 0x00, 0x00, 0x00, 0x24, 0x00, 0x00, 0x00, 0x00, 0x00, 0x00, 0x00,
  0x00, 0x00, 0x00, 0x00, 0x00, 0x00, 0x00, 0x00, 0x0c, 0x00, 0x00, 0x00, 0x00, 0x00, 0x00, 0x00,
  0x45, 0x66, 0x69, 0x55, 0x73, 0x62, 0x4d, 0x73, 0x67, 0x4e, 0x6f, 0x6e, 0x65, 0x00, 0x45, 0x66,
  0x69, 0x55, 0x73, 0x62, 0x4d, 0x73, 0x67, 0x53, 0x65, 0x74, 0x75, 0x70, 0x50, 0x61, 0x63, 0x6b,
  0x65, 0x74, 0x00, 0x45, 0x66, 0x69, 0x55, 0x73, 0x62, 0x4d, 0x73, 0x67, 0x45, 0x6e, 0x64, 0x70,
  0x6f, 0x69, 0x6e, 0x74, 0x53, 0x74, 0x61, 0x74, 0x75, 0x73, 0x43, 0x68, 0x61, 0x6e, 0x67, 0x65,
  0x64, 0x52, 0x78, 0x00, 0x45, 0x66, 0x69, 0x55, 0x73, 0x62, 0x4d, 0x73, 0x67, 0x45, 0x6e, 0x64,
  0x70, 0x6f, 0x69, 0x6e, 0x74, 0x53, 0x74, 0x61, 0x74, 0x75, 0x73, 0x43, 0x68, 0x61, 0x6e, 0x67,
  0x65, 0x64, 0x54, 0x78, 0x00, 0x45, 0x66, 0x69, 0x55, 0x73, 0x62, 0x4d, 0x73, 0x67, 0x42, 0x75,
  0x73, 0x45, 0x76, 0x65, 0x6e, 0x74, 0x44, 0x65, 0x74, 0x61, 0x63, 0x68, 0x00, 0x45, 0x66, 0x69,
  0x55, 0x73, 0x62, 0x4d, 0x73, 0x67, 0x42, 0x75, 0x73, 0x45, 0x76, 0x65, 0x6e, 0x74, 0x41, 0x74,
  0x74, 0x61, 0x63, 0x68, 0x00, 0x45, 0x66, 0x69, 0x55, 0x73, 0x62, 0x4d, 0x73, 0x67, 0x42, 0x75,
  0x73, 0x45, 0x76, 0x65, 0x6e, 0x74, 0x52, 0x65, 0x73, 0x65, 0x74, 0x00, 0x45, 0x66, 0x69, 0x55,
  0x73, 0x62, 0x4d, 0x73, 0x67, 0x42, 0x75, 0x73, 0x45, 0x76, 0x65, 0x6e, 0x74, 0x53, 0x75, 0x73,
  0x70, 0x65, 0x6e, 0x64, 0x00, 0x45, 0x66, 0x69, 0x55, 0x73, 0x62, 0x4d, 0x73, 0x67, 0x42, 0x75,
  0x73, 0x45, 0x76, 0x65, 0x6e, 0x74, 0x52, 0x65, 0x73, 0x75, 0x6d, 0x65, 0x00, 0x45, 0x66, 0x69,
  0x55, 0x73, 0x62, 0x4d, 0x73, 0x67, 0x42, 0x75, 0x73, 0x45, 0x76, 0x65, 0x6e, 0x74, 0x53, 0x70,
  0x65, 0x65, 0x64, 0x00, 0x0c, 0xff, 0xff, 0xff, 0x1a, 0xff, 0xff, 0xff, 0x2f, 0xff, 0xff, 0xff,
  0x50, 0xff, 0xff, 0xff, 0x71, 0xff, 0xff, 0xff, 0x89, 0xff, 0xff, 0xff, 0xa1, 0xff, 0xff, 0xff,
  0xb8, 0xff, 0xff, 0xff, 0xd1, 0xff, 0xff, 0xff, 0xe9, 0xff, 0xff, 0xff, 0x12, 0x01, 0x00, 0x02,
  0x00, 0x00, 0x00, 0x40, 0x09, 0x12, 0x0e, 0xca, 0x00, 0x00, 0x01, 0x02, 0x03, 0x01, 0x12, 0x01,
  0x00, 0x03, 0x00, 0x00, 0x00, 0x09, 0x09, 0x12, 0x0e, 0xca, 0x00, 0x00, 0x01, 0x02, 0x03, 0x01,
  0x0a, 0x06, 0x00, 0x02, 0x00, 0x00, 0x00, 0x40, 0x01, 0x00, 0x05, 0x0f, 0x2a, 0x00, 0x03, 0x07,
  0x10, 0x02, 0x02, 0x00, 0x00, 0x00, 0x0a, 0x10, 0x03, 0x00, 0x0e, 0x00, 0x01, 0x07, 0x65, 0x00,
  0x14, 0x10, 0x0a, 0x00, 0x01, 0x00, 0x00, 0x00, 0x00, 0x11, 0x00, 0x00, 0x30, 0x40, 0x0a, 0x00,
  0xb0, 0x40, 0x0a, 0x00, 0x04, 0x03, 0x09, 0x04, 0x12, 0x03, 0x51, 0x00, 0x55, 0x00, 0x41, 0x00,
  0x4c, 0x00, 0x43, 0x00, 0x4f, 0x00, 0x4d, 0x00, 0x4d, 0x00, 0x22, 0x03, 0x55, 0x00, 0x53, 0x00,
  0x42, 0x00, 0x20, 0x00, 0x4d, 0x00, 0x41, 0x00, 0x53, 0x00, 0x53, 0x00, 0x20, 0x00, 0x53, 0x00,
  0x54, 0x00, 0x4f, 0x00, 0x52, 0x00, 0x41, 0x00, 0x47, 0x00, 0x45, 0x00, 0x22, 0x03, 0x30, 0x00,
  0x35, 0x00, 0x43, 0x00, 0x36, 0x00, 0x46, 0x00, 0x30, 0x00, 0x30, 0x00, 0x30, 0x00, 0x44, 0x00,
  0x33, 0x00, 0x35, 0x00, 0x33, 0x00, 0x39, 0x00, 0x35, 0x00, 0x34, 0x00, 0x37, 0x00, 0x36, 0x00,
  0x33, 0x00, 0x41, 0x00, 0x46, 0x00, 0x5a, 0x00, 0x27, 0x00, 0x27, 0x6a, 0xa2, 0x27, 0x33, 0x49,
  0x00, 0x88, 0x76, 0x6a, 0x6a, 0x85, 0x00, 0x51, 0x3a, 0x3f, 0x00, 0x3e, 0x2a, 0x2d, 0x1d, 0x4c,
  0x6f, 0x77, 0x00, 0x46, 0x75, 0x6c, 0x6c, 0x00, 0x48, 0x69, 0x67, 0x68, 0x00, 0x53, 0x75, 0x70,
  0x65, 0x72, 0x00, 0x53, 0x75, 0x70, 0x65, 0x72, 0x2d, 0x50, 0x6c, 0x75, 0x73, 0x00, 0x00, 0x00,
  0xdf, 0xff, 0xff, 0xff, 0xe3, 0xff, 0xff, 0xff, 0xe8, 0xff, 0xff, 0xff, 0xed, 0xff, 0xff, 0xff,
  0xf3, 0xff, 0xff, 0xff, 0x00, 0x00, 0x96, 0x01, 0x82, 0x00, 0x82, 0x00, 0xec, 0x00, 0x82, 0x00,
  0x82, 0x00, 0x82, 0x00, 0x82, 0x00, 0x4e, 0x01, 0x82, 0x00, 0xac, 0x01, 0x82, 0x00, 0x82, 0x00,
  0x21, 0x01, 0x82, 0x00, 0xf1, 0x01, 0x63, 0x61, 0x6e, 0x6f, 0x65, 0x20, 0x20, 0x20, 0x65, 0x66,
  0x69, 0x73, 0x70, 0x20, 0x62, 0x6f, 0x6f, 0x74, 0x20, 0x72, 0x6f, 0x6f, 0x74, 0x20, 0x31, 0x2e,
  0x30, 0x30, 0x00, 0x00, 0x00, 0x00, 0x00, 0x00, 0xe0, 0xa6, 0x00, 0x00, 0x00, 0x00, 0x00, 0x00,
  0xe8, 0xa6, 0x00, 0x00, 0x00, 0x00, 0x00, 0x00, 0xc4, 0x99, 0x00, 0x00, 0x00, 0x00, 0x00, 0x00,
  0xc8, 0x99, 0x00, 0x00, 0x00, 0x00, 0x00, 0x00, 0x88, 0x9e, 0x00, 0x00, 0x00, 0x00, 0x00, 0x00,
  0x5c, 0x9b, 0x00, 0x00, 0x00, 0x00, 0x00, 0x00, 0x6e, 0x9b, 0x00, 0x00, 0x00, 0x00, 0x00, 0x00,
  0x80, 0x9b, 0x00, 0x00, 0x00, 0x00, 0x00, 0x00, 0xc0, 0xa5, 0x00, 0x00, 0x00, 0x00, 0x00, 0x00,
  0xe0, 0xa5, 0x00, 0x00, 0x00, 0x00, 0x00, 0x00, 0x50, 0xa6, 0x00, 0x00, 0x00, 0x00, 0x00, 0x00,
  0x68, 0xa6, 0x00, 0x00, 0x00, 0x00, 0x00, 0x00, 0xb4, 0x9b, 0x00, 0x00, 0x00, 0x00, 0x00, 0x00,
  0xb8, 0x9b, 0x00, 0x00, 0x00, 0x00, 0x00, 0x00, 0xca, 0x9b, 0x00, 0x00, 0x00, 0x00, 0x00, 0x00,
  0xec, 0x9b, 0x00, 0x00, 0x00, 0x00, 0x00, 0x00, 0x38, 0x9e, 0x00, 0x00, 0x00, 0x00, 0x00, 0x00,
  0x48, 0x9e, 0x00, 0x00, 0x00, 0x00, 0x00, 0x00, 0x58, 0x9e, 0x00, 0x00, 0x00, 0x00, 0x00, 0x00,
  0x68, 0x9e, 0x00, 0x00, 0x00, 0x00, 0x00, 0x00, 0x78, 0x9e, 0x00, 0x00, 0x00, 0x00, 0x00, 0x00,
  0xc0, 0x99, 0x00, 0x00, 0x00, 0x00, 0x00, 0x00, 0x20, 0x5b, 0xc5, 0x12, 0xd3, 0x25, 0xc9, 0x41,
  0x8e, 0x06, 0x28, 0x2d, 0x94, 0xc6, 0x76, 0xad, 0xdb, 0xa6, 0x76, 0x6b, 0x57, 0x02, 0xa9, 0x48,
  0xaa, 0x99, 0xf6, 0xb1, 0x65, 0x5f, 0x7b, 0x00, 0xa5, 0x1e, 0x25, 0xb9, 0x62, 0x34, 0x07, 0x48,
  0x86, 0xc6, 0x89, 0x48, 0xb1, 0xb3, 0x61, 0x63, 0xf5, 0xf1, 0x15, 0xb6, 0x88, 0x50, 0xcd, 0x43,
  0x80, 0x9c, 0xa1, 0x6e, 0x52, 0x48, 0x7d, 0x00, 0x41, 0x1d, 0x53, 0xd1, 0x80, 0x3f, 0x91, 0x40,
  0x8d, 0x0a, 0x54, 0x1f, 0x59, 0x23, 0x6d, 0x66, 0xc1, 0x45, 0x08, 0x86, 0x09, 0xbe, 0x55, 0x43,
  0x8b, 0xc1, 0x30, 0xd6, 0x4f, 0xf8, 0xe6, 0x3a, 0x77, 0xd4, 0x90, 0x8d, 0xa3, 0x39, 0x38, 0x4a,
  0xab, 0x9e, 0x58, 0x6f, 0xf6, 0x9e, 0xd0, 0x51, 0x68, 0x58, 0xf8, 0xed, 0xec, 0x87, 0x77, 0x4f,
  0x9c, 0xda, 0x5f, 0x10, 0xdf, 0x2f, 0xe6, 0x01, 0x24, 0x90, 0xe6, 0x1a, 0xeb, 0x8a, 0xf8, 0x4d,
  0xbc, 0x98, 0x00, 0x32, 0xdb, 0xdf, 0x50, 0x24, 0x85, 0x19, 0x3f, 0xd3, 0x07, 0xf1, 0x85, 0x4a,
  0xbe, 0x38, 0x68, 0xdc, 0x7a, 0xd3, 0x2c, 0xea, 0x5f, 0xd0, 0xa1, 0x4b, 0x8e, 0x08, 0x3f, 0x48,
  0xa9, 0x7e, 0xb1, 0x9b, 0x9c, 0xcf, 0x59, 0xb0, 0xf6, 0x98, 0xcf, 0x4a, 0xfa, 0x26, 0xd2, 0x44,
  0x81, 0x32, 0x28, 0x2f, 0x2d, 0x19, 0xa4, 0xc5, 0x5f, 0x15, 0x98, 0x85, 0xde, 0x34, 0x5c, 0x41,
  0x8b, 0x55, 0x84, 0x3e, 0x33, 0x22, 0xd3, 0x6f, 0x66, 0x86, 0x07, 0xbb, 0xad, 0xc0, 0x1e, 0x41,
  0x98, 0x18, 0x3a, 0xc5, 0xe7, 0x68, 0x0b, 0x47, 0x55, 0xf0, 0xab, 0x27, 0xb8, 0xb1, 0x26, 0x4c,
  0x80, 0x48, 0x74, 0x8f, 0x37, 0xba, 0xa2, 0xdf, 0x3a, 0x96, 0xd2, 0x32, 0x5d, 0xfe, 0x30, 0x4f,
  0xb6, 0x33, 0x6e, 0x5d, 0xc5, 0x58, 0x03, 0xcc, 0xaf, 0x1f, 0x59, 0xc8, 0xcc, 0xdb, 0x9e, 0x47,
  0x9e, 0xf2, 0xfd, 0x08, 0x5b, 0xc3, 0x7b, 0xc7, 0xbe, 0x55, 0x25, 0xfe, 0x16, 0xd7, 0x86, 0x46,
  0xb9, 0xd0, 0x79, 0xdb, 0x59, 0x21, 0xb7, 0x0d, 0x3e, 0xa9, 0xa9, 0x95, 0x6e, 0xa8, 0x26, 0x49,
  0xaa, 0xef, 0x99, 0x18, 0xe7, 0x72, 0xd9, 0x87, 0xa1, 0x31, 0x1b, 0x5b, 0x62, 0x95, 0xd2, 0x11,
  0x8e, 0x3f, 0x00, 0xa0, 0xc9, 0x69, 0x72, 0x3b, 0x00, 0x00, 0x00, 0x00, 0x00, 0x00, 0x00, 0x00,
  0x00, 0x00, 0x00, 0x00, 0x00, 0x00, 0x00, 0x00, 0x00, 0x00, 0x00, 0x00, 0x00, 0x00, 0x00, 0x00,
  0x00, 0x00, 0x00, 0x00, 0x00, 0x00, 0x00, 0x00, 0x00, 0x00, 0x00, 0x00, 0x00, 0x00, 0x00, 0x00,
  0x00, 0x00, 0x00, 0x00, 0x00, 0x00, 0x00, 0x00, 0x00, 0x00, 0x00, 0x00, 0x00, 0x00, 0x00, 0x00,
  0x00, 0x00, 0x00, 0x00, 0x00, 0x00, 0x00, 0x00, 0x00, 0x00, 0x00, 0x00, 0x00, 0x00, 0x00, 0x00,
  0x00, 0x00, 0x00, 0x00, 0x00, 0x00, 0x00, 0x00, 0x00, 0x00, 0x00, 0x00, 0x00, 0x00, 0x00, 0x00,
  0x00, 0x00, 0x00, 0x00, 0x00, 0x00, 0x00, 0x00, 0x00, 0x00, 0x00, 0x00, 0x00, 0x00, 0x00, 0x00,
  0x00, 0x00, 0x00, 0x00, 0x00, 0x00, 0x00, 0x00, 0x00, 0x00, 0x00, 0x00, 0x00, 0x00, 0x00, 0x00,
  0x00, 0x00, 0x00, 0x00, 0x00, 0x00, 0x00, 0x00, 0x00, 0x00, 0x00, 0x00, 0x00, 0x00, 0x00, 0x00,
  0x00, 0x00, 0x00, 0x00, 0x00, 0x00, 0x00, 0x00, 0x00, 0x00, 0x00, 0x00, 0x00, 0x00, 0x00, 0x00,
  0x00, 0x00, 0x00, 0x00, 0x00, 0x00, 0x00, 0x00, 0x00, 0x00, 0x00, 0x00, 0x00, 0x00, 0x00, 0x00,
  0x00, 0x00, 0x00, 0x00, 0x00, 0x00, 0x00, 0x00, 0x00, 0x00, 0x00, 0x00, 0x00, 0x00, 0x00, 0x00,
  0x00, 0x00, 0x00, 0x00, 0x00, 0x00, 0x00, 0x00, 0x00, 0x00, 0x00, 0x00, 0x00, 0x00, 0x00, 0x00,
  0x00, 0x00, 0x00, 0x00, 0x00, 0x00, 0x00, 0x00, 0x00, 0x00, 0x00, 0x00, 0x00, 0x00, 0x00, 0x00,
  0x00, 0x00, 0x00, 0x00, 0x00, 0x00, 0x00, 0x00, 0x00, 0x00, 0x00, 0x00, 0x00, 0x00, 0x00, 0x00,
  0x00, 0x00, 0x00, 0x00, 0x00, 0x00, 0x00, 0x00, 0x00, 0x00, 0x00, 0x00, 0x00, 0x00, 0x00, 0x00,
  0x00, 0x00, 0x00, 0x00, 0x00, 0x00, 0x00, 0x00, 0x00, 0x00, 0x00, 0x00, 0x00, 0x00, 0x00, 0x00,
  0x00, 0x00, 0x00, 0x00, 0x00, 0x00, 0x00, 0x00, 0x00, 0x00, 0x00, 0x00, 0x00, 0x00, 0x00, 0x00,
  0x00, 0x00, 0x00, 0x00, 0x00, 0x00, 0x00, 0x00, 0x00, 0x00, 0x00, 0x00, 0x00, 0x00, 0x00, 0x00,
  0x00, 0x00, 0x00, 0x00, 0x00, 0x00, 0x00, 0x00, 0x00, 0x00, 0x00, 0x00, 0x00, 0x00, 0x00, 0x00,
  0x00, 0x00, 0x00, 0x00, 0x00, 0x00, 0x00, 0x00, 0x00, 0x00, 0x00, 0x00, 0x00, 0x00, 0x00, 0x00,
  0x00, 0x00, 0x00, 0x00, 0x00, 0x00, 0x00, 0x00, 0x00, 0x00, 0x00, 0x00, 0x00, 0x00, 0x00, 0x00,
  0x00, 0x00, 0x00, 0x00, 0x00, 0x00, 0x00, 0x00, 0x00, 0x00, 0x00, 0x00, 0x00, 0x00, 0x00, 0x00,
  0x47, 0x9a, 0x00, 0x00, 0x00, 0x00, 0x00, 0x00, 0x88, 0xad, 0x00, 0x00, 0x00, 0x00, 0x00, 0x00,
  0xad, 0x8f, 0x00, 0x00, 0x00, 0x00, 0x00, 0x00, 0x58, 0xad, 0x00, 0x00, 0x00, 0x00, 0x00, 0x00,
  0xca, 0x85, 0x00, 0x00, 0x00, 0x00, 0x00, 0x00, 0x68, 0xad, 0x00, 0x00, 0x00, 0x00, 0x00, 0x00,
  0x96, 0x8b, 0x00, 0x00, 0x00, 0x00, 0x00, 0x00, 0x78, 0xad, 0x00, 0x00, 0x00, 0x00, 0x00, 0x00,
  0x91, 0x81, 0x00, 0x00, 0x00, 0x00, 0x00, 0x00, 0x98, 0xad, 0x00, 0x00, 0x00, 0x00, 0x00, 0x00,
  0xc2, 0x8e, 0x00, 0x00, 0x00, 0x00, 0x00, 0x00, 0xa8, 0xad, 0x00, 0x00, 0x00, 0x00, 0x00, 0x00,
  0xa8, 0x96, 0x00, 0x00, 0x00, 0x00, 0x00, 0x00, 0xb8, 0xad, 0x00, 0x00, 0x00, 0x00, 0x00, 0x00,
  0x98, 0x9c, 0x00, 0x00, 0x00, 0x00, 0x00, 0x00, 0xc8, 0xad, 0x00, 0x00, 0x00, 0x00, 0x00, 0x00,
  0xbf, 0x9d, 0x00, 0x00, 0x00, 0x00, 0x00, 0x00, 0xd8, 0xad, 0x00, 0x00, 0x00, 0x00, 0x00, 0x00,
  0xcc, 0x8e, 0x00, 0x00, 0x00, 0x00, 0x00, 0x00, 0xe8, 0xad, 0x00, 0x00, 0x00, 0x00, 0x00, 0x00,
  0xb6, 0x90, 0x00, 0x00, 0x00, 0x00, 0x00, 0x00, 0xf8, 0xad, 0x00, 0x00, 0x00, 0x00, 0x00, 0x00,
  0x3a, 0xa5, 0x00, 0x00, 0x00, 0x00, 0x00, 0x00, 0x08, 0xae, 0x00, 0x00, 0x00, 0x00, 0x00, 0x00,
  0xd6, 0x8e, 0x00, 0x00, 0x00, 0x00, 0x00, 0x00, 0x18, 0xae, 0x00, 0x00, 0x00, 0x00, 0x00, 0x00,
  0x11, 0x9b, 0x00, 0x00, 0x00, 0x00, 0x00, 0x00, 0x28, 0xae, 0x00, 0x00, 0x00, 0x00, 0x00, 0x00,
  0xab, 0xa3, 0x00, 0x00, 0x00, 0x00, 0x00, 0x00, 0x00, 0x00, 0x00, 0x00, 0x00, 0x00, 0x00, 0x00,
  0x38, 0x4a, 0x00, 0x00, 0x00, 0x00, 0x00, 0x00, 0x48, 0x39, 0x00, 0x00, 0x00, 0x00, 0x00, 0x00,
  0x48, 0x39, 0x00, 0x00, 0x00, 0x00, 0x00, 0x00, 0x48, 0x39, 0x00, 0x00, 0x00, 0x00, 0x00, 0x00,
  0x48, 0x39, 0x00, 0x00, 0x00, 0x00, 0x00, 0x00, 0xa8, 0x4a, 0x00, 0x00, 0x00, 0x00, 0x00, 0x00,
  0x48, 0x39, 0x00, 0x00, 0x00, 0x00, 0x00, 0x00, 0x48, 0x39, 0x00, 0x00, 0x00, 0x00, 0x00, 0x00,
  0x48, 0x39, 0x00, 0x00, 0x00, 0x00, 0x00, 0x00, 0x48, 0x39, 0x00, 0x00, 0x00, 0x00, 0x00, 0x00,
  0xb2, 0x96, 0x00, 0x00, 0x00, 0x00, 0x00, 0x00, 0x01, 0x00, 0x00, 0x00, 0x00, 0x00, 0x00, 0x00,
  0xe4, 0x4a, 0x00, 0x00, 0x00, 0x00, 0x00, 0x00, 0x48, 0x39, 0x00, 0x00, 0x00, 0x00, 0x00, 0x00,
  0x48, 0x4b, 0x00, 0x00, 0x00, 0x00, 0x00, 0x00, 0x48, 0x39, 0x00, 0x00, 0x00, 0x00, 0x00, 0x00,
  0x58, 0x3a, 0x00, 0x00, 0x00, 0x00, 0x00, 0x00, 0x48, 0x39, 0x00, 0x00, 0x00, 0x00, 0x00, 0x00,
  0xb0, 0x39, 0x00, 0x00, 0x00, 0x00, 0x00, 0x00, 0x50, 0x3a, 0x00, 0x00, 0x00, 0x00, 0x00, 0x00,
  0x48, 0x39, 0x00, 0x00, 0x00, 0x00, 0x00, 0x00, 0xa8, 0x48, 0x00, 0x00, 0x00, 0x00, 0x00, 0x00,
  0x94, 0xa0, 0x00, 0x00, 0x00, 0x00, 0x00, 0x00, 0x02, 0x00, 0x00, 0x00, 0x00, 0x00, 0x00, 0x00,
  0x00, 0x00, 0x00, 0x00, 0x00, 0x00, 0x00, 0x00, 0x94, 0x3a, 0x00, 0x00, 0x00, 0x00, 0x00, 0x00,
  0x04, 0x42, 0x00, 0x00, 0x00, 0x00, 0x00, 0x00, 0x68, 0x45, 0x00, 0x00, 0x00, 0x00, 0x00, 0x00,
  0x58, 0x3a, 0x00, 0x00, 0x00, 0x00, 0x00, 0x00, 0x48, 0x39, 0x00, 0x00, 0x00, 0x00, 0x00, 0x00,
  0xb0, 0x39, 0x00, 0x00, 0x00, 0x00, 0x00, 0x00, 0x50, 0x3a, 0x00, 0x00, 0x00, 0x00, 0x00, 0x00,
  0x48, 0x39, 0x00, 0x00, 0x00, 0x00, 0x00, 0x00, 0xa8, 0x48, 0x00, 0x00, 0x00, 0x00, 0x00, 0x00,
  0x99, 0x8d, 0x00, 0x00, 0x00, 0x00, 0x00, 0x00, 0x03, 0x00, 0x00, 0x00, 0x00, 0x00, 0x00, 0x00,
  0x00, 0x00, 0x00, 0x00, 0x00, 0x00, 0x00, 0x00, 0xb4, 0x4c, 0x00, 0x00, 0x00, 0x00, 0x00, 0x00,
  0x04, 0x42, 0x00, 0x00, 0x00, 0x00, 0x00, 0x00, 0x68, 0x45, 0x00, 0x00, 0x00, 0x00, 0x00, 0x00,
  0x58, 0x3a, 0x00, 0x00, 0x00, 0x00, 0x00, 0x00, 0x48, 0x39, 0x00, 0x00, 0x00, 0x00, 0x00, 0x00,
  0xb0, 0x39, 0x00, 0x00, 0x00, 0x00, 0x00, 0x00, 0x50, 0x3a, 0x00, 0x00, 0x00, 0x00, 0x00, 0x00,
  0x48, 0x39, 0x00, 0x00, 0x00, 0x00, 0x00, 0x00, 0x48, 0x39, 0x00, 0x00, 0x00, 0x00, 0x00, 0x00,
  0xfb, 0x81, 0x00, 0x00, 0x00, 0x00, 0x00, 0x00, 0x04, 0x00, 0x00, 0x00, 0x00, 0x00, 0x00, 0x00,
  0xdc, 0x50, 0x00, 0x00, 0x00, 0x00, 0x00, 0x00, 0xb4, 0x4c, 0x00, 0x00, 0x00, 0x00, 0x00, 0x00,
  0x90, 0x51, 0x00, 0x00, 0x00, 0x00, 0x00, 0x00, 0xd4, 0x51, 0x00, 0x00, 0x00, 0x00, 0x00, 0x00,
  0x58, 0x3a, 0x00, 0x00, 0x00, 0x00, 0x00, 0x00, 0x48, 0x39, 0x00, 0x00, 0x00, 0x00, 0x00, 0x00,
  0xb0, 0x39, 0x00, 0x00, 0x00, 0x00, 0x00, 0x00, 0x48, 0x39, 0x00, 0x00, 0x00, 0x00, 0x00, 0x00,
  0x44, 0x51, 0x00, 0x00, 0x00, 0x00, 0x00, 0x00, 0x00, 0x00, 0x00, 0x00, 0x00, 0x00, 0x00, 0x00,
  0xff, 0x8f, 0x00, 0x00, 0x00, 0x00, 0x00, 0x00, 0x05, 0x00, 0x00, 0x00, 0x00, 0x00, 0x00, 0x00,
  0x18, 0x52, 0x00, 0x00, 0x00, 0x00, 0x00, 0x00, 0xb4, 0x4c, 0x00, 0x00, 0x00, 0x00, 0x00, 0x00,
  0xbc, 0x52, 0x00, 0x00, 0x00, 0x00, 0x00, 0x00, 0x68, 0x45, 0x00, 0x00, 0x00, 0x00, 0x00, 0x00,
  0x48, 0x39, 0x00, 0x00, 0x00, 0x00, 0x00, 0x00, 0x48, 0x39, 0x00, 0x00, 0x00, 0x00, 0x00, 0x00,
  0x48, 0x39, 0x00, 0x00, 0x00, 0x00, 0x00, 0x00, 0x50, 0x3a, 0x00, 0x00, 0x00, 0x00, 0x00, 0x00,
  0x48, 0x39, 0x00, 0x00, 0x00, 0x00, 0x00, 0x00, 0x00, 0x00, 0x00, 0x00, 0x00, 0x00, 0x00, 0x00,
  0xc9, 0x9d, 0x00, 0x00, 0x00, 0x00, 0x00, 0x00, 0x06, 0x00, 0x00, 0x00, 0x00, 0x00, 0x00, 0x00,
  0x00, 0x00, 0x00, 0x00, 0x00, 0x00, 0x00, 0x00, 0xb4, 0x4c, 0x00, 0x00, 0x00, 0x00, 0x00, 0x00,
  0x10, 0x5b, 0x00, 0x00, 0x00, 0x00, 0x00, 0x00, 0x6c, 0x58, 0x00, 0x00, 0x00, 0x00, 0x00, 0x00,
  0x48, 0x39, 0x00, 0x00, 0x00, 0x00, 0x00, 0x00, 0x48, 0x39, 0x00, 0x00, 0x00, 0x00, 0x00, 0x00,
  0x48, 0x39, 0x00, 0x00, 0x00, 0x00, 0x00, 0x00, 0x50, 0x3a, 0x00, 0x00, 0x00, 0x00, 0x00, 0x00,
  0x48, 0x39, 0x00, 0x00, 0x00, 0x00, 0x00, 0x00, 0x00, 0x00, 0x00, 0x00, 0x00, 0x00, 0x00, 0x00,
  0xf4, 0x90, 0x00, 0x00, 0x00, 0x00, 0x00, 0x00, 0x07, 0x00, 0x00, 0x00, 0x00, 0x00, 0x00, 0x00,
  0x00, 0x00, 0x00, 0x00, 0x00, 0x00, 0x00, 0x00, 0xb4, 0x4c, 0x00, 0x00, 0x00, 0x00, 0x00, 0x00,
  0x10, 0x5b, 0x00, 0x00, 0x00, 0x00, 0x00, 0x00, 0x6c, 0x58, 0x00, 0x00, 0x00, 0x00, 0x00, 0x00,
  0x48, 0x39, 0x00, 0x00, 0x00, 0x00, 0x00, 0x00, 0x48, 0x39, 0x00, 0x00, 0x00, 0x00, 0x00, 0x00,
  0x48, 0x39, 0x00, 0x00, 0x00, 0x00, 0x00, 0x00, 0x50, 0x3a, 0x00, 0x00, 0x00, 0x00, 0x00, 0x00,
  0x48, 0x39, 0x00, 0x00, 0x00, 0x00, 0x00, 0x00, 0x00, 0x00, 0x00, 0x00, 0x00, 0x00, 0x00, 0x00,
  0xdb, 0x8b, 0x00, 0x00, 0x00, 0x00, 0x00, 0x00, 0x08, 0x00, 0x00, 0x00, 0x00, 0x00, 0x00, 0x00,
  0x00, 0x00, 0x00, 0x00, 0x00, 0x00, 0x00, 0x00, 0xb4, 0x4c, 0x00, 0x00, 0x00, 0x00, 0x00, 0x00,
  0x10, 0x5b, 0x00, 0x00, 0x00, 0x00, 0x00, 0x00, 0xe0, 0x56, 0x00, 0x00, 0x00, 0x00, 0x00, 0x00,
  0x48, 0x39, 0x00, 0x00, 0x00, 0x00, 0x00, 0x00, 0x48, 0x39, 0x00, 0x00, 0x00, 0x00, 0x00, 0x00,
  0x48, 0x39, 0x00, 0x00, 0x00, 0x00, 0x00, 0x00, 0x50, 0x3a, 0x00, 0x00, 0x00, 0x00, 0x00, 0x00,
  0x48, 0x39, 0x00, 0x00, 0x00, 0x00, 0x00, 0x00, 0x00, 0x00, 0x00, 0x00, 0x00, 0x00, 0x00, 0x00,
  0x0a, 0x00, 0x00, 0x00, 0x0a, 0x00, 0x00, 0x00, 0x00, 0x00, 0x00, 0x00, 0x00, 0x00, 0x00, 0x00,
  0x00, 0x00, 0x00, 0x00, 0x00, 0x00, 0x00, 0x00, 0x00, 0x00, 0x00, 0x00, 0x00, 0x00, 0x00, 0x00,
  0x00, 0x00, 0x00, 0x00, 0x00, 0x00, 0x00, 0x00, 0x00, 0x00, 0x00, 0x00, 0x00, 0x00, 0x00, 0x00,
  0x00, 0x00, 0x00, 0x00, 0x00, 0x00, 0x00, 0x00, 0x00, 0x00, 0x00, 0x00, 0x00, 0x00, 0x00, 0x00,
  0x00, 0x00, 0x00, 0x00, 0x00, 0x00, 0x00, 0x00, 0x00, 0x00, 0x00, 0x00, 0x00, 0x00, 0x00, 0x00,
  0x00, 0x00, 0x00, 0x00, 0x00, 0x00, 0x00, 0x00, 0x00, 0x00, 0x00, 0x00, 0x00, 0x00, 0x00, 0x00,
  0x00, 0x00, 0x00, 0x00, 0x00, 0x00, 0x00, 0x00, 0x00, 0x00, 0x00, 0x00, 0x00, 0x00, 0x00, 0x00,
  0x00, 0x00, 0x00, 0x00, 0x00, 0x00, 0x00, 0x00, 0x00, 0x00, 0x00, 0x00, 0x00, 0x00, 0x00, 0x00,
  0x00, 0x00, 0x00, 0x00, 0x00, 0x00, 0x00, 0x00, 0x00, 0x00, 0x00, 0x00, 0x00, 0x00, 0x00, 0x00,
  0x00, 0x00, 0x00, 0x00, 0x00, 0x00, 0x00, 0x00, 0x00, 0x00, 0x00, 0x00, 0x00, 0x00, 0x00, 0x00,
  0x00, 0x00, 0x00, 0x00, 0x00, 0x00, 0x00, 0x00, 0x00, 0x00, 0x00, 0x00, 0x00, 0x00, 0x00, 0x00,
  0x00, 0x00, 0x00, 0x00, 0x00, 0x00, 0x00, 0x00, 0x00, 0x00, 0x00, 0x00, 0x00, 0x00, 0x00, 0x00,
  0x00, 0x00, 0x00, 0x00, 0x00, 0x00, 0x00, 0x00, 0x00, 0x00, 0x00, 0x00, 0x00, 0x00, 0x00, 0x00,
  0x00, 0x00, 0x00, 0x00, 0x00, 0x00, 0x00, 0x00, 0x00, 0x00, 0x00, 0x00, 0x00, 0x00, 0x00, 0x00,
  0x00, 0x00, 0x00, 0x00, 0x00, 0x00, 0x00, 0x00, 0x00, 0x00, 0x00, 0x00, 0x00, 0x00, 0x00, 0x00,
  0x00, 0x00, 0x00, 0x00, 0x00, 0x00, 0x00, 0x00, 0x00, 0x00, 0x00, 0x00, 0x00, 0x00, 0x00, 0x00,
  0x00, 0x00, 0x00, 0x00, 0x00, 0x00, 0x00, 0x00, 0x00, 0x00, 0x00, 0x00, 0x00, 0x00, 0x00, 0x00,
  0x00, 0x00, 0x00, 0x00, 0x00, 0x00, 0x00, 0x00, 0x00, 0x00, 0x00, 0x00, 0x00, 0x00, 0x00, 0x00,
  0x00, 0x00, 0x00, 0x00, 0x00, 0x00, 0x00, 0x00, 0x00, 0x00, 0x00, 0x00, 0x00, 0x00, 0x00, 0x00,
  0x00, 0x00, 0x00, 0x00, 0x00, 0x00, 0x00, 0x00, 0x00, 0x00, 0x00, 0x00, 0x00, 0x00, 0x00, 0x00,
  0x00, 0x00, 0x00, 0x00, 0x00, 0x00, 0x00, 0x00, 0x00, 0x00, 0x00, 0x00, 0x00, 0x00, 0x00, 0x00,
  0x00, 0x00, 0x00, 0x00, 0x00, 0x00, 0x00, 0x00, 0x00, 0x00, 0x00, 0x00, 0x00, 0x00, 0x00, 0x00,
  0x00, 0x00, 0x00, 0x00, 0x00, 0x00, 0x00, 0x00, 0x00, 0x00, 0x00, 0x00, 0x00, 0x00, 0x00, 0x00,
  0x00, 0x00, 0x00, 0x00, 0x00, 0x00, 0x00, 0x00, 0x00, 0x00, 0x00, 0x00, 0x00, 0x00, 0x00, 0x00,
  0x09, 0x02, 0x20, 0x00, 0x01, 0x01, 0x00, 0x80, 0x0a, 0x09, 0x04, 0x00, 0x00, 0x02, 0x08, 0x06,
  0x50, 0x00, 0x07, 0x05, 0x81, 0x02, 0x00, 0x02, 0x00, 0x07, 0x05, 0x01, 0x02, 0x00, 0x02, 0x00,
  0x09, 0x02, 0x2c, 0x00, 0x01, 0x01, 0x00, 0x80, 0x0a, 0x09, 0x04, 0x00, 0x00, 0x02, 0x08, 0x06,
  0x50, 0x00, 0x07, 0x05, 0x81, 0x02, 0x00, 0x04, 0x00, 0x06, 0x30, 0x04, 0x00, 0x00, 0x00, 0x07,
  0x05, 0x01, 0x02, 0x00, 0x04, 0x00, 0x06, 0x30, 0x04, 0x00, 0x00, 0x00, 0x00, 0x00, 0x00, 0x00,
  0xd2, 0xb5, 0x00, 0x00, 0x00, 0x00, 0x00, 0x00, 0xd9, 0xb5, 0x00, 0x00, 0x00, 0x00, 0x00, 0x00,
  0xc9, 0xb5, 0x00, 0x00, 0x00, 0x00, 0x00, 0x00, 0x10, 0xb6, 0x00, 0x00, 0x00, 0x00, 0x00, 0x00,
  0x20, 0xb6, 0x00, 0x00, 0x00, 0x00, 0x00, 0x00, 0xc0, 0xb5, 0x00, 0x00, 0x00, 0x00, 0x00, 0x00,
  0x30, 0xb6, 0x00, 0x00, 0x00, 0x00, 0x00, 0x00, 0x38, 0xb6, 0x00, 0x00, 0x00, 0x00, 0x00, 0x00,
  0x5c, 0xab, 0x00, 0x00, 0x00, 0x00, 0x00, 0x00, 0x48, 0xb6, 0x00, 0x00, 0x00, 0x00, 0x00, 0x00,
  0x80, 0xb6, 0x00, 0x00, 0x00, 0x00, 0x00, 0x00, 0x6e, 0xab, 0x00, 0x00, 0x00, 0x00, 0x00, 0x00,
  0x60, 0xb6, 0x00, 0x00, 0x00, 0x00, 0x00, 0x00, 0x8a, 0xab, 0x00, 0x00, 0x00, 0x00, 0x00, 0x00,
  0xe0, 0xb5, 0x00, 0x00, 0x00, 0x00, 0x00, 0x00, 0x90, 0xb6, 0x00, 0x00, 0x00, 0x00, 0x00, 0x00,
  0x98, 0xb6, 0x00, 0x00, 0x00, 0x00, 0x00, 0x00, 0xe9, 0xb5, 0x00, 0x00, 0x00, 0x00, 0x00, 0x00,
  0xa8, 0xb6, 0x00, 0x00, 0x00, 0x00, 0x00, 0x00, 0xb8, 0xb6, 0x00, 0x00, 0x00, 0x00, 0x00, 0x00,
  0xc8, 0xb6, 0x00, 0x00, 0x00, 0x00, 0x00, 0x00, 0xf2, 0xb5, 0x00, 0x00, 0x00, 0x00, 0x00, 0x00,
  0xf9, 0xb5, 0x00, 0x00, 0x00, 0x00, 0x00, 0x00, 0xff, 0xb5, 0x00, 0x00, 0x00, 0x00, 0x00, 0x00,
  0x06, 0xb6, 0x00, 0x00, 0x00, 0x00, 0x00, 0x00, 0x00, 0x00, 0x00, 0x00, 0x00, 0x00, 0x00, 0x00,
  0x00, 0x00, 0x00, 0x00, 0x00, 0x00, 0x00, 0x00, 0x00, 0x00, 0x00, 0x00, 0x00, 0x00, 0x00, 0x00,
  0x00, 0x00, 0x00, 0x00, 0x00, 0x00, 0x00, 0x00, 0x00, 0x00, 0x00, 0x00, 0x00, 0x00, 0x00, 0x00,
  0x00, 0x00, 0x00, 0x00, 0x00, 0x00, 0x00, 0x00, 0x00, 0x00, 0x00, 0x00, 0x00, 0x00, 0x00, 0x00,
  0x00, 0x00, 0x00, 0x00, 0x00, 0x00, 0x00, 0x00, 0x00, 0x00, 0x00, 0x00, 0x00, 0x00, 0x00, 0x00,
  0x00, 0x00, 0x00, 0x00, 0x00, 0x00, 0x00, 0x00, 0x00, 0x00, 0x00, 0x00, 0x00, 0x00, 0x00, 0x00,
  0x00, 0x00, 0x00, 0x00, 0x00, 0x00, 0x00, 0x00, 0x00, 0x00, 0x00, 0x00, 0x00, 0x00, 0x00, 0x00,
  0x00, 0x00, 0x00, 0x00, 0x00, 0x00, 0x00, 0x00, 0x00, 0x00, 0x00, 0x00, 0x00, 0x00, 0x00, 0x00,
  0x00, 0x00, 0x00, 0x00, 0x00, 0x00, 0x00, 0x00, 0x00, 0x00, 0x00, 0x00, 0x00, 0x00, 0x00, 0x00,
  0x00, 0x00, 0x00, 0x00, 0x00, 0x00, 0x00, 0x00, 0x00, 0x00, 0x00, 0x00, 0x00, 0x00, 0x00, 0x00,
  0x00, 0x00, 0x00, 0x00, 0x00, 0x00, 0x00, 0x00, 0x00, 0x00, 0x00, 0x00, 0x00, 0x00, 0x00, 0x00,
  0x00, 0x00, 0x00, 0x00, 0x00, 0x00, 0x00, 0x00, 0x00, 0x00, 0x00, 0x00, 0x00, 0x00, 0x00, 0x00,
  0x00, 0x00, 0x00, 0x00, 0x00, 0x00, 0x00, 0x00, 0x00, 0x00, 0x00, 0x00, 0x00, 0x00, 0x00, 0x00,
  0x00, 0x00, 0x00, 0x00, 0x00, 0x00, 0x00, 0x00, 0x00, 0x00, 0x00, 0x00, 0x00, 0x00, 0x00, 0x00,
  0x00, 0x00, 0x00, 0x00, 0x00, 0x00, 0x00, 0x00, 0x00, 0x00, 0x00, 0x00, 0x00, 0x00, 0x00, 0x00,
  0x00, 0x00, 0x00, 0x00, 0x00, 0x00, 0x00, 0x00, 0x00, 0x00, 0x00, 0x00, 0x00, 0x00, 0x00, 0x00,
  0x00, 0x00, 0x00, 0x00, 0x00, 0x00, 0x00, 0x00, 0x00, 0x00, 0x00, 0x00, 0x00, 0x00, 0x00, 0x00,
  0x00, 0x00, 0x00, 0x00, 0x00, 0x00, 0x00, 0x00, 0x00, 0x00, 0x00, 0x00, 0x00, 0x00, 0x00, 0x00,
  0x00, 0x00, 0x00, 0x00, 0x00, 0x00, 0x00, 0x00, 0x00, 0x00, 0x00, 0x00, 0x00, 0x00, 0x00, 0x00,
  0x00, 0x00, 0x00, 0x00, 0x00, 0x00, 0x00, 0x00, 0x00, 0x00, 0x00, 0x00, 0x00, 0x00, 0x00, 0x00,
  0x00, 0x00, 0x00, 0x00, 0x00, 0x00, 0x00, 0x00, 0x00, 0x00, 0x00, 0x00, 0x00, 0x00, 0x00, 0x00,
  0x00, 0x00, 0x00, 0x00, 0x00, 0x00, 0x00, 0x00, 0x00, 0x00, 0x00, 0x00, 0x00, 0x00, 0x00, 0x00,
  0x00, 0x00, 0x00, 0x00, 0x00, 0x00, 0x00, 0x00, 0x00, 0x00, 0x00, 0x00, 0x00, 0x00, 0x00, 0x00,
  0x00, 0x00, 0x00, 0x00, 0x00, 0x00, 0x00, 0x00, 0x00, 0x00, 0x00, 0x00, 0x00, 0x00, 0x00, 0x00,
  0x00, 0x00, 0x00, 0x00, 0x00, 0x00, 0x00, 0x00, 0x00, 0x00, 0x00, 0x00, 0x00, 0x00, 0x00, 0x00,
  0x00, 0x00, 0x00, 0x00, 0x00, 0x00, 0x00, 0x00, 0x00, 0x00, 0x00, 0x00, 0x00, 0x00, 0x00, 0x00,
  0x00, 0x00, 0x00, 0x00, 0x00, 0x00, 0x00, 0x00, 0x00, 0x00, 0x00, 0x00, 0x00, 0x00, 0x00, 0x00,
  0x00, 0x00, 0x00, 0x00, 0x00, 0x00, 0x00, 0x00, 0x00, 0x00, 0x00, 0x00, 0x00, 0x00, 0x00, 0x00,
  0x00, 0x00, 0x00, 0x00, 0x00, 0x00, 0x00, 0x00, 0x00, 0x00, 0x00, 0x00, 0x00, 0x00, 0x00, 0x00,
  0x00, 0x00, 0x00, 0x00, 0x00, 0x00, 0x00, 0x00, 0x00, 0x00, 0x00, 0x00, 0x00, 0x00, 0x00, 0x00,
  0x00, 0x00, 0x00, 0x00, 0x00, 0x00, 0x00, 0x00, 0x00, 0x00, 0x00, 0x00, 0x00, 0x00, 0x00, 0x00,
  0x00, 0x00, 0x00, 0x00, 0x00, 0x00, 0x00, 0x00, 0x00, 0x00, 0x00, 0x00, 0x00, 0x00, 0x00, 0x00,
  0x00, 0x00, 0x00, 0x00, 0x00, 0x00, 0x00, 0x00, 0x00, 0x00, 0x00, 0x00, 0x00, 0x00, 0x00, 0x00,
  0x00, 0x00, 0x00, 0x00, 0x00, 0x00, 0x00, 0x00, 0x00, 0x00, 0x00, 0x00, 0x00, 0x00, 0x00, 0x00,
  0x00, 0x00, 0x00, 0x00, 0x00, 0x00, 0x00, 0x00, 0x00, 0x00, 0x00, 0x00, 0x00, 0x00, 0x00, 0x00,
  0x00, 0x00, 0x00, 0x00, 0x00, 0x00, 0x00, 0x00, 0x00, 0x00, 0x00, 0x00, 0x00, 0x00, 0x00, 0x00,
  0x00, 0x00, 0x00, 0x00, 0x00, 0x00, 0x00, 0x00, 0x00, 0x00, 0x00, 0x00, 0x00, 0x00, 0x00, 0x00,
  0x00, 0x00, 0x00, 0x00, 0x00, 0x00, 0x00, 0x00, 0x00, 0x00, 0x00, 0x00, 0x00, 0x00, 0x00, 0x00,
  0x00, 0x00, 0x00, 0x00, 0x00, 0x00, 0x00, 0x00, 0x00, 0x00, 0x00, 0x00, 0x00, 0x00, 0x00, 0x00,
  0x00, 0x00, 0x00, 0x00, 0x00, 0x00, 0x00, 0x00, 0x00, 0x00, 0x00, 0x00, 0x00, 0x00, 0x00, 0x00,
  0x00, 0x00, 0x00, 0x00, 0x00, 0x00, 0x00, 0x00, 0x00, 0x00, 0x00, 0x00, 0x00, 0x00, 0x00, 0x00,
  0x00, 0x00, 0x00, 0x00, 0x00, 0x00, 0x00, 0x00, 0x00, 0x00, 0x00, 0x00, 0x00, 0x00, 0x00, 0x00,
  0x00, 0x00, 0x00, 0x00, 0x00, 0x00, 0x00, 0x00, 0x00, 0x00, 0x00, 0x00, 0x00, 0x00, 0x00, 0x00,
  0x00, 0x00, 0x00, 0x00, 0x00, 0x00, 0x00, 0x00, 0x00, 0x00, 0x00, 0x00, 0x00, 0x00, 0x00, 0x00,
  0x00, 0x00, 0x00, 0x00, 0x00, 0x00, 0x00, 0x00, 0x00, 0x00, 0x00, 0x00, 0x00, 0x00, 0x00, 0x00,
  0x00, 0x00, 0x00, 0x00, 0x00, 0x00, 0x00, 0x00, 0x00, 0x00, 0x00, 0x00, 0x00, 0x00, 0x00, 0x00,
  0x00, 0x00, 0x00, 0x00, 0x00, 0x00, 0x00, 0x00, 0x00, 0x00, 0x00, 0x00, 0x00, 0x00, 0x00, 0x00,
  0x00, 0x00, 0x00, 0x00, 0x00, 0x00, 0x00, 0x00, 0x00, 0x00, 0x00, 0x00, 0x00, 0x00, 0x00, 0x00,
  0x00, 0x00, 0x00, 0x00, 0x00, 0x00, 0x00, 0x00, 0x00, 0x00, 0x00, 0x00, 0x00, 0x00, 0x00, 0x00,
  0x00, 0x00, 0x00, 0x00, 0x00, 0x00, 0x00, 0x00, 0x00, 0x00, 0x00, 0x00, 0x00, 0x00, 0x00, 0x00,
  0x00, 0x00, 0x00, 0x00, 0x00, 0x00, 0x00, 0x00, 0x00, 0x00, 0x00, 0x00, 0x00, 0x00, 0x00, 0x00,
  0x00, 0x00, 0x00, 0x00, 0x00, 0x00, 0x00, 0x00, 0x00, 0x00, 0x00, 0x00, 0x00, 0x00, 0x00, 0x00,
  0x00, 0x00, 0x00, 0x00, 0x00, 0x00, 0x00, 0x00, 0x00, 0x00, 0x00, 0x00, 0x00, 0x00, 0x00, 0x00,
  0x00, 0x00, 0x00, 0x00, 0x00, 0x00, 0x00, 0x00, 0x00, 0x00, 0x00, 0x00, 0x00, 0x00, 0x00, 0x00,
  0x00, 0x00, 0x00, 0x00, 0x00, 0x00, 0x00, 0x00, 0x00, 0x00, 0x00, 0x00, 0x00, 0x00, 0x00, 0x00,
  0x00, 0x00, 0x00, 0x00, 0x00, 0x00, 0x00, 0x00, 0x00, 0x00, 0x00, 0x00, 0x00, 0x00, 0x00, 0x00,
  0x00, 0x00, 0x00, 0x00, 0x00, 0x00, 0x00, 0x00, 0x00, 0x00, 0x00, 0x00, 0x00, 0x00, 0x00, 0x00,
  0x00, 0x00, 0x00, 0x00, 0x00, 0x00, 0x00, 0x00, 0x00, 0x00, 0x00, 0x00, 0x00, 0x00, 0x00, 0x00,
  0x00, 0x00, 0x00, 0x00, 0x00, 0x00, 0x00, 0x00, 0x00, 0x00, 0x00, 0x00, 0x00, 0x00, 0x00, 0x00,
  0x00, 0x00, 0x00, 0x00, 0x00, 0x00, 0x00, 0x00, 0x00, 0x00, 0x00, 0x00, 0x00, 0x00, 0x00, 0x00,
  0x00, 0x00, 0x00, 0x00, 0x00, 0x00, 0x00, 0x00, 0x00, 0x00, 0x00, 0x00, 0x00, 0x00, 0x00, 0x00,
  0x00, 0x00, 0x00, 0x00, 0x00, 0x00, 0x00, 0x00, 0x00, 0x00, 0x00, 0x00, 0x00, 0x00, 0x00, 0x00,
  0x00, 0x00, 0x00, 0x00, 0x00, 0x00, 0x00, 0x00, 0x00, 0x00, 0x00, 0x00, 0x00, 0x00, 0x00, 0x00,
  0x00, 0x00, 0x00, 0x00, 0x00, 0x00, 0x00, 0x00, 0x00, 0x00, 0x00, 0x00, 0x00, 0x00, 0x00, 0x00,
  0x00, 0x00, 0x00, 0x00, 0x00, 0x00, 0x00, 0x00, 0x00, 0x00, 0x00, 0x00, 0x00, 0x00, 0x00, 0x00,
  0x00, 0x00, 0x00, 0x00, 0x00, 0x00, 0x00, 0x00, 0x00, 0x00, 0x00, 0x00, 0x00, 0x00, 0x00, 0x00,
  0x00, 0x00, 0x00, 0x00, 0x00, 0x00, 0x00, 0x00, 0x00, 0x00, 0x00, 0x00, 0x00, 0x00, 0x00, 0x00,
  0x00, 0x00, 0x00, 0x00, 0x00, 0x00, 0x00, 0x00, 0x00, 0x00, 0x00, 0x00, 0x00, 0x00, 0x00, 0x00,
  0x00, 0x00, 0x00, 0x00, 0x00, 0x00, 0x00, 0x00, 0x00, 0x00, 0x00, 0x00, 0x00, 0x00, 0x00, 0x00,
  0x00, 0x00, 0x00, 0x00, 0x00, 0x00, 0x00, 0x00, 0x00, 0x00, 0x00, 0x00, 0x00, 0x00, 0x00, 0x00,
  0x00, 0x00, 0x00, 0x00, 0x00, 0x00, 0x00, 0x00, 0x00, 0x00, 0x00, 0x00, 0x00, 0x00, 0x00, 0x00,
  0x00, 0x00, 0x00, 0x00, 0x00, 0x00, 0x00, 0x00, 0x00, 0x00, 0x00, 0x00, 0x00, 0x00, 0x00, 0x00,
  0x00, 0x00, 0x00, 0x00, 0x00, 0x00, 0x00, 0x00, 0x00, 0x00, 0x00, 0x00, 0x00, 0x00, 0x00, 0x00,
  0x00, 0x00, 0x00, 0x00, 0x00, 0x00, 0x00, 0x00, 0x00, 0x00, 0x00, 0x00, 0x00, 0x00, 0x00, 0x00,
  0x00, 0x00, 0x00, 0x00, 0x00, 0x00, 0x00, 0x00, 0x00, 0x00, 0x00, 0x00, 0x00, 0x00, 0x00, 0x00,
  0x00, 0x00, 0x00, 0x00, 0x00, 0x00, 0x00, 0x00, 0x00, 0x00, 0x00, 0x00, 0x00, 0x00, 0x00, 0x00,
  0x00, 0x00, 0x00, 0x00, 0x00, 0x00, 0x00, 0x00, 0x00, 0x00, 0x00, 0x00, 0x00, 0x00, 0x00, 0x00,
  0x00, 0x00, 0x00, 0x00, 0x00, 0x00, 0x00, 0x00, 0x00, 0x00, 0x00, 0x00, 0x00, 0x00, 0x00, 0x00,
  0x00, 0x00, 0x00, 0x00, 0x00, 0x00, 0x00, 0x00, 0x00, 0x00, 0x00, 0x00, 0x00, 0x00, 0x00, 0x00,
  0x00, 0x00, 0x00, 0x00, 0x00, 0x00, 0x00, 0x00, 0x00, 0x00, 0x00, 0x00, 0x00, 0x00, 0x00, 0x00,
  0x00, 0x00, 0x00, 0x00, 0x00, 0x00, 0x00, 0x00, 0x00, 0x00, 0x00, 0x00, 0x00, 0x00, 0x00, 0x00,
  0x00, 0x00, 0x00, 0x00, 0x00, 0x00, 0x00, 0x00, 0x00, 0x00, 0x00, 0x00, 0x00, 0x00, 0x00, 0x00,
  0x00, 0x00, 0x00, 0x00, 0x00, 0x00, 0x00, 0x00, 0x00, 0x00, 0x00, 0x00, 0x00, 0x00, 0x00, 0x00,
  0x00, 0x00, 0x00, 0x00, 0x00, 0x00, 0x00, 0x00, 0x00, 0x00, 0x00, 0x00, 0x00, 0x00, 0x00, 0x00,
  0x00, 0x00, 0x00, 0x00, 0x00, 0x00, 0x00, 0x00, 0x00, 0x00, 0x00, 0x00, 0x00, 0x00, 0x00, 0x00,
  0x00, 0x00, 0x00, 0x00, 0x00, 0x00, 0x00, 0x00, 0x00, 0x00, 0x00, 0x00, 0x00, 0x00, 0x00, 0x00,
  0x00, 0x00, 0x00, 0x00, 0x00, 0x00, 0x00, 0x00, 0x00, 0x00, 0x00, 0x00, 0x00, 0x00, 0x00, 0x00,
  0x00, 0x00, 0x00, 0x00, 0x00, 0x00, 0x00, 0x00, 0x00, 0x00, 0x00, 0x00, 0x00, 0x00, 0x00, 0x00,
  0x00, 0x00, 0x00, 0x00, 0x00, 0x00, 0x00, 0x00, 0x00, 0x00, 0x00, 0x00, 0x00, 0x00, 0x00, 0x00,
  0x00, 0x00, 0x00, 0x00, 0x00, 0x00, 0x00, 0x00, 0x00, 0x00, 0x00, 0x00, 0x00, 0x00, 0x00, 0x00,
  0x00, 0x00, 0x00, 0x00, 0x00, 0x00, 0x00, 0x00, 0x00, 0x00, 0x00, 0x00, 0x00, 0x00, 0x00, 0x00,
  0x00, 0x00, 0x00, 0x00, 0x00, 0x00, 0x00, 0x00, 0x00, 0x00, 0x00, 0x00, 0x00, 0x00, 0x00, 0x00,
  0x00, 0x00, 0x00, 0x00, 0x00, 0x00, 0x00, 0x00, 0x00, 0x00, 0x00, 0x00, 0x00, 0x00, 0x00, 0x00,
  0x00, 0x00, 0x00, 0x00, 0x00, 0x00, 0x00, 0x00, 0x00, 0x00, 0x00, 0x00, 0x00, 0x00, 0x00, 0x00,
  0x00, 0x00, 0x00, 0x00, 0x00, 0x00, 0x00, 0x00, 0x00, 0x00, 0x00, 0x00, 0x00, 0x00, 0x00, 0x00,
  0x00, 0x00, 0x00, 0x00, 0x00, 0x00, 0x00, 0x00, 0x00, 0x00, 0x00, 0x00, 0x00, 0x00, 0x00, 0x00,
  0x00, 0x00, 0x00, 0x00, 0x00, 0x00, 0x00, 0x00, 0x00, 0x00, 0x00, 0x00, 0x00, 0x00, 0x00, 0x00,
  0x00, 0x00, 0x00, 0x00, 0x00, 0x00, 0x00, 0x00, 0x00, 0x00, 0x00, 0x00, 0x00, 0x00, 0x00, 0x00,
  0x00, 0x00, 0x00, 0x00, 0x00, 0x00, 0x00, 0x00, 0x00, 0x00, 0x00, 0x00, 0x00, 0x00, 0x00, 0x00,
  0x00, 0x00, 0x00, 0x00, 0x00, 0x00, 0x00, 0x00, 0x00, 0x00, 0x00, 0x00, 0x00, 0x00, 0x00, 0x00,
  0x00, 0x00, 0x00, 0x00, 0x00, 0x00, 0x00, 0x00, 0x00, 0x00, 0x00, 0x00, 0x00, 0x00, 0x00, 0x00,
  0x00, 0x00, 0x00, 0x00, 0x00, 0x00, 0x00, 0x00, 0x00, 0x00, 0x00, 0x00, 0x00, 0x00, 0x00, 0x00,
  0x00, 0x00, 0x00, 0x00, 0x00, 0x00, 0x00, 0x00, 0x00, 0x00, 0x00, 0x00, 0x00, 0x00, 0x00, 0x00,
  0x00, 0x00, 0x00, 0x00, 0x00, 0x00, 0x00, 0x00, 0x00, 0x00, 0x00, 0x00, 0x00, 0x00, 0x00, 0x00,
  0x00, 0x00, 0x00, 0x00, 0x00, 0x00, 0x00, 0x00, 0x00, 0x00, 0x00, 0x00, 0x00, 0x00, 0x00, 0x00,
  0x00, 0x00, 0x00, 0x00, 0x00, 0x00, 0x00, 0x00, 0x00, 0x00, 0x00, 0x00, 0x00, 0x00, 0x00, 0x00,
  0x00, 0x00, 0x00, 0x00, 0x00, 0x00, 0x00, 0x00, 0x00, 0x00, 0x00, 0x00, 0x00, 0x00, 0x00, 0x00,
  0x00, 0x00, 0x00, 0x00, 0x00, 0x00, 0x00, 0x00, 0x00, 0x00, 0x00, 0x00, 0x00, 0x00, 0x00, 0x00,
  0x00, 0x00, 0x00, 0x00, 0x00, 0x00, 0x00, 0x00, 0x00, 0x00, 0x00, 0x00, 0x00, 0x00, 0x00, 0x00,
  0x00, 0x00, 0x00, 0x00, 0x00, 0x00, 0x00, 0x00, 0x00, 0x00, 0x00, 0x00, 0x00, 0x00, 0x00, 0x00,
  0x00, 0x00, 0x00, 0x00, 0x00, 0x00, 0x00, 0x00, 0x00, 0x00, 0x00, 0x00, 0x00, 0x00, 0x00, 0x00,
  0x00, 0x00, 0x00, 0x00, 0x00, 0x00, 0x00, 0x00, 0x00, 0x00, 0x00, 0x00, 0x00, 0x00, 0x00, 0x00,
  0x00, 0x00, 0x00, 0x00, 0x00, 0x00, 0x00, 0x00, 0x00, 0x00, 0x00, 0x00, 0x00, 0x00, 0x00, 0x00,
  0x00, 0x00, 0x00, 0x00, 0x00, 0x00, 0x00, 0x00, 0x00, 0x00, 0x00, 0x00, 0x00, 0x00, 0x00, 0x00,
  0x00, 0x00, 0x00, 0x00, 0x00, 0x00, 0x00, 0x00, 0x00, 0x00, 0x00, 0x00, 0x00, 0x00, 0x00, 0x00,
  0x00, 0x00, 0x00, 0x00, 0x00, 0x00, 0x00, 0x00, 0x00, 0x00, 0x00, 0x00, 0x00, 0x00, 0x00, 0x00,
  0x00, 0x00, 0x00, 0x00, 0x00, 0x00, 0x00, 0x00, 0x00, 0x00, 0x00, 0x00, 0x00, 0x00, 0x00, 0x00,
  0x00, 0x00, 0x00, 0x00, 0x00, 0x00, 0x00, 0x00, 0x00, 0x00, 0x00, 0x00, 0x00, 0x00, 0x00, 0x00,
  0x00, 0x00, 0x00, 0x00, 0x00, 0x00, 0x00, 0x00, 0x00, 0x00, 0x00, 0x00, 0x00, 0x00, 0x00, 0x00,
  0x00, 0x00, 0x00, 0x00, 0x00, 0x00, 0x00, 0x00, 0x00, 0x00, 0x00, 0x00, 0x00, 0x00, 0x00, 0x00,
  0x00, 0x00, 0x00, 0x00, 0x00, 0x00, 0x00, 0x00, 0x00, 0x00, 0x00, 0x00, 0x00, 0x00, 0x00, 0x00,
  0x00, 0x00, 0x00, 0x00, 0x00, 0x00, 0x00, 0x00, 0x00, 0x00, 0x00, 0x00, 0x00, 0x00, 0x00, 0x00,
  0x00, 0x00, 0x00, 0x00, 0x00, 0x00, 0x00, 0x00, 0x00, 0x00, 0x00, 0x00, 0x00, 0x00, 0x00, 0x00,
  0x00, 0x00, 0x00, 0x00, 0x00, 0x00, 0x00, 0x00, 0x00, 0x00, 0x00, 0x00, 0x00, 0x00, 0x00, 0x00,
  0x00, 0x00, 0x00, 0x00, 0x00, 0x00, 0x00, 0x00, 0x00, 0x00, 0x00, 0x00, 0x00, 0x00, 0x00, 0x00,
  0x00, 0x00, 0x00, 0x00, 0x00, 0x00, 0x00, 0x00, 0x00, 0x00, 0x00, 0x00, 0x00, 0x00, 0x00, 0x00,
  0x00, 0x00, 0x00, 0x00, 0x00, 0x00, 0x00, 0x00, 0x00, 0x00, 0x00, 0x00, 0x00, 0x00, 0x00, 0x00,
  0x00, 0x00, 0x00, 0x00, 0x00, 0x00, 0x00, 0x00, 0x00, 0x00, 0x00, 0x00, 0x00, 0x00, 0x00, 0x00,
  0x00, 0x00, 0x00, 0x00, 0x00, 0x00, 0x00, 0x00, 0x00, 0x00, 0x00, 0x00, 0x00, 0x00, 0x00, 0x00,
  0x00, 0x00, 0x00, 0x00, 0x00, 0x00, 0x00, 0x00, 0x00, 0x00, 0x00, 0x00, 0x00, 0x00, 0x00, 0x00,
  0x00, 0x00, 0x00, 0x00, 0x00, 0x00, 0x00, 0x00, 0x00, 0x00, 0x00, 0x00, 0x00, 0x00, 0x00, 0x00,
  0x00, 0x00, 0x00, 0x00, 0x00, 0x00, 0x00, 0x00, 0x00, 0x00, 0x00, 0x00, 0x00, 0x00, 0x00, 0x00,
  0x00, 0x00, 0x00, 0x00, 0x00, 0x00, 0x00, 0x00, 0x00, 0x00, 0x00, 0x00, 0x00, 0x00, 0x00, 0x00,
  0x00, 0x00, 0x00, 0x00, 0x00, 0x00, 0x00, 0x00, 0x00, 0x00, 0x00, 0x00, 0x00, 0x00, 0x00, 0x00,
  0x00, 0x00, 0x00, 0x00, 0x00, 0x00, 0x00, 0x00, 0x00, 0x00, 0x00, 0x00, 0x00, 0x00, 0x00, 0x00,
  0x00, 0x00, 0x00, 0x00, 0x00, 0x00, 0x00, 0x00, 0x00, 0x00, 0x00, 0x00, 0x00, 0x00, 0x00, 0x00,
  0x00, 0x00, 0x00, 0x00, 0x00, 0x00, 0x00, 0x00, 0x00, 0x00, 0x00, 0x00, 0x00, 0x00, 0x00, 0x00,
  0x00, 0x00, 0x00, 0x00, 0x00, 0x00, 0x00, 0x00, 0x00, 0x00, 0x00, 0x00, 0x00, 0x00, 0x00, 0x00,
  0x00, 0x00, 0x00, 0x00, 0x00, 0x00, 0x00, 0x00, 0x00, 0x00, 0x00, 0x00, 0x00, 0x00, 0x00, 0x00,
  0x00, 0x00, 0x00, 0x00, 0x00, 0x00, 0x00, 0x00, 0x00, 0x00, 0x00, 0x00, 0x00, 0x00, 0x00, 0x00,
  0x00, 0x00, 0x00, 0x00, 0x00, 0x00, 0x00, 0x00, 0x00, 0x00, 0x00, 0x00, 0x00, 0x00, 0x00, 0x00,
  0x00, 0x00, 0x00, 0x00, 0x00, 0x00, 0x00, 0x00, 0x00, 0x00, 0x00, 0x00, 0x00, 0x00, 0x00, 0x00,
  0x00, 0x00, 0x00, 0x00, 0x00, 0x00, 0x00, 0x00, 0x00, 0x00, 0x00, 0x00, 0x00, 0x00, 0x00, 0x00,
  0x00, 0x00, 0x00, 0x00, 0x00, 0x00, 0x00, 0x00, 0x00, 0x00, 0x00, 0x00, 0x00, 0x00, 0x00, 0x00,
  0x00, 0x00, 0x00, 0x00, 0x00, 0x00, 0x00, 0x00, 0x00, 0x00, 0x00, 0x00, 0x00, 0x00, 0x00, 0x00,
  0x00, 0x00, 0x00, 0x00, 0x00, 0x00, 0x00, 0x00, 0x00, 0x00, 0x00, 0x00, 0x00, 0x00, 0x00, 0x00,
  0x00, 0x00, 0x00, 0x00, 0x00, 0x00, 0x00, 0x00, 0x00, 0x00, 0x00, 0x00, 0x00, 0x00, 0x00, 0x00,
  0x00, 0x00, 0x00, 0x00, 0x00, 0x00, 0x00, 0x00, 0x00, 0x00, 0x00, 0x00, 0x00, 0x00, 0x00, 0x00,
  0x00, 0x00, 0x00, 0x00, 0x00, 0x00, 0x00, 0x00, 0x00, 0x00, 0x00, 0x00, 0x00, 0x00, 0x00, 0x00,
  0x00, 0x00, 0x00, 0x00, 0x00, 0x00, 0x00, 0x00, 0x00, 0x00, 0x00, 0x00, 0x00, 0x00, 0x00, 0x00,
  0x00, 0x00, 0x00, 0x00, 0x00, 0x00, 0x00, 0x00, 0x00, 0x00, 0x00, 0x00, 0x00, 0x00, 0x00, 0x00,
  0x00, 0x00, 0x00, 0x00, 0x00, 0x00, 0x00, 0x00, 0x00, 0x00, 0x00, 0x00, 0x00, 0x00, 0x00, 0x00,
  0x00, 0x00, 0x00, 0x00, 0x00, 0x00, 0x00, 0x00, 0x00, 0x00, 0x00, 0x00, 0x00, 0x00, 0x00, 0x00,
  0x00, 0x00, 0x00, 0x00, 0x00, 0x00, 0x00, 0x00, 0x00, 0x00, 0x00, 0x00, 0x00, 0x00, 0x00, 0x00,
  0x00, 0x00, 0x00, 0x00, 0x00, 0x00, 0x00, 0x00, 0x00, 0x00, 0x00, 0x00, 0x00, 0x00, 0x00, 0x00,
  0x00, 0x00, 0x00, 0x00, 0x00, 0x00, 0x00, 0x00, 0x00, 0x00, 0x00, 0x00, 0x00, 0x00, 0x00, 0x00,
  0x00, 0x00, 0x00, 0x00, 0x00, 0x00, 0x00, 0x00, 0x00, 0x00, 0x00, 0x00, 0x00, 0x00, 0x00, 0x00,
  0x00, 0x00, 0x00, 0x00, 0x00, 0x00, 0x00, 0x00, 0x00, 0x00, 0x00, 0x00, 0x00, 0x00, 0x00, 0x00,
  0x00, 0x00, 0x00, 0x00, 0x00, 0x00, 0x00, 0x00, 0x00, 0x00, 0x00, 0x00, 0x00, 0x00, 0x00, 0x00,
  0x00, 0x00, 0x00, 0x00, 0x00, 0x00, 0x00, 0x00, 0x00, 0x00, 0x00, 0x00, 0x00, 0x00, 0x00, 0x00,
  0x00, 0x00, 0x00, 0x00, 0x00, 0x00, 0x00, 0x00, 0x00, 0x00, 0x00, 0x00, 0x00, 0x00, 0x00, 0x00,
  0x00, 0x00, 0x00, 0x00, 0x00, 0x00, 0x00, 0x00, 0x00, 0x00, 0x00, 0x00, 0x00, 0x00, 0x00, 0x00,
  0x00, 0x00, 0x00, 0x00, 0x00, 0x00, 0x00, 0x00, 0x00, 0x00, 0x00, 0x00, 0x00, 0x00, 0x00, 0x00,
  0x00, 0x00, 0x00, 0x00, 0x00, 0x00, 0x00, 0x00, 0x00, 0x00, 0x00, 0x00, 0x00, 0x00, 0x00, 0x00,
  0x00, 0x00, 0x00, 0x00, 0x00, 0x00, 0x00, 0x00, 0x00, 0x00, 0x00, 0x00, 0x00, 0x00, 0x00, 0x00,
  0x00, 0x00, 0x00, 0x00, 0x00, 0x00, 0x00, 0x00, 0x00, 0x00, 0x00, 0x00, 0x00, 0x00, 0x00, 0x00,
  0x00, 0x00, 0x00, 0x00, 0x00, 0x00, 0x00, 0x00, 0x00, 0x00, 0x00, 0x00, 0x00, 0x00, 0x00, 0x00,
  0x00, 0x00, 0x00, 0x00, 0x00, 0x00, 0x00, 0x00, 0x00, 0x00, 0x00, 0x00, 0x00, 0x00, 0x00, 0x00,
  0x00, 0x00, 0x00, 0x00, 0x00, 0x00, 0x00, 0x00, 0x00, 0x00, 0x00, 0x00, 0x00, 0x00, 0x00, 0x00,
  0x00, 0x00, 0x00, 0x00, 0x00, 0x00, 0x00, 0x00, 0x00, 0x00, 0x00, 0x00, 0x00, 0x00, 0x00, 0x00,
  0x00, 0x00, 0x00, 0x00, 0x00, 0x00, 0x00, 0x00, 0x00, 0x00, 0x00, 0x00, 0x00, 0x00, 0x00, 0x00,
  0x00, 0x00, 0x00, 0x00, 0x00, 0x00, 0x00, 0x00, 0x00, 0x00, 0x00, 0x00, 0x00, 0x00, 0x00, 0x00,
  0x00, 0x00, 0x00, 0x00, 0x00, 0x00, 0x00, 0x00, 0x00, 0x00, 0x00, 0x00, 0x00, 0x00, 0x00, 0x00,
  0x00, 0x00, 0x00, 0x00, 0x00, 0x00, 0x00, 0x00, 0x00, 0x00, 0x00, 0x00, 0x00, 0x00, 0x00, 0x00,
  0x00, 0x00, 0x00, 0x00, 0x00, 0x00, 0x00, 0x00, 0x00, 0x00, 0x00, 0x00, 0x00, 0x00, 0x00, 0x00,
  0x00, 0x00, 0x00, 0x00, 0x00, 0x00, 0x00, 0x00, 0x00, 0x00, 0x00, 0x00, 0x00, 0x00, 0x00, 0x00,
  0x00, 0x00, 0x00, 0x00, 0x00, 0x00, 0x00, 0x00, 0x00, 0x00, 0x00, 0x00, 0x00, 0x00, 0x00, 0x00,
  0x00, 0x00, 0x00, 0x00, 0x00, 0x00, 0x00, 0x00, 0x00, 0x00, 0x00, 0x00, 0x00, 0x00, 0x00, 0x00,
  0x00, 0x00, 0x00, 0x00, 0x00, 0x00, 0x00, 0x00, 0x00, 0x00, 0x00, 0x00, 0x00, 0x00, 0x00, 0x00,
  0x00, 0x00, 0x00, 0x00, 0x00, 0x00, 0x00, 0x00, 0x00, 0x00, 0x00, 0x00, 0x00, 0x00, 0x00, 0x00,
  0x00, 0x00, 0x00, 0x00, 0x00, 0x00, 0x00, 0x00, 0x00, 0x00, 0x00, 0x00, 0x00, 0x00, 0x00, 0x00,
  0x00, 0x00, 0x00, 0x00, 0x00, 0x00, 0x00, 0x00, 0x00, 0x00, 0x00, 0x00, 0x00, 0x00, 0x00, 0x00,
  0x00, 0x00, 0x00, 0x00, 0x00, 0x00, 0x00, 0x00, 0x00, 0x00, 0x00, 0x00, 0x00, 0x00, 0x00, 0x00,
  0x00, 0x00, 0x00, 0x00, 0x00, 0x00, 0x00, 0x00, 0x00, 0x00, 0x00, 0x00, 0x00, 0x00, 0x00, 0x00,
  0x00, 0x00, 0x00, 0x00, 0x00, 0x00, 0x00, 0x00, 0x00, 0x00, 0x00, 0x00, 0x00, 0x00, 0x00, 0x00,
  0x00, 0x00, 0x00, 0x00, 0x00, 0x00, 0x00, 0x00, 0x00, 0x00, 0x00, 0x00, 0x00, 0x00, 0x00, 0x00,
  0x00, 0x00, 0x00, 0x00, 0x00, 0x00, 0x00, 0x00, 0x00, 0x00, 0x00, 0x00, 0x00, 0x00, 0x00, 0x00,
  0x00, 0x00, 0x00, 0x00, 0x00, 0x00, 0x00, 0x00, 0x00, 0x00, 0x00, 0x00, 0x00, 0x00, 0x00, 0x00,
  0x00, 0x00, 0x00, 0x00, 0x00, 0x00, 0x00, 0x00, 0x00, 0x00, 0x00, 0x00, 0x00, 0x00, 0x00, 0x00,
  0x00, 0x00, 0x00, 0x00, 0x00, 0x00, 0x00, 0x00, 0x00, 0x00, 0x00, 0x00, 0x00, 0x00, 0x00, 0x00,
  0x00, 0x00, 0x00, 0x00, 0x00, 0x00, 0x00, 0x00, 0x00, 0x00, 0x00, 0x00, 0x00, 0x00, 0x00, 0x00,
  0x00, 0x00, 0x00, 0x00, 0x00, 0x00, 0x00, 0x00, 0x00, 0x00, 0x00, 0x00, 0x00, 0x00, 0x00, 0x00,
  0x00, 0x00, 0x00, 0x00, 0x00, 0x00, 0x00, 0x00, 0x00, 0x00, 0x00, 0x00, 0x00, 0x00, 0x00, 0x00,
  0x00, 0x00, 0x00, 0x00, 0x00, 0x00, 0x00, 0x00, 0x00, 0x00, 0x00, 0x00, 0x00, 0x00, 0x00, 0x00,
  0x00, 0x00, 0x00, 0x00, 0x00, 0x00, 0x00, 0x00, 0x00, 0x00, 0x00, 0x00, 0x00, 0x00, 0x00, 0x00,
  0x00, 0x00, 0x00, 0x00, 0x00, 0x00, 0x00, 0x00, 0x00, 0x00, 0x00, 0x00, 0x00, 0x00, 0x00, 0x00,
  0x00, 0x00, 0x00, 0x00, 0x00, 0x00, 0x00, 0x00, 0x00, 0x00, 0x00, 0x00, 0x00, 0x00, 0x00, 0x00,
  0x00, 0x00, 0x00, 0x00, 0x00, 0x00, 0x00, 0x00, 0x00, 0x00, 0x00, 0x00, 0x00, 0x00, 0x00, 0x00,
  0x00, 0x00, 0x00, 0x00, 0x00, 0x00, 0x00, 0x00, 0x00, 0x00, 0x00, 0x00, 0x00, 0x00, 0x00, 0x00,
  0x00, 0x00, 0x00, 0x00, 0x00, 0x00, 0x00, 0x00, 0x00, 0x00, 0x00, 0x00, 0x00, 0x00, 0x00, 0x00,
  0x00, 0x00, 0x00, 0x00, 0x00, 0x00, 0x00, 0x00, 0x00, 0x00, 0x00, 0x00, 0x00, 0x00, 0x00, 0x00,
  0x00, 0x00, 0x00, 0x00, 0x00, 0x00, 0x00, 0x00, 0x00, 0x00, 0x00, 0x00, 0x00, 0x00, 0x00, 0x00,
  0x00, 0x00, 0x00, 0x00, 0x00, 0x00, 0x00, 0x00, 0x00, 0x00, 0x00, 0x00, 0x00, 0x00, 0x00, 0x00,
  0x00, 0x00, 0x00, 0x00, 0x00, 0x00, 0x00, 0x00, 0x00, 0x00, 0x00, 0x00, 0x00, 0x00, 0x00, 0x00,
  0x00, 0x00, 0x00, 0x00, 0x00, 0x00, 0x00, 0x00, 0x00, 0x00, 0x00, 0x00, 0x00, 0x00, 0x00, 0x00,
  0x00, 0x00, 0x00, 0x00, 0x00, 0x00, 0x00, 0x00, 0x00, 0x00, 0x00, 0x00, 0x00, 0x00, 0x00, 0x00,
  0x00, 0x00, 0x00, 0x00, 0x00, 0x00, 0x00, 0x00, 0x00, 0x00, 0x00, 0x00, 0x00, 0x00, 0x00, 0x00,
  0x00, 0x00, 0x00, 0x00, 0x00, 0x00, 0x00, 0x00, 0x00, 0x00, 0x00, 0x00, 0x00, 0x00, 0x00, 0x00,
  0x00, 0x00, 0x00, 0x00, 0x00, 0x00, 0x00, 0x00, 0x00, 0x00, 0x00, 0x00, 0x00, 0x00, 0x00, 0x00,
  0x00, 0x00, 0x00, 0x00, 0x00, 0x00, 0x00, 0x00, 0x00, 0x00, 0x00, 0x00, 0x00, 0x00, 0x00, 0x00,
  0x00, 0x00, 0x00, 0x00, 0x00, 0x00, 0x00, 0x00, 0x00, 0x00, 0x00, 0x00, 0x00, 0x00, 0x00, 0x00,
  0x00, 0x00, 0x00, 0x00, 0x00, 0x00, 0x00, 0x00, 0x00, 0x00, 0x00, 0x00, 0x00, 0x00, 0x00, 0x00,
  0x00, 0x00, 0x00, 0x00, 0x00, 0x00, 0x00, 0x00, 0x00, 0x00, 0x00, 0x00, 0x00, 0x00, 0x00, 0x00,
  0x00, 0x00, 0x00, 0x00, 0x00, 0x00, 0x00, 0x00, 0x00, 0x00, 0x00, 0x00, 0x00, 0x00, 0x00, 0x00,
  0x00, 0x00, 0x00, 0x00, 0x00, 0x00, 0x00, 0x00, 0x00, 0x00, 0x00, 0x00, 0x00, 0x00, 0x00, 0x00,
  0x00, 0x00, 0x00, 0x00, 0x00, 0x00, 0x00, 0x00, 0x00, 0x00, 0x00, 0x00, 0x00, 0x00, 0x00, 0x00,
  0x00, 0x00, 0x00, 0x00, 0x00, 0x00, 0x00, 0x00, 0x00, 0x00, 0x00, 0x00, 0x00, 0x00, 0x00, 0x00,
  0x00, 0x00, 0x00, 0x00, 0x00, 0x00, 0x00, 0x00, 0x00, 0x00, 0x00, 0x00, 0x00, 0x00, 0x00, 0x00,
  0x00, 0x00, 0x00, 0x00, 0x00, 0x00, 0x00, 0x00, 0x00, 0x00, 0x00, 0x00, 0x00, 0x00, 0x00, 0x00,
  0x00, 0x00, 0x00, 0x00, 0x00, 0x00, 0x00, 0x00, 0x00, 0x00, 0x00, 0x00, 0x00, 0x00, 0x00, 0x00,
  0x00, 0x00, 0x00, 0x00, 0x02, 0x00, 0x00, 0x00, 0xd4, 0x00, 0x00, 0x00, 0xa4, 0xc4, 0x00, 0x00,
  0xa4, 0xc4, 0x00, 0x00, 0x4e, 0x42, 0x31, 0x30, 0x00, 0x00, 0x00, 0x00, 0x00, 0x00, 0x00, 0x00,
  0x00, 0x00, 0x00, 0x00, 0x2f, 0x68, 0x6f, 0x6d, 0x65, 0x2f, 0x76, 0x69, 0x76, 0x79, 0x2f, 0x50,
  0x72, 0x6f, 0x6a, 0x65, 0x63, 0x74, 0x73, 0x2f, 0x65, 0x66, 0x69, 0x73, 0x70, 0x2d, 0x70, 0x72,
  0x6f, 0x6a, 0x65, 0x63, 0x74, 0x73, 0x2f, 0x67, 0x62, 0x6c, 0x5f, 0x72, 0x6f, 0x6f, 0x74, 0x5f,
  0x63, 0x61, 0x6e, 0x6f, 0x65, 0x2f, 0x2e, 0x77, 0x6f, 0x72, 0x6b, 0x2f, 0x6c, 0x69, 0x76, 0x65,
  0x2d, 0x62, 0x61, 0x63, 0x6b, 0x65, 0x6e, 0x64, 0x2d, 0x61, 0x75, 0x64, 0x69, 0x74, 0x2f, 0x73,
  0x75, 0x62, 0x6d, 0x6f, 0x64, 0x75, 0x6c, 0x65, 0x73, 0x2f, 0x75, 0x65, 0x66, 0x69, 0x2f, 0x65,
  0x64, 0x6b, 0x32, 0x2f, 0x42, 0x75, 0x69, 0x6c, 0x64, 0x2f, 0x43, 0x61, 0x6e, 0x6f, 0x65, 0x55,
  0x73, 0x62, 0x4d, 0x73, 0x64, 0x50, 0x6b, 0x67, 0x2f, 0x52, 0x45, 0x4c, 0x45, 0x41, 0x53, 0x45,
  0x5f, 0x43, 0x4c, 0x41, 0x4e, 0x47, 0x33, 0x35, 0x2f, 0x41, 0x41, 0x52, 0x43, 0x48, 0x36, 0x34,
  0x2f, 0x43, 0x61, 0x6e, 0x6f, 0x65, 0x55, 0x73, 0x62, 0x4d, 0x73, 0x64, 0x50, 0x6b, 0x67, 0x2f,
  0x43, 0x61, 0x6e, 0x6f, 0x65, 0x55, 0x73, 0x62, 0x4d, 0x73, 0x64, 0x44, 0x78, 0x65, 0x2f, 0x44,
  0x45, 0x42, 0x55, 0x47, 0x2f, 0x43, 0x61, 0x6e, 0x6f, 0x65, 0x55, 0x73, 0x62, 0x4d, 0x73, 0x64,
  0x44, 0x78, 0x65, 0x2e, 0x64, 0x6c, 0x6c, 0x00, 0x00, 0x00, 0x00, 0x00, 0x00, 0x00, 0x00, 0x00,
  0x00, 0x00, 0x00, 0x00, 0x00, 0x00, 0x00, 0x00, 0x00, 0x00, 0x00, 0x00, 0x00, 0x00, 0x00, 0x00,
  0x00, 0x00, 0x00, 0x00, 0x00, 0x00, 0x00, 0x00, 0x00, 0x00, 0x00, 0x00, 0x00, 0x00, 0x00, 0x00,
  0x00, 0x00, 0x00, 0x00, 0x00, 0x00, 0x00, 0x00, 0x00, 0x00, 0x00, 0x00, 0x00, 0x00, 0x00, 0x00,
  0x00, 0x00, 0x00, 0x00, 0x00, 0x00, 0x00, 0x00, 0x00, 0x00, 0x00, 0x00, 0x00, 0x00, 0x00, 0x00,
  0x00, 0x00, 0x00, 0x00, 0x00, 0x00, 0x00, 0x00, 0x00, 0x00, 0x00, 0x00, 0x00, 0x00, 0x00, 0x00,
  0x00, 0x00, 0x00, 0x00, 0x00, 0x00, 0x00, 0x00, 0x00, 0x00, 0x00, 0x00, 0x00, 0x00, 0x00, 0x00,
  0x00, 0x00, 0x00, 0x00, 0x00, 0x00, 0x00, 0x00, 0x00, 0x00, 0x00, 0x00, 0x00, 0x00, 0x00, 0x00,
  0x00, 0x00, 0x00, 0x00, 0x00, 0x00, 0x00, 0x00, 0x00, 0x00, 0x00, 0x00, 0x00, 0x00, 0x00, 0x00,
  0x00, 0x00, 0x00, 0x00, 0x00, 0x00, 0x00, 0x00, 0x00, 0x00, 0x00, 0x00, 0x00, 0x00, 0x00, 0x00,
  0x00, 0x00, 0x00, 0x00, 0x00, 0x00, 0x00, 0x00, 0x00, 0x00, 0x00, 0x00, 0x00, 0x00, 0x00, 0x00,
  0x00, 0x00, 0x00, 0x00, 0x00, 0x00, 0x00, 0x00, 0x00, 0x00, 0x00, 0x00, 0x00, 0x00, 0x00, 0x00,
  0x00, 0x00, 0x00, 0x00, 0x00, 0x00, 0x00, 0x00, 0x00, 0x00, 0x00, 0x00, 0x00, 0x00, 0x00, 0x00,
  0x00, 0x00, 0x00, 0x00, 0x00, 0x00, 0x00, 0x00, 0x00, 0x00, 0x00, 0x00, 0x00, 0x00, 0x00, 0x00,
  0x00, 0x00, 0x00, 0x00, 0x00, 0x00, 0x00, 0x00, 0x00, 0x00, 0x00, 0x00, 0x00, 0x00, 0x00, 0x00,
  0x00, 0x00, 0x00, 0x00, 0x00, 0x00, 0x00, 0x00, 0x00, 0x00, 0x00, 0x00, 0x00, 0x00, 0x00, 0x00,
  0x00, 0x00, 0x00, 0x00, 0x00, 0x00, 0x00, 0x00, 0x00, 0x00, 0x00, 0x00, 0x00, 0x00, 0x00, 0x00,
  0x00, 0x00, 0x00, 0x00, 0x00, 0x00, 0x00, 0x00, 0x00, 0x00, 0x00, 0x00, 0x00, 0x00, 0x00, 0x00,
  0x00, 0x00, 0x00, 0x00, 0x00, 0x00, 0x00, 0x00, 0x00, 0x00, 0x00, 0x00, 0x00, 0x00, 0x00, 0x00,
  0x00, 0x00, 0x00, 0x00, 0x00, 0x00, 0x00, 0x00, 0x00, 0x00, 0x00, 0x00, 0x00, 0x00, 0x00, 0x00,
  0x00, 0x00, 0x00, 0x00, 0x00, 0x00, 0x00, 0x00, 0x00, 0x00, 0x00, 0x00, 0x00, 0x00, 0x00, 0x00,
  0x00, 0x00, 0x00, 0x00, 0x00, 0x00, 0x00, 0x00, 0x00, 0x00, 0x00, 0x00, 0x00, 0x00, 0x00, 0x00,
  0x00, 0x00, 0x00, 0x00, 0x00, 0x00, 0x00, 0x00, 0x00, 0x00, 0x00, 0x00, 0x00, 0x00, 0x00, 0x00,
  0x00, 0x00, 0x00, 0x00, 0x00, 0x00, 0x00, 0x00, 0x00, 0x00, 0x00, 0x00, 0x00, 0x00, 0x00, 0x00,
  0x00, 0x00, 0x00, 0x00, 0x00, 0x00, 0x00, 0x00, 0x00, 0x00, 0x00, 0x00, 0x00, 0x00, 0x00, 0x00,
  0x00, 0x00, 0x00, 0x00, 0x00, 0x00, 0x00, 0x00, 0x00, 0x00, 0x00, 0x00, 0x00, 0x00, 0x00, 0x00,
  0x00, 0x00, 0x00, 0x00, 0x00, 0x00, 0x00, 0x00, 0x00, 0x00, 0x00, 0x00, 0x00, 0x00, 0x00, 0x00,
  0x00, 0x00, 0x00, 0x00, 0x00, 0x00, 0x00, 0x00, 0x00, 0x00, 0x00, 0x00, 0x00, 0x00, 0x00, 0x00,
  0x00, 0x00, 0x00, 0x00, 0x00, 0x00, 0x00, 0x00, 0x00, 0x00, 0x00, 0x00, 0x00, 0x00, 0x00, 0x00,
  0x00, 0x00, 0x00, 0x00, 0x00, 0x00, 0x00, 0x00, 0x00, 0x00, 0x00, 0x00, 0x00, 0x00, 0x00, 0x00,
  0x00, 0x00, 0x00, 0x00, 0x00, 0x00, 0x00, 0x00, 0x00, 0x00, 0x00, 0x00, 0x00, 0x00, 0x00, 0x00,
  0x00, 0x00, 0x00, 0x00, 0x00, 0x00, 0x00, 0x00, 0x00, 0x00, 0x00, 0x00, 0x00, 0x00, 0x00, 0x00,
  0x00, 0x00, 0x00, 0x00, 0x00, 0x00, 0x00, 0x00, 0x00, 0x00, 0x00, 0x00, 0x00, 0x00, 0x00, 0x00,
  0x00, 0x00, 0x00, 0x00, 0x00, 0x00, 0x00, 0x00, 0x00, 0x00, 0x00, 0x00, 0x00, 0x00, 0x00, 0x00,
  0x00, 0x00, 0x00, 0x00, 0x00, 0x00, 0x00, 0x00, 0x00, 0x00, 0x00, 0x00, 0x00, 0x00, 0x00, 0x00,
  0x00, 0x00, 0x00, 0x00, 0x00, 0x00, 0x00, 0x00, 0x00, 0x00, 0x00, 0x00, 0x00, 0x00, 0x00, 0x00,
  0x00, 0x00, 0x00, 0x00, 0x00, 0x00, 0x00, 0x00, 0x00, 0x00, 0x00, 0x00, 0x00, 0x00, 0x00, 0x00,
  0x00, 0x00, 0x00, 0x00, 0x00, 0x00, 0x00, 0x00, 0x00, 0x00, 0x00, 0x00, 0x00, 0x00, 0x00, 0x00,
  0x00, 0x00, 0x00, 0x00, 0x00, 0x00, 0x00, 0x00, 0x00, 0x00, 0x00, 0x00, 0x00, 0x00, 0x00, 0x00,
  0x00, 0x00, 0x00, 0x00, 0x00, 0x00, 0x00, 0x00, 0x00, 0x00, 0x00, 0x00, 0x00, 0x00, 0x00, 0x00,
  0x00, 0x00, 0x00, 0x00, 0x00, 0x00, 0x00, 0x00, 0x00, 0x00, 0x00, 0x00, 0x00, 0x00, 0x00, 0x00,
  0x00, 0x00, 0x00, 0x00, 0x00, 0x00, 0x00, 0x00, 0x00, 0x00, 0x00, 0x00, 0x00, 0x00, 0x00, 0x00,
  0x00, 0x00, 0x00, 0x00, 0x00, 0x00, 0x00, 0x00, 0x00, 0x00, 0x00, 0x00, 0x00, 0x00, 0x00, 0x00,
  0x00, 0x00, 0x00, 0x00, 0x00, 0x00, 0x00, 0x00, 0x00, 0x00, 0x00, 0x00, 0x00, 0x00, 0x00, 0x00,
  0x00, 0x00, 0x00, 0x00, 0x00, 0x00, 0x00, 0x00, 0x00, 0x00, 0x00, 0x00, 0x00, 0x00, 0x00, 0x00,
  0x00, 0x00, 0x00, 0x00, 0x00, 0x00, 0x00, 0x00, 0x00, 0x00, 0x00, 0x00, 0x00, 0x00, 0x00, 0x00,
  0x00, 0x00, 0x00, 0x00, 0x00, 0x00, 0x00, 0x00, 0x00, 0x00, 0x00, 0x00, 0x00, 0x00, 0x00, 0x00,
  0x00, 0x00, 0x00, 0x00, 0x00, 0x00, 0x00, 0x00, 0x00, 0x00, 0x00, 0x00, 0x00, 0x00, 0x00, 0x00,
  0x00, 0x00, 0x00, 0x00, 0x00, 0x00, 0x00, 0x00, 0x00, 0x00, 0x00, 0x00, 0x00, 0x00, 0x00, 0x00,
  0x00, 0x00, 0x00, 0x00, 0x00, 0x00, 0x00, 0x00, 0x00, 0x00, 0x00, 0x00, 0x00, 0x00, 0x00, 0x00,
  0x00, 0x00, 0x00, 0x00, 0x00, 0x00, 0x00, 0x00, 0x00, 0x00, 0x00, 0x00, 0x00, 0x00, 0x00, 0x00,
  0x00, 0x00, 0x00, 0x00, 0x00, 0x00, 0x00, 0x00, 0x00, 0x00, 0x00, 0x00, 0x00, 0x00, 0x00, 0x00,
  0x00, 0x00, 0x00, 0x00, 0x00, 0x00, 0x00, 0x00, 0x00, 0x00, 0x00, 0x00, 0x00, 0x00, 0x00, 0x00,
  0x00, 0x00, 0x00, 0x00, 0x00, 0x00, 0x00, 0x00, 0x00, 0x00, 0x00, 0x00, 0x00, 0x00, 0x00, 0x00,
  0x00, 0x00, 0x00, 0x00, 0x00, 0x00, 0x00, 0x00, 0x00, 0x00, 0x00, 0x00, 0x00, 0x00, 0x00, 0x00,
  0x00, 0x00, 0x00, 0x00, 0x00, 0x00, 0x00, 0x00, 0x00, 0x00, 0x00, 0x00, 0x00, 0x00, 0x00, 0x00,
  0x00, 0x00, 0x00, 0x00, 0x00, 0x00, 0x00, 0x00, 0x00, 0x00, 0x00, 0x00, 0x00, 0x00, 0x00, 0x00,
  0x00, 0x00, 0x00, 0x00, 0x00, 0x00, 0x00, 0x00, 0x00, 0x00, 0x00, 0x00, 0x00, 0x00, 0x00, 0x00,
  0x00, 0x00, 0x00, 0x00, 0x00, 0x00, 0x00, 0x00, 0x00, 0x00, 0x00, 0x00, 0x00, 0x00, 0x00, 0x00,
  0x00, 0x00, 0x00, 0x00, 0x00, 0x00, 0x00, 0x00, 0x00, 0x00, 0x00, 0x00, 0x00, 0x00, 0x00, 0x00,
  0x00, 0x00, 0x00, 0x00, 0x00, 0x00, 0x00, 0x00, 0x00, 0x00, 0x00, 0x00, 0x00, 0x00, 0x00, 0x00,
  0x00, 0x00, 0x00, 0x00, 0x00, 0x00, 0x00, 0x00, 0x00, 0x00, 0x00, 0x00, 0x00, 0x00, 0x00, 0x00,
  0x00, 0x00, 0x00, 0x00, 0x00, 0x00, 0x00, 0x00, 0x00, 0x00, 0x00, 0x00, 0x00, 0x00, 0x00, 0x00,
  0x00, 0x00, 0x00, 0x00, 0x00, 0x00, 0x00, 0x00, 0x00, 0x00, 0x00, 0x00, 0x00, 0x00, 0x00, 0x00,
  0x00, 0x00, 0x00, 0x00, 0x00, 0x00, 0x00, 0x00, 0x00, 0x00, 0x00, 0x00, 0x00, 0x00, 0x00, 0x00,
  0x00, 0x00, 0x00, 0x00, 0x00, 0x00, 0x00, 0x00, 0x00, 0x00, 0x00, 0x00, 0x00, 0x00, 0x00, 0x00,
  0x00, 0x00, 0x00, 0x00, 0x00, 0x00, 0x00, 0x00, 0x00, 0x00, 0x00, 0x00, 0x00, 0x00, 0x00, 0x00,
  0x00, 0x00, 0x00, 0x00, 0x00, 0x00, 0x00, 0x00, 0x00, 0x00, 0x00, 0x00, 0x00, 0x00, 0x00, 0x00,
  0x00, 0x00, 0x00, 0x00, 0x00, 0x00, 0x00, 0x00, 0x00, 0x00, 0x00, 0x00, 0x00, 0x00, 0x00, 0x00,
  0x00, 0x00, 0x00, 0x00, 0x00, 0x00, 0x00, 0x00, 0x00, 0x00, 0x00, 0x00, 0x00, 0x00, 0x00, 0x00,
  0x00, 0x00, 0x00, 0x00, 0x00, 0x00, 0x00, 0x00, 0x00, 0x00, 0x00, 0x00, 0x00, 0x00, 0x00, 0x00,
  0x00, 0x00, 0x00, 0x00, 0x00, 0x00, 0x00, 0x00, 0x00, 0x00, 0x00, 0x00, 0x00, 0x00, 0x00, 0x00,
  0x00, 0x00, 0x00, 0x00, 0x00, 0x00, 0x00, 0x00, 0x00, 0x00, 0x00, 0x00, 0x00, 0x00, 0x00, 0x00,
  0x00, 0x00, 0x00, 0x00, 0x00, 0x00, 0x00, 0x00, 0x00, 0x00, 0x00, 0x00, 0x00, 0x00, 0x00, 0x00,
  0x00, 0x00, 0x00, 0x00, 0x00, 0x00, 0x00, 0x00, 0x00, 0x00, 0x00, 0x00, 0x00, 0x00, 0x00, 0x00,
  0x00, 0x00, 0x00, 0x00, 0x00, 0x00, 0x00, 0x00, 0x00, 0x00, 0x00, 0x00, 0x00, 0x00, 0x00, 0x00,
  0x00, 0x00, 0x00, 0x00, 0x00, 0x00, 0x00, 0x00, 0x00, 0x00, 0x00, 0x00, 0x00, 0x00, 0x00, 0x00,
  0x00, 0x00, 0x00, 0x00, 0x00, 0x00, 0x00, 0x00, 0x00, 0x00, 0x00, 0x00, 0x00, 0x00, 0x00, 0x00,
  0x00, 0x00, 0x00, 0x00, 0x00, 0x00, 0x00, 0x00, 0x00, 0x00, 0x00, 0x00, 0x00, 0x00, 0x00, 0x00,
  0x00, 0x00, 0x00, 0x00, 0x00, 0x00, 0x00, 0x00, 0x00, 0x00, 0x00, 0x00, 0x00, 0x00, 0x00, 0x00,
  0x00, 0x00, 0x00, 0x00, 0x00, 0x00, 0x00, 0x00, 0x00, 0x00, 0x00, 0x00, 0x00, 0x00, 0x00, 0x00,
  0x00, 0x00, 0x00, 0x00, 0x00, 0x00, 0x00, 0x00, 0x00, 0x00, 0x00, 0x00, 0x00, 0x00, 0x00, 0x00,
  0x00, 0x00, 0x00, 0x00, 0x00, 0x00, 0x00, 0x00, 0x00, 0x00, 0x00, 0x00, 0x00, 0x00, 0x00, 0x00,
  0x00, 0x00, 0x00, 0x00, 0x00, 0x00, 0x00, 0x00, 0x00, 0x00, 0x00, 0x00, 0x00, 0x00, 0x00, 0x00,
  0x00, 0x00, 0x00, 0x00, 0x00, 0x00, 0x00, 0x00, 0x00, 0x00, 0x00, 0x00, 0x00, 0x00, 0x00, 0x00,
  0x00, 0x00, 0x00, 0x00, 0x00, 0x00, 0x00, 0x00, 0x00, 0x00, 0x00, 0x00, 0x00, 0x00, 0x00, 0x00,
  0x00, 0x00, 0x00, 0x00, 0x00, 0x00, 0x00, 0x00, 0x00, 0x00, 0x00, 0x00, 0x00, 0x00, 0x00, 0x00,
  0x00, 0x00, 0x00, 0x00, 0x00, 0x00, 0x00, 0x00, 0x00, 0x00, 0x00, 0x00, 0x00, 0x00, 0x00, 0x00,
  0x00, 0x00, 0x00, 0x00, 0x00, 0x00, 0x00, 0x00, 0x00, 0x00, 0x00, 0x00, 0x00, 0x00, 0x00, 0x00,
  0x00, 0x00, 0x00, 0x00, 0x00, 0x00, 0x00, 0x00, 0x00, 0x00, 0x00, 0x00, 0x00, 0x00, 0x00, 0x00,
  0x00, 0x00, 0x00, 0x00, 0x00, 0x00, 0x00, 0x00, 0x00, 0x00, 0x00, 0x00, 0x00, 0x00, 0x00, 0x00,
  0x00, 0x00, 0x00, 0x00, 0x00, 0x00, 0x00, 0x00, 0x00, 0x00, 0x00, 0x00, 0x00, 0x00, 0x00, 0x00,
  0x00, 0x00, 0x00, 0x00, 0x00, 0x00, 0x00, 0x00, 0x00, 0x00, 0x00, 0x00, 0x00, 0x00, 0x00, 0x00,
  0x00, 0x00, 0x00, 0x00, 0x00, 0x00, 0x00, 0x00, 0x00, 0x00, 0x00, 0x00, 0x00, 0x00, 0x00, 0x00,
  0x00, 0x00, 0x00, 0x00, 0x00, 0x00, 0x00, 0x00, 0x00, 0x00, 0x00, 0x00, 0x00, 0x00, 0x00, 0x00,
  0x00, 0x00, 0x00, 0x00, 0x00, 0x00, 0x00, 0x00, 0x00, 0x00, 0x00, 0x00, 0x00, 0x00, 0x00, 0x00,
  0x00, 0x00, 0x00, 0x00, 0x00, 0x00, 0x00, 0x00, 0x00, 0x00, 0x00, 0x00, 0x00, 0x00, 0x00, 0x00,
  0x00, 0x00, 0x00, 0x00, 0x00, 0x00, 0x00, 0x00, 0x00, 0x00, 0x00, 0x00, 0x00, 0x00, 0x00, 0x00,
  0x00, 0x00, 0x00, 0x00, 0x00, 0x00, 0x00, 0x00, 0x00, 0x00, 0x00, 0x00, 0x00, 0x00, 0x00, 0x00,
  0x00, 0x00, 0x00, 0x00, 0x00, 0x00, 0x00, 0x00, 0x00, 0x00, 0x00, 0x00, 0x00, 0x00, 0x00, 0x00,
  0x00, 0x00, 0x00, 0x00, 0x00, 0x00, 0x00, 0x00, 0x00, 0x00, 0x00, 0x00, 0x00, 0x00, 0x00, 0x00,
  0x00, 0x00, 0x00, 0x00, 0x00, 0x00, 0x00, 0x00, 0x00, 0x00, 0x00, 0x00, 0x00, 0x00, 0x00, 0x00,
  0x00, 0x00, 0x00, 0x00, 0x00, 0x00, 0x00, 0x00, 0x00, 0x00, 0x00, 0x00, 0x00, 0x00, 0x00, 0x00,
  0x00, 0x00, 0x00, 0x00, 0x00, 0x00, 0x00, 0x00, 0x00, 0x00, 0x00, 0x00, 0x00, 0x00, 0x00, 0x00,
  0x00, 0x00, 0x00, 0x00, 0x00, 0x00, 0x00, 0x00, 0x00, 0x00, 0x00, 0x00, 0x00, 0x00, 0x00, 0x00,
  0x00, 0x00, 0x00, 0x00, 0x00, 0x00, 0x00, 0x00, 0x00, 0x00, 0x00, 0x00, 0x00, 0x00, 0x00, 0x00,
  0x00, 0x00, 0x00, 0x00, 0x00, 0x00, 0x00, 0x00, 0x00, 0x00, 0x00, 0x00, 0x00, 0x00, 0x00, 0x00,
  0x00, 0x00, 0x00, 0x00, 0x00, 0x00, 0x00, 0x00, 0x00, 0x00, 0x00, 0x00, 0x00, 0x00, 0x00, 0x00,
  0x00, 0x00, 0x00, 0x00, 0x00, 0x00, 0x00, 0x00, 0x00, 0x00, 0x00, 0x00, 0x00, 0x00, 0x00, 0x00,
  0x00, 0x00, 0x00, 0x00, 0x00, 0x00, 0x00, 0x00, 0x00, 0x00, 0x00, 0x00, 0x00, 0x00, 0x00, 0x00,
  0x00, 0x00, 0x00, 0x00, 0x00, 0x00, 0x00, 0x00, 0x00, 0x00, 0x00, 0x00, 0x00, 0x00, 0x00, 0x00,
  0x00, 0x00, 0x00, 0x00, 0x00, 0x00, 0x00, 0x00, 0x00, 0x00, 0x00, 0x00, 0x00, 0x00, 0x00, 0x00,
  0x00, 0x00, 0x00, 0x00, 0x00, 0x00, 0x00, 0x00, 0x00, 0x00, 0x00, 0x00, 0x00, 0x00, 0x00, 0x00,
  0x00, 0x00, 0x00, 0x00, 0x00, 0x00, 0x00, 0x00, 0x00, 0x00, 0x00, 0x00, 0x00, 0x00, 0x00, 0x00,
  0x00, 0x00, 0x00, 0x00, 0x00, 0x00, 0x00, 0x00, 0x00, 0x00, 0x00, 0x00, 0x00, 0x00, 0x00, 0x00,
  0x00, 0x00, 0x00, 0x00, 0x00, 0x00, 0x00, 0x00, 0x00, 0x00, 0x00, 0x00, 0x00, 0x00, 0x00, 0x00,
  0x00, 0x00, 0x00, 0x00, 0x00, 0x00, 0x00, 0x00, 0x00, 0x00, 0x00, 0x00, 0x00, 0x00, 0x00, 0x00,
  0x00, 0x00, 0x00, 0x00, 0x00, 0x00, 0x00, 0x00, 0x00, 0x00, 0x00, 0x00, 0x00, 0x00, 0x00, 0x00,
  0x00, 0x00, 0x00, 0x00, 0x00, 0x00, 0x00, 0x00, 0x00, 0x00, 0x00, 0x00, 0x00, 0x00, 0x00, 0x00,
  0x00, 0x00, 0x00, 0x00, 0x00, 0x00, 0x00, 0x00, 0x00, 0x00, 0x00, 0x00, 0x00, 0x00, 0x00, 0x00,
  0x00, 0x00, 0x00, 0x00, 0x00, 0x00, 0x00, 0x00, 0x00, 0x00, 0x00, 0x00, 0x00, 0x00, 0x00, 0x00,
  0x00, 0x00, 0x00, 0x00, 0x00, 0x00, 0x00, 0x00, 0x00, 0x00, 0x00, 0x00, 0x00, 0x00, 0x00, 0x00,
  0x00, 0x00, 0x00, 0x00, 0x00, 0x00, 0x00, 0x00, 0x00, 0x00, 0x00, 0x00, 0x00, 0x00, 0x00, 0x00,
  0x00, 0x00, 0x00, 0x00, 0x00, 0x00, 0x00, 0x00, 0x00, 0x00, 0x00, 0x00, 0x00, 0x00, 0x00, 0x00,
  0x00, 0x00, 0x00, 0x00, 0x00, 0x00, 0x00, 0x00, 0x00, 0x00, 0x00, 0x00, 0x00, 0x00, 0x00, 0x00,
  0x00, 0x00, 0x00, 0x00, 0x00, 0x00, 0x00, 0x00, 0x00, 0x00, 0x00, 0x00, 0x00, 0x00, 0x00, 0x00,
  0x00, 0x00, 0x00, 0x00, 0x00, 0x00, 0x00, 0x00, 0x00, 0x00, 0x00, 0x00, 0x00, 0x00, 0x00, 0x00,
  0x00, 0x00, 0x00, 0x00, 0x00, 0x00, 0x00, 0x00, 0x00, 0x00, 0x00, 0x00, 0x00, 0x00, 0x00, 0x00,
  0x00, 0x00, 0x00, 0x00, 0x00, 0x00, 0x00, 0x00, 0x00, 0x00, 0x00, 0x00, 0x00, 0x00, 0x00, 0x00,
  0x00, 0x00, 0x00, 0x00, 0x00, 0x00, 0x00, 0x00, 0x00, 0x00, 0x00, 0x00, 0x00, 0x00, 0x00, 0x00,
  0x00, 0x00, 0x00, 0x00, 0x00, 0x00, 0x00, 0x00, 0x00, 0x00, 0x00, 0x00, 0x00, 0x00, 0x00, 0x00,
  0x00, 0x00, 0x00, 0x00, 0x00, 0x00, 0x00, 0x00, 0x00, 0x00, 0x00, 0x00, 0x00, 0x00, 0x00, 0x00,
  0x00, 0x00, 0x00, 0x00, 0x00, 0x00, 0x00, 0x00, 0x00, 0x00, 0x00, 0x00, 0x00, 0x00, 0x00, 0x00,
  0x00, 0x00, 0x00, 0x00, 0x00, 0x00, 0x00, 0x00, 0x00, 0x00, 0x00, 0x00, 0x00, 0x00, 0x00, 0x00,
  0x00, 0x00, 0x00, 0x00, 0x00, 0x00, 0x00, 0x00, 0x00, 0x00, 0x00, 0x00, 0x00, 0x00, 0x00, 0x00,
  0x00, 0x00, 0x00, 0x00, 0x00, 0x00, 0x00, 0x00, 0x00, 0x00, 0x00, 0x00, 0x00, 0x00, 0x00, 0x00,
  0x00, 0x00, 0x00, 0x00, 0x00, 0x00, 0x00, 0x00, 0x00, 0x00, 0x00, 0x00, 0x00, 0x00, 0x00, 0x00,
  0x00, 0x00, 0x00, 0x00, 0x00, 0x00, 0x00, 0x00, 0x00, 0x00, 0x00, 0x00, 0x00, 0x00, 0x00, 0x00,
  0x00, 0x00, 0x00, 0x00, 0x00, 0x00, 0x00, 0x00, 0x00, 0x00, 0x00, 0x00, 0x00, 0x00, 0x00, 0x00,
  0x00, 0x00, 0x00, 0x00, 0x00, 0x00, 0x00, 0x00, 0x00, 0x00, 0x00, 0x00, 0x00, 0x00, 0x00, 0x00,
  0x00, 0x00, 0x00, 0x00, 0x00, 0x00, 0x00, 0x00, 0x00, 0x00, 0x00, 0x00, 0x00, 0x00, 0x00, 0x00,
  0x00, 0x00, 0x00, 0x00, 0x00, 0x00, 0x00, 0x00, 0x00, 0x00, 0x00, 0x00, 0x00, 0x00, 0x00, 0x00,
  0x00, 0x00, 0x00, 0x00, 0x00, 0x00, 0x00, 0x00, 0x00, 0x00, 0x00, 0x00, 0x00, 0x00, 0x00, 0x00,
  0x00, 0x00, 0x00, 0x00, 0x00, 0x00, 0x00, 0x00, 0x00, 0x00, 0x00, 0x00, 0x00, 0x00, 0x00, 0x00,
  0x00, 0x00, 0x00, 0x00, 0x00, 0x00, 0x00, 0x00, 0x00, 0x00, 0x00, 0x00, 0x00, 0x00, 0x00, 0x00,
  0x00, 0x00, 0x00, 0x00, 0x00, 0x00, 0x00, 0x00, 0x00, 0x00, 0x00, 0x00, 0x00, 0x00, 0x00, 0x00,
  0x00, 0x00, 0x00, 0x00, 0x00, 0x00, 0x00, 0x00, 0x00, 0x00, 0x00, 0x00, 0x00, 0x00, 0x00, 0x00,
  0x00, 0x00, 0x00, 0x00, 0x00, 0x00, 0x00, 0x00, 0x00, 0x00, 0x00, 0x00, 0x00, 0x00, 0x00, 0x00,
  0x00, 0x00, 0x00, 0x00, 0x00, 0x00, 0x00, 0x00, 0x00, 0x00, 0x00, 0x00, 0x00, 0x00, 0x00, 0x00,
  0x00, 0x00, 0x00, 0x00, 0x00, 0x00, 0x00, 0x00, 0x00, 0x00, 0x00, 0x00, 0x00, 0x00, 0x00, 0x00,
  0x00, 0x00, 0x00, 0x00, 0x00, 0x00, 0x00, 0x00, 0x00, 0x00, 0x00, 0x00, 0x00, 0x00, 0x00, 0x00,
  0x00, 0x00, 0x00, 0x00, 0x00, 0x00, 0x00, 0x00, 0x00, 0x00, 0x00, 0x00, 0x00, 0x00, 0x00, 0x00,
  0x00, 0x00, 0x00, 0x00, 0x00, 0x00, 0x00, 0x00, 0x00, 0x00, 0x00, 0x00, 0x00, 0x00, 0x00, 0x00,
  0x00, 0x00, 0x00, 0x00, 0x00, 0x00, 0x00, 0x00, 0x00, 0x00, 0x00, 0x00, 0x00, 0x00, 0x00, 0x00,
  0x00, 0x00, 0x00, 0x00, 0x00, 0x00, 0x00, 0x00, 0x00, 0x00, 0x00, 0x00, 0x00, 0x00, 0x00, 0x00,
  0x00, 0x00, 0x00, 0x00, 0x00, 0x00, 0x00, 0x00, 0x00, 0x00, 0x00, 0x00, 0x00, 0x00, 0x00, 0x00,
  0x00, 0x00, 0x00, 0x00, 0x00, 0x00, 0x00, 0x00, 0x00, 0x00, 0x00, 0x00, 0x00, 0x00, 0x00, 0x00,
  0x00, 0x00, 0x00, 0x00, 0x00, 0x00, 0x00, 0x00, 0x00, 0x00, 0x00, 0x00, 0x00, 0x00, 0x00, 0x00,
  0x00, 0x00, 0x00, 0x00, 0x00, 0x00, 0x00, 0x00, 0x00, 0x00, 0x00, 0x00, 0x00, 0x00, 0x00, 0x00,
  0x00, 0x00, 0x00, 0x00, 0x00, 0x00, 0x00, 0x00, 0x00, 0x00, 0x00, 0x00, 0x00, 0x00, 0x00, 0x00,
  0x00, 0x00, 0x00, 0x00, 0x00, 0x00, 0x00, 0x00, 0x00, 0x00, 0x00, 0x00, 0x00, 0x00, 0x00, 0x00,
  0x00, 0x00, 0x00, 0x00, 0x00, 0x00, 0x00, 0x00, 0x00, 0x00, 0x00, 0x00, 0x00, 0x00, 0x00, 0x00,
  0x00, 0x00, 0x00, 0x00, 0x00, 0x00, 0x00, 0x00, 0x00, 0x00, 0x00, 0x00, 0x00, 0x00, 0x00, 0x00,
  0x00, 0x00, 0x00, 0x00, 0x00, 0x00, 0x00, 0x00, 0x00, 0x00, 0x00, 0x00, 0x00, 0x00, 0x00, 0x00,
  0x00, 0x00, 0x00, 0x00, 0x00, 0x00, 0x00, 0x00, 0x00, 0x00, 0x00, 0x00, 0x00, 0x00, 0x00, 0x00,
  0x00, 0x00, 0x00, 0x00, 0x00, 0x00, 0x00, 0x00, 0x00, 0x00, 0x00, 0x00, 0x00, 0x00, 0x00, 0x00,
  0x00, 0x00, 0x00, 0x00, 0x00, 0x00, 0x00, 0x00, 0x00, 0x00, 0x00, 0x00, 0x00, 0x00, 0x00, 0x00,
  0x00, 0x00, 0x00, 0x00, 0x00, 0x00, 0x00, 0x00, 0x00, 0x00, 0x00, 0x00, 0x00, 0x00, 0x00, 0x00,
  0x00, 0x00, 0x00, 0x00, 0x00, 0x00, 0x00, 0x00, 0x00, 0x00, 0x00, 0x00, 0x00, 0x00, 0x00, 0x00,
  0x00, 0xb0, 0x00, 0x00, 0x00, 0x10, 0x00, 0x00, 0x00, 0xa0, 0x08, 0xa0, 0x10, 0xa0, 0x18, 0xa0,
  0x20, 0xa0, 0x28, 0xa0, 0x30, 0xa0, 0x38, 0xa0, 0x40, 0xa0, 0x48, 0xa0, 0x50, 0xa0, 0x58, 0xa0,
  0x60, 0xa0, 0x68, 0xa0, 0x70, 0xa0, 0x78, 0xa0, 0x80, 0xa0, 0x88, 0xa0, 0x90, 0xa0, 0x98, 0xa0,
  0xa0, 0xa0, 0xa8, 0xa0, 0xb0, 0xa0, 0xb8, 0xa0, 0xc0, 0xa0, 0xc8, 0xa0, 0xd0, 0xa0, 0xd8, 0xa0,
  0xe0, 0xa0, 0xf0, 0xa0, 0xf8, 0xa0, 0x00, 0xa1, 0x08, 0xa1, 0x10, 0xa1, 0x18, 0xa1, 0x20, 0xa1,
  0x28, 0xa1, 0x30, 0xa1, 0x38, 0xa1, 0x40, 0xa1, 0x50, 0xa1, 0x58, 0xa1, 0x60, 0xa1, 0x68, 0xa1,
  0x70, 0xa1, 0x78, 0xa1, 0x80, 0xa1, 0x88, 0xa1, 0x90, 0xa1, 0x98, 0xa1, 0xa0, 0xa1, 0xb8, 0xa1,
  0xc0, 0xa1, 0xc8, 0xa1, 0xd0, 0xa1, 0xd8, 0xa1, 0xe0, 0xa1, 0xe8, 0xa1, 0xf0, 0xa1, 0xf8, 0xa1,
  0x00, 0xa2, 0x18, 0xa2, 0x20, 0xa2, 0x28, 0xa2, 0x30, 0xa2, 0x38, 0xa2, 0x40, 0xa2, 0x48, 0xa2,
  0x50, 0xa2, 0x58, 0xa2, 0x60, 0xa2, 0x70, 0xa2, 0x78, 0xa2, 0x80, 0xa2, 0x88, 0xa2, 0x90, 0xa2,
  0x98, 0xa2, 0xa0, 0xa2, 0xa8, 0xa2, 0xb0, 0xa2, 0xc0, 0xa2, 0xd0, 0xa2, 0xd8, 0xa2, 0xe0, 0xa2,
  0xe8, 0xa2, 0xf0, 0xa2, 0xf8, 0xa2, 0x00, 0xa3, 0x08, 0xa3, 0x10, 0xa3, 0x20, 0xa3, 0x38, 0xa3,
  0x40, 0xa3, 0x48, 0xa3, 0x50, 0xa3, 0x58, 0xa3, 0x60, 0xa3, 0x68, 0xa3, 0x70, 0xa3, 0x80, 0xa3,
  0x98, 0xa3, 0xa0, 0xa3, 0xa8, 0xa3, 0xb0, 0xa3, 0xb8, 0xa3, 0xc0, 0xa3, 0xc8, 0xa3, 0xd0, 0xa3,
  0xe0, 0xa3, 0xf8, 0xa3, 0x00, 0xa4, 0x08, 0xa4, 0x10, 0xa4, 0x18, 0xa4, 0x20, 0xa4, 0x28, 0xa4,
  0x30, 0xa4, 0x10, 0xa6, 0x18, 0xa6, 0x20, 0xa6, 0x28, 0xa6, 0x30, 0xa6, 0x38, 0xa6, 0x40, 0xa6,
  0x48, 0xa6, 0x50, 0xa6, 0x58, 0xa6, 0x60, 0xa6, 0x68, 0xa6, 0x70, 0xa6, 0x78, 0xa6, 0x80, 0xa6,
  0x88, 0xa6, 0x90, 0xa6, 0x98, 0xa6, 0xa0, 0xa6, 0xa8, 0xa6, 0xb0, 0xa6, 0xb8, 0xa6, 0xc0, 0xa6,
  0xc8, 0xa6, 0xd0, 0xa6, 0x00, 0x00, 0x00, 0x00, 0x00, 0x00, 0x00, 0x00, 0x00, 0x00, 0x00, 0x00,
  0x00, 0x00, 0x00, 0x00, 0x00, 0x00, 0x00, 0x00, 0x00, 0x00, 0x00, 0x00, 0x00, 0x00, 0x00, 0x00,
  0x00, 0x00, 0x00, 0x00, 0x00, 0x00, 0x00, 0x00, 0x00, 0x00, 0x00, 0x00, 0x00, 0x00, 0x00, 0x00,
  0x00, 0x00, 0x00, 0x00, 0x00, 0x00, 0x00, 0x00, 0x00, 0x00, 0x00, 0x00, 0x00, 0x00, 0x00, 0x00,
  0x00, 0x00, 0x00, 0x00, 0x00, 0x00, 0x00, 0x00, 0x00, 0x00, 0x00, 0x00, 0x00, 0x00, 0x00, 0x00,
  0x00, 0x00, 0x00, 0x00, 0x00, 0x00, 0x00, 0x00, 0x00, 0x00, 0x00, 0x00, 0x00, 0x00, 0x00, 0x00,
  0x00, 0x00, 0x00, 0x00, 0x00, 0x00, 0x00, 0x00, 0x00, 0x00, 0x00, 0x00, 0x00, 0x00, 0x00, 0x00,
  0x00, 0x00, 0x00, 0x00, 0x00, 0x00, 0x00, 0x00, 0x00, 0x00, 0x00, 0x00, 0x00, 0x00, 0x00, 0x00,
  0x00, 0x00, 0x00, 0x00, 0x00, 0x00, 0x00, 0x00, 0x00, 0x00, 0x00, 0x00, 0x00, 0x00, 0x00, 0x00,
  0x00, 0x00, 0x00, 0x00, 0x00, 0x00, 0x00, 0x00, 0x00, 0x00, 0x00, 0x00, 0x00, 0x00, 0x00, 0x00,
  0x00, 0x00, 0x00, 0x00, 0x00, 0x00, 0x00, 0x00, 0x00, 0x00, 0x00, 0x00, 0x00, 0x00, 0x00, 0x00,
  0x00, 0x00, 0x00, 0x00, 0x00, 0x00, 0x00, 0x00, 0x00, 0x00, 0x00, 0x00, 0x00, 0x00, 0x00, 0x00,
  0x00, 0x00, 0x00, 0x00, 0x00, 0x00, 0x00, 0x00, 0x00, 0x00, 0x00, 0x00, 0x00, 0x00, 0x00, 0x00,
  0x00, 0x00, 0x00, 0x00, 0x00, 0x00, 0x00, 0x00, 0x00, 0x00, 0x00, 0x00, 0x00, 0x00, 0x00, 0x00,
  0x00, 0x00, 0x00, 0x00, 0x00, 0x00, 0x00, 0x00, 0x00, 0x00, 0x00, 0x00, 0x00, 0x00, 0x00, 0x00,
  0x00, 0x00, 0x00, 0x00, 0x00, 0x00, 0x00, 0x00, 0x00, 0x00, 0x00, 0x00, 0x00, 0x00, 0x00, 0x00,
  0x00, 0x00, 0x00, 0x00, 0x00, 0x00, 0x00, 0x00, 0x00, 0x00, 0x00, 0x00, 0x00, 0x00, 0x00, 0x00,
  0x00, 0x00, 0x00, 0x00, 0x00, 0x00, 0x00, 0x00, 0x00, 0x00, 0x00, 0x00, 0x00, 0x00, 0x00, 0x00,
  0x00, 0x00, 0x00, 0x00, 0x00, 0x00, 0x00, 0x00, 0x00, 0x00, 0x00, 0x00, 0x00, 0x00, 0x00, 0x00,
  0x00, 0x00, 0x00, 0x00, 0x00, 0x00, 0x00, 0x00, 0x00, 0x00, 0x00, 0x00, 0x00, 0x00, 0x00, 0x00,
  0x00, 0x00, 0x00, 0x00, 0x00, 0x00, 0x00, 0x00, 0x00, 0x00, 0x00, 0x00, 0x00, 0x00, 0x00, 0x00,
  0x00, 0x00, 0x00, 0x00, 0x00, 0x00, 0x00, 0x00, 0x00, 0x00, 0x00, 0x00, 0x00, 0x00, 0x00, 0x00,
  0x00, 0x00, 0x00, 0x00, 0x00, 0x00, 0x00, 0x00, 0x00, 0x00, 0x00, 0x00, 0x00, 0x00, 0x00, 0x00,
  0x00, 0x00, 0x00, 0x00, 0x00, 0x00, 0x00, 0x00, 0x00, 0x00, 0x00, 0x00, 0x00, 0x00, 0x00, 0x00,
  0x00, 0x00, 0x00, 0x00, 0x00, 0x00, 0x00, 0x00, 0x00, 0x00, 0x00, 0x00, 0x00, 0x00, 0x00, 0x00,
  0x00, 0x00, 0x00, 0x00, 0x00, 0x00, 0x00, 0x00, 0x00, 0x00, 0x00, 0x00, 0x00, 0x00, 0x00, 0x00,
  0x00, 0x00, 0x00, 0x00, 0x00, 0x00, 0x00, 0x00, 0x00, 0x00, 0x00, 0x00, 0x00, 0x00, 0x00, 0x00,
  0x00, 0x00, 0x00, 0x00, 0x00, 0x00, 0x00, 0x00, 0x00, 0x00, 0x00, 0x00, 0x00, 0x00, 0x00, 0x00,
  0x00, 0x00, 0x00, 0x00, 0x00, 0x00, 0x00, 0x00, 0x00, 0x00, 0x00, 0x00, 0x00, 0x00, 0x00, 0x00,
  0x00, 0x00, 0x00, 0x00, 0x00, 0x00, 0x00, 0x00, 0x00, 0x00, 0x00, 0x00, 0x00, 0x00, 0x00, 0x00,
  0x00, 0x00, 0x00, 0x00, 0x00, 0x00, 0x00, 0x00, 0x00, 0x00, 0x00, 0x00, 0x00, 0x00, 0x00, 0x00,
  0x00, 0x00, 0x00, 0x00, 0x00, 0x00, 0x00, 0x00, 0x00, 0x00, 0x00, 0x00, 0x00, 0x00, 0x00, 0x00,
  0x00, 0x00, 0x00, 0x00, 0x00, 0x00, 0x00, 0x00, 0x00, 0x00, 0x00, 0x00, 0x00, 0x00, 0x00, 0x00,
  0x00, 0x00, 0x00, 0x00, 0x00, 0x00, 0x00, 0x00, 0x00, 0x00, 0x00, 0x00, 0x00, 0x00, 0x00, 0x00,
  0x00, 0x00, 0x00, 0x00, 0x00, 0x00, 0x00, 0x00, 0x00, 0x00, 0x00, 0x00, 0x00, 0x00, 0x00, 0x00,
  0x00, 0x00, 0x00, 0x00, 0x00, 0x00, 0x00, 0x00, 0x00, 0x00, 0x00, 0x00, 0x00, 0x00, 0x00, 0x00,
  0x00, 0x00, 0x00, 0x00, 0x00, 0x00, 0x00, 0x00, 0x00, 0x00, 0x00, 0x00, 0x00, 0x00, 0x00, 0x00,
  0x00, 0x00, 0x00, 0x00, 0x00, 0x00, 0x00, 0x00, 0x00, 0x00, 0x00, 0x00, 0x00, 0x00, 0x00, 0x00,
  0x00, 0x00, 0x00, 0x00, 0x00, 0x00, 0x00, 0x00, 0x00, 0x00, 0x00, 0x00, 0x00, 0x00, 0x00, 0x00,
  0x00, 0x00, 0x00, 0x00, 0x00, 0x00, 0x00, 0x00, 0x00, 0x00, 0x00, 0x00, 0x00, 0x00, 0x00, 0x00,
  0x00, 0x00, 0x00, 0x00, 0x00, 0x00, 0x00, 0x00, 0x00, 0x00, 0x00, 0x00, 0x00, 0x00, 0x00, 0x00,
  0x00, 0x00, 0x00, 0x00, 0x00, 0x00, 0x00, 0x00, 0x00, 0x00, 0x00, 0x00, 0x00, 0x00, 0x00, 0x00,
  0x00, 0x00, 0x00, 0x00, 0x00, 0x00, 0x00, 0x00, 0x00, 0x00, 0x00, 0x00, 0x00, 0x00, 0x00, 0x00,
  0x00, 0x00, 0x00, 0x00, 0x00, 0x00, 0x00, 0x00, 0x00, 0x00, 0x00, 0x00, 0x00, 0x00, 0x00, 0x00,
  0x00, 0x00, 0x00, 0x00, 0x00, 0x00, 0x00, 0x00, 0x00, 0x00, 0x00, 0x00, 0x00, 0x00, 0x00, 0x00,
  0x00, 0x00, 0x00, 0x00, 0x00, 0x00, 0x00, 0x00, 0x00, 0x00, 0x00, 0x00, 0x00, 0x00, 0x00, 0x00,
  0x00, 0x00, 0x00, 0x00, 0x00, 0x00, 0x00, 0x00, 0x00, 0x00, 0x00, 0x00, 0x00, 0x00, 0x00, 0x00,
  0x00, 0x00, 0x00, 0x00, 0x00, 0x00, 0x00, 0x00, 0x00, 0x00, 0x00, 0x00, 0x00, 0x00, 0x00, 0x00,
  0x00, 0x00, 0x00, 0x00, 0x00, 0x00, 0x00, 0x00, 0x00, 0x00, 0x00, 0x00, 0x00, 0x00, 0x00, 0x00,
  0x00, 0x00, 0x00, 0x00, 0x00, 0x00, 0x00, 0x00, 0x00, 0x00, 0x00, 0x00, 0x00, 0x00, 0x00, 0x00,
  0x00, 0x00, 0x00, 0x00, 0x00, 0x00, 0x00, 0x00, 0x00, 0x00, 0x00, 0x00, 0x00, 0x00, 0x00, 0x00,
  0x00, 0x00, 0x00, 0x00, 0x00, 0x00, 0x00, 0x00, 0x00, 0x00, 0x00, 0x00, 0x00, 0x00, 0x00, 0x00,
  0x00, 0x00, 0x00, 0x00, 0x00, 0x00, 0x00, 0x00, 0x00, 0x00, 0x00, 0x00, 0x00, 0x00, 0x00, 0x00,
  0x00, 0x00, 0x00, 0x00, 0x00, 0x00, 0x00, 0x00, 0x00, 0x00, 0x00, 0x00, 0x00, 0x00, 0x00, 0x00,
  0x00, 0x00, 0x00, 0x00, 0x00, 0x00, 0x00, 0x00, 0x00, 0x00, 0x00, 0x00, 0x00, 0x00, 0x00, 0x00,
  0x00, 0x00, 0x00, 0x00, 0x00, 0x00, 0x00, 0x00, 0x00, 0x00, 0x00, 0x00, 0x00, 0x00, 0x00, 0x00,
  0x00, 0x00, 0x00, 0x00, 0x00, 0x00, 0x00, 0x00, 0x00, 0x00, 0x00, 0x00, 0x00, 0x00, 0x00, 0x00,
  0x00, 0x00, 0x00, 0x00, 0x00, 0x00, 0x00, 0x00, 0x00, 0x00, 0x00, 0x00, 0x00, 0x00, 0x00, 0x00,
  0x00, 0x00, 0x00, 0x00, 0x00, 0x00, 0x00, 0x00, 0x00, 0x00, 0x00, 0x00, 0x00, 0x00, 0x00, 0x00,
  0x00, 0x00, 0x00, 0x00, 0x00, 0x00, 0x00, 0x00, 0x00, 0x00, 0x00, 0x00, 0x00, 0x00, 0x00, 0x00,
  0x00, 0x00, 0x00, 0x00, 0x00, 0x00, 0x00, 0x00, 0x00, 0x00, 0x00, 0x00, 0x00, 0x00, 0x00, 0x00,
  0x00, 0x00, 0x00, 0x00, 0x00, 0x00, 0x00, 0x00, 0x00, 0x00, 0x00, 0x00, 0x00, 0x00, 0x00, 0x00,
  0x00, 0x00, 0x00, 0x00, 0x00, 0x00, 0x00, 0x00, 0x00, 0x00, 0x00, 0x00, 0x00, 0x00, 0x00, 0x00,
  0x00, 0x00, 0x00, 0x00, 0x00, 0x00, 0x00, 0x00, 0x00, 0x00, 0x00, 0x00, 0x00, 0x00, 0x00, 0x00,
  0x00, 0x00, 0x00, 0x00, 0x00, 0x00, 0x00, 0x00, 0x00, 0x00, 0x00, 0x00, 0x00, 0x00, 0x00, 0x00,
  0x00, 0x00, 0x00, 0x00, 0x00, 0x00, 0x00, 0x00, 0x00, 0x00, 0x00, 0x00, 0x00, 0x00, 0x00, 0x00,
  0x00, 0x00, 0x00, 0x00, 0x00, 0x00, 0x00, 0x00, 0x00, 0x00, 0x00, 0x00, 0x00, 0x00, 0x00, 0x00,
  0x00, 0x00, 0x00, 0x00, 0x00, 0x00, 0x00, 0x00, 0x00, 0x00, 0x00, 0x00, 0x00, 0x00, 0x00, 0x00,
  0x00, 0x00, 0x00, 0x00, 0x00, 0x00, 0x00, 0x00, 0x00, 0x00, 0x00, 0x00, 0x00, 0x00, 0x00, 0x00,
  0x00, 0x00, 0x00, 0x00, 0x00, 0x00, 0x00, 0x00, 0x00, 0x00, 0x00, 0x00, 0x00, 0x00, 0x00, 0x00,
  0x00, 0x00, 0x00, 0x00, 0x00, 0x00, 0x00, 0x00, 0x00, 0x00, 0x00, 0x00, 0x00, 0x00, 0x00, 0x00,
  0x00, 0x00, 0x00, 0x00, 0x00, 0x00, 0x00, 0x00, 0x00, 0x00, 0x00, 0x00, 0x00, 0x00, 0x00, 0x00,
  0x00, 0x00, 0x00, 0x00, 0x00, 0x00, 0x00, 0x00, 0x00, 0x00, 0x00, 0x00, 0x00, 0x00, 0x00, 0x00,
  0x00, 0x00, 0x00, 0x00, 0x00, 0x00, 0x00, 0x00, 0x00, 0x00, 0x00, 0x00, 0x00, 0x00, 0x00, 0x00,
  0x00, 0x00, 0x00, 0x00, 0x00, 0x00, 0x00, 0x00, 0x00, 0x00, 0x00, 0x00, 0x00, 0x00, 0x00, 0x00,
  0x00, 0x00, 0x00, 0x00, 0x00, 0x00, 0x00, 0x00, 0x00, 0x00, 0x00, 0x00, 0x00, 0x00, 0x00, 0x00,
  0x00, 0x00, 0x00, 0x00, 0x00, 0x00, 0x00, 0x00, 0x00, 0x00, 0x00, 0x00, 0x00, 0x00, 0x00, 0x00,
  0x00, 0x00, 0x00, 0x00, 0x00, 0x00, 0x00, 0x00, 0x00, 0x00, 0x00, 0x00, 0x00, 0x00, 0x00, 0x00,
  0x00, 0x00, 0x00, 0x00, 0x00, 0x00, 0x00, 0x00, 0x00, 0x00, 0x00, 0x00, 0x00, 0x00, 0x00, 0x00,
  0x00, 0x00, 0x00, 0x00, 0x00, 0x00, 0x00, 0x00, 0x00, 0x00, 0x00, 0x00, 0x00, 0x00, 0x00, 0x00,
  0x00, 0x00, 0x00, 0x00, 0x00, 0x00, 0x00, 0x00, 0x00, 0x00, 0x00, 0x00, 0x00, 0x00, 0x00, 0x00,
  0x00, 0x00, 0x00, 0x00, 0x00, 0x00, 0x00, 0x00, 0x00, 0x00, 0x00, 0x00, 0x00, 0x00, 0x00, 0x00,
  0x00, 0x00, 0x00, 0x00, 0x00, 0x00, 0x00, 0x00, 0x00, 0x00, 0x00, 0x00, 0x00, 0x00, 0x00, 0x00,
  0x00, 0x00, 0x00, 0x00, 0x00, 0x00, 0x00, 0x00, 0x00, 0x00, 0x00, 0x00, 0x00, 0x00, 0x00, 0x00,
  0x00, 0x00, 0x00, 0x00, 0x00, 0x00, 0x00, 0x00, 0x00, 0x00, 0x00, 0x00, 0x00, 0x00, 0x00, 0x00,
  0x00, 0x00, 0x00, 0x00, 0x00, 0x00, 0x00, 0x00, 0x00, 0x00, 0x00, 0x00, 0x00, 0x00, 0x00, 0x00,
  0x00, 0x00, 0x00, 0x00, 0x00, 0x00, 0x00, 0x00, 0x00, 0x00, 0x00, 0x00, 0x00, 0x00, 0x00, 0x00,
  0x00, 0x00, 0x00, 0x00, 0x00, 0x00, 0x00, 0x00, 0x00, 0x00, 0x00, 0x00, 0x00, 0x00, 0x00, 0x00,
  0x00, 0x00, 0x00, 0x00, 0x00, 0x00, 0x00, 0x00, 0x00, 0x00, 0x00, 0x00, 0x00, 0x00, 0x00, 0x00,
  0x00, 0x00, 0x00, 0x00, 0x00, 0x00, 0x00, 0x00, 0x00, 0x00, 0x00, 0x00, 0x00, 0x00, 0x00, 0x00,
  0x00, 0x00, 0x00, 0x00, 0x00, 0x00, 0x00, 0x00, 0x00, 0x00, 0x00, 0x00, 0x00, 0x00, 0x00, 0x00,
  0x00, 0x00, 0x00, 0x00, 0x00, 0x00, 0x00, 0x00, 0x00, 0x00, 0x00, 0x00, 0x00, 0x00, 0x00, 0x00,
  0x00, 0x00, 0x00, 0x00, 0x00, 0x00, 0x00, 0x00, 0x00, 0x00, 0x00, 0x00, 0x00, 0x00, 0x00, 0x00,
  0x00, 0x00, 0x00, 0x00, 0x00, 0x00, 0x00, 0x00, 0x00, 0x00, 0x00, 0x00, 0x00, 0x00, 0x00, 0x00,
  0x00, 0x00, 0x00, 0x00, 0x00, 0x00, 0x00, 0x00, 0x00, 0x00, 0x00, 0x00, 0x00, 0x00, 0x00, 0x00,
  0x00, 0x00, 0x00, 0x00, 0x00, 0x00, 0x00, 0x00, 0x00, 0x00, 0x00, 0x00, 0x00, 0x00, 0x00, 0x00,
  0x00, 0x00, 0x00, 0x00, 0x00, 0x00, 0x00, 0x00, 0x00, 0x00, 0x00, 0x00, 0x00, 0x00, 0x00, 0x00,
  0x00, 0x00, 0x00, 0x00, 0x00, 0x00, 0x00, 0x00, 0x00, 0x00, 0x00, 0x00, 0x00, 0x00, 0x00, 0x00,
  0x00, 0x00, 0x00, 0x00, 0x00, 0x00, 0x00, 0x00, 0x00, 0x00, 0x00, 0x00, 0x00, 0x00, 0x00, 0x00,
  0x00, 0x00, 0x00, 0x00, 0x00, 0x00, 0x00, 0x00, 0x00, 0x00, 0x00, 0x00, 0x00, 0x00, 0x00, 0x00,
  0x00, 0x00, 0x00, 0x00, 0x00, 0x00, 0x00, 0x00, 0x00, 0x00, 0x00, 0x00, 0x00, 0x00, 0x00, 0x00,
  0x00, 0x00, 0x00, 0x00, 0x00, 0x00, 0x00, 0x00, 0x00, 0x00, 0x00, 0x00, 0x00, 0x00, 0x00, 0x00,
  0x00, 0x00, 0x00, 0x00, 0x00, 0x00, 0x00, 0x00, 0x00, 0x00, 0x00, 0x00, 0x00, 0x00, 0x00, 0x00,
  0x00, 0x00, 0x00, 0x00, 0x00, 0x00, 0x00, 0x00, 0x00, 0x00, 0x00, 0x00, 0x00, 0x00, 0x00, 0x00,
  0x00, 0x00, 0x00, 0x00, 0x00, 0x00, 0x00, 0x00, 0x00, 0x00, 0x00, 0x00, 0x00, 0x00, 0x00, 0x00,
  0x00, 0x00, 0x00, 0x00, 0x00, 0x00, 0x00, 0x00, 0x00, 0x00, 0x00, 0x00, 0x00, 0x00, 0x00, 0x00,
  0x00, 0x00, 0x00, 0x00, 0x00, 0x00, 0x00, 0x00, 0x00, 0x00, 0x00, 0x00, 0x00, 0x00, 0x00, 0x00,
  0x00, 0x00, 0x00, 0x00, 0x00, 0x00, 0x00, 0x00, 0x00, 0x00, 0x00, 0x00, 0x00, 0x00, 0x00, 0x00,
  0x00, 0x00, 0x00, 0x00, 0x00, 0x00, 0x00, 0x00, 0x00, 0x00, 0x00, 0x00, 0x00, 0x00, 0x00, 0x00,
  0x00, 0x00, 0x00, 0x00, 0x00, 0x00, 0x00, 0x00, 0x00, 0x00, 0x00, 0x00, 0x00, 0x00, 0x00, 0x00,
  0x00, 0x00, 0x00, 0x00, 0x00, 0x00, 0x00, 0x00, 0x00, 0x00, 0x00, 0x00, 0x00, 0x00, 0x00, 0x00,
  0x00, 0x00, 0x00, 0x00, 0x00, 0x00, 0x00, 0x00, 0x00, 0x00, 0x00, 0x00, 0x00, 0x00, 0x00, 0x00,
  0x00, 0x00, 0x00, 0x00, 0x00, 0x00, 0x00, 0x00, 0x00, 0x00, 0x00, 0x00, 0x00, 0x00, 0x00, 0x00,
  0x00, 0x00, 0x00, 0x00, 0x00, 0x00, 0x00, 0x00, 0x00, 0x00, 0x00, 0x00, 0x00, 0x00, 0x00, 0x00,
  0x00, 0x00, 0x00, 0x00, 0x00, 0x00, 0x00, 0x00, 0x00, 0x00, 0x00, 0x00, 0x00, 0x00, 0x00, 0x00,
  0x00, 0x00, 0x00, 0x00, 0x00, 0x00, 0x00, 0x00, 0x00, 0x00, 0x00, 0x00, 0x00, 0x00, 0x00, 0x00,
  0x00, 0x00, 0x00, 0x00, 0x00, 0x00, 0x00, 0x00, 0x00, 0x00, 0x00, 0x00, 0x00, 0x00, 0x00, 0x00,
  0x00, 0x00, 0x00, 0x00, 0x00, 0x00, 0x00, 0x00, 0x00, 0x00, 0x00, 0x00, 0x00, 0x00, 0x00, 0x00,
  0x00, 0x00, 0x00, 0x00, 0x00, 0x00, 0x00, 0x00, 0x00, 0x00, 0x00, 0x00, 0x00, 0x00, 0x00, 0x00,
  0x00, 0x00, 0x00, 0x00, 0x00, 0x00, 0x00, 0x00, 0x00, 0x00, 0x00, 0x00, 0x00, 0x00, 0x00, 0x00,
  0x00, 0x00, 0x00, 0x00, 0x00, 0x00, 0x00, 0x00, 0x00, 0x00, 0x00, 0x00, 0x00, 0x00, 0x00, 0x00,
  0x00, 0x00, 0x00, 0x00, 0x00, 0x00, 0x00, 0x00, 0x00, 0x00, 0x00, 0x00, 0x00, 0x00, 0x00, 0x00,
  0x00, 0x00, 0x00, 0x00, 0x00, 0x00, 0x00, 0x00, 0x00, 0x00, 0x00, 0x00, 0x00, 0x00, 0x00, 0x00,
  0x00, 0x00, 0x00, 0x00, 0x00, 0x00, 0x00, 0x00, 0x00, 0x00, 0x00, 0x00, 0x00, 0x00, 0x00, 0x00,
  0x00, 0x00, 0x00, 0x00, 0x00, 0x00, 0x00, 0x00, 0x00, 0x00, 0x00, 0x00, 0x00, 0x00, 0x00, 0x00,
  0x00, 0x00, 0x00, 0x00, 0x00, 0x00, 0x00, 0x00, 0x00, 0x00, 0x00, 0x00, 0x00, 0x00, 0x00, 0x00,
  0x00, 0x00, 0x00, 0x00, 0x00, 0x00, 0x00, 0x00, 0x00, 0x00, 0x00, 0x00, 0x00, 0x00, 0x00, 0x00,
  0x00, 0x00, 0x00, 0x00, 0x00, 0x00, 0x00, 0x00, 0x00, 0x00, 0x00, 0x00, 0x00, 0x00, 0x00, 0x00,
  0x00, 0x00, 0x00, 0x00, 0x00, 0x00, 0x00, 0x00, 0x00, 0x00, 0x00, 0x00, 0x00, 0x00, 0x00, 0x00,
  0x00, 0x00, 0x00, 0x00, 0x00, 0x00, 0x00, 0x00, 0x00, 0x00, 0x00, 0x00, 0x00, 0x00, 0x00, 0x00,
  0x00, 0x00, 0x00, 0x00, 0x00, 0x00, 0x00, 0x00, 0x00, 0x00, 0x00, 0x00, 0x00, 0x00, 0x00, 0x00,
  0x00, 0x00, 0x00, 0x00, 0x00, 0x00, 0x00, 0x00, 0x00, 0x00, 0x00, 0x00, 0x00, 0x00, 0x00, 0x00,
  0x00, 0x00, 0x00, 0x00, 0x00, 0x00, 0x00, 0x00, 0x00, 0x00, 0x00, 0x00, 0x00, 0x00, 0x00, 0x00,
  0x00, 0x00, 0x00, 0x00, 0x00, 0x00, 0x00, 0x00, 0x00, 0x00, 0x00, 0x00, 0x00, 0x00, 0x00, 0x00,
  0x00, 0x00, 0x00, 0x00, 0x00, 0x00, 0x00, 0x00, 0x00, 0x00, 0x00, 0x00, 0x00, 0x00, 0x00, 0x00,
  0x00, 0x00, 0x00, 0x00, 0x00, 0x00, 0x00, 0x00, 0x00, 0x00, 0x00, 0x00, 0x00, 0x00, 0x00, 0x00,
  0x00, 0x00, 0x00, 0x00, 0x00, 0x00, 0x00, 0x00, 0x00, 0x00, 0x00, 0x00, 0x00, 0x00, 0x00, 0x00,
  0x00, 0x00, 0x00, 0x00, 0x00, 0x00, 0x00, 0x00, 0x00, 0x00, 0x00, 0x00, 0x00, 0x00, 0x00, 0x00,
  0x00, 0x00, 0x00, 0x00, 0x00, 0x00, 0x00, 0x00, 0x00, 0x00, 0x00, 0x00, 0x00, 0x00, 0x00, 0x00,
  0x00, 0x00, 0x00, 0x00, 0x00, 0x00, 0x00, 0x00, 0x00, 0x00, 0x00, 0x00, 0x00, 0x00, 0x00, 0x00,
  0x00, 0x00, 0x00, 0x00, 0x00, 0x00, 0x00, 0x00, 0x00, 0x00, 0x00, 0x00, 0x00, 0x00, 0x00, 0x00,
  0x00, 0x00, 0x00, 0x00, 0x00, 0x00, 0x00, 0x00, 0x00, 0x00, 0x00, 0x00, 0x00, 0x00, 0x00, 0x00,
  0x00, 0x00, 0x00, 0x00, 0x00, 0x00, 0x00, 0x00, 0x00, 0x00, 0x00, 0x00, 0x00, 0x00, 0x00, 0x00,
  0x00, 0x00, 0x00, 0x00, 0x00, 0x00, 0x00, 0x00, 0x00, 0x00, 0x00, 0x00, 0x00, 0x00, 0x00, 0x00,
  0x00, 0x00, 0x00, 0x00, 0x00, 0x00, 0x00, 0x00, 0x00, 0x00, 0x00, 0x00, 0x00, 0x00, 0x00, 0x00,
  0x00, 0x00, 0x00, 0x00, 0x00, 0x00, 0x00, 0x00, 0x00, 0x00, 0x00, 0x00, 0x00, 0x00, 0x00, 0x00,
  0x00, 0x00, 0x00, 0x00, 0x00, 0x00, 0x00, 0x00, 0x00, 0x00, 0x00, 0x00, 0x00, 0x00, 0x00, 0x00,
  0x00, 0x00, 0x00, 0x00, 0x00, 0x00, 0x00, 0x00, 0x00, 0x00, 0x00, 0x00, 0x00, 0x00, 0x00, 0x00,
  0x00, 0x00, 0x00, 0x00, 0x00, 0x00, 0x00, 0x00, 0x00, 0x00, 0x00, 0x00, 0x00, 0x00, 0x00, 0x00,
  0x00, 0x00, 0x00, 0x00, 0x00, 0x00, 0x00, 0x00, 0x00, 0x00, 0x00, 0x00, 0x00, 0x00, 0x00, 0x00,
  0x00, 0x00, 0x00, 0x00, 0x00, 0x00, 0x00, 0x00, 0x00, 0x00, 0x00, 0x00, 0x00, 0x00, 0x00, 0x00,
  0x00, 0x00, 0x00, 0x00, 0x00, 0x00, 0x00, 0x00, 0x00, 0x00, 0x00, 0x00, 0x00, 0x00, 0x00, 0x00,
  0x00, 0x00, 0x00, 0x00, 0x00, 0x00, 0x00, 0x00, 0x00, 0x00, 0x00, 0x00, 0x00, 0x00, 0x00, 0x00,
  0x00, 0x00, 0x00, 0x00, 0x00, 0x00, 0x00, 0x00, 0x00, 0x00, 0x00, 0x00, 0x00, 0x00, 0x00, 0x00,
  0x00, 0x00, 0x00, 0x00, 0x00, 0x00, 0x00, 0x00, 0x00, 0x00, 0x00, 0x00, 0x00, 0x00, 0x00, 0x00,
  0x00, 0x00, 0x00, 0x00, 0x00, 0x00, 0x00, 0x00, 0x00, 0x00, 0x00, 0x00, 0x00, 0x00, 0x00, 0x00,
  0x00, 0x00, 0x00, 0x00, 0x00, 0x00, 0x00, 0x00, 0x00, 0x00, 0x00, 0x00, 0x00, 0x00, 0x00, 0x00,
  0x00, 0x00, 0x00, 0x00, 0x00, 0x00, 0x00, 0x00, 0x00, 0x00, 0x00, 0x00, 0x00, 0x00, 0x00, 0x00,
  0x00, 0x00, 0x00, 0x00, 0x00, 0x00, 0x00, 0x00, 0x00, 0x00, 0x00, 0x00, 0x00, 0x00, 0x00, 0x00,
  0x00, 0x00, 0x00, 0x00, 0x00, 0x00, 0x00, 0x00, 0x00, 0x00, 0x00, 0x00, 0x00, 0x00, 0x00, 0x00,
  0x00, 0x00, 0x00, 0x00, 0x00, 0x00, 0x00, 0x00, 0x00, 0x00, 0x00, 0x00, 0x00, 0x00, 0x00, 0x00,
  0x00, 0x00, 0x00, 0x00, 0x00, 0x00, 0x00, 0x00, 0x00, 0x00, 0x00, 0x00, 0x00, 0x00, 0x00, 0x00,
  0x00, 0x00, 0x00, 0x00, 0x00, 0x00, 0x00, 0x00, 0x00, 0x00, 0x00, 0x00, 0x00, 0x00, 0x00, 0x00,
  0x00, 0x00, 0x00, 0x00, 0x00, 0x00, 0x00, 0x00, 0x00, 0x00, 0x00, 0x00, 0x00, 0x00, 0x00, 0x00,
  0x00, 0x00, 0x00, 0x00, 0x00, 0x00, 0x00, 0x00, 0x00, 0x00, 0x00, 0x00, 0x00, 0x00, 0x00, 0x00,
  0x00, 0x00, 0x00, 0x00, 0x00, 0x00, 0x00, 0x00, 0x00, 0x00, 0x00, 0x00, 0x00, 0x00, 0x00, 0x00,
  0x00, 0x00, 0x00, 0x00, 0x00, 0x00, 0x00, 0x00, 0x00, 0x00, 0x00, 0x00, 0x00, 0x00, 0x00, 0x00,
  0x00, 0x00, 0x00, 0x00, 0x00, 0x00, 0x00, 0x00, 0x00, 0x00, 0x00, 0x00, 0x00, 0x00, 0x00, 0x00,
  0x00, 0x00, 0x00, 0x00, 0x00, 0x00, 0x00, 0x00, 0x00, 0x00, 0x00, 0x00, 0x00, 0x00, 0x00, 0x00,
  0x00, 0x00, 0x00, 0x00, 0x00, 0x00, 0x00, 0x00, 0x00, 0x00, 0x00, 0x00, 0x00, 0x00, 0x00, 0x00,
  0x00, 0x00, 0x00, 0x00, 0x00, 0x00, 0x00, 0x00, 0x00, 0x00, 0x00, 0x00, 0x00, 0x00, 0x00, 0x00,
  0x00, 0x00, 0x00, 0x00, 0x00, 0x00, 0x00, 0x00, 0x00, 0x00, 0x00, 0x00, 0x00, 0x00, 0x00, 0x00,
  0x00, 0x00, 0x00, 0x00, 0x00, 0x00, 0x00, 0x00, 0x00, 0x00, 0x00, 0x00, 0x00, 0x00, 0x00, 0x00,
  0x00, 0x00, 0x00, 0x00, 0x00, 0x00, 0x00, 0x00, 0x00, 0x00, 0x00, 0x00, 0x00, 0x00, 0x00, 0x00,
  0x00, 0x00, 0x00, 0x00, 0x00, 0x00, 0x00, 0x00, 0x00, 0x00, 0x00, 0x00, 0x00, 0x00, 0x00, 0x00,
  0x00, 0x00, 0x00, 0x00, 0x00, 0x00, 0x00, 0x00, 0x00, 0x00, 0x00, 0x00, 0x00, 0x00, 0x00, 0x00,
  0x00, 0x00, 0x00, 0x00, 0x00, 0x00, 0x00, 0x00, 0x00, 0x00, 0x00, 0x00, 0x00, 0x00, 0x00, 0x00,
  0x00, 0x00, 0x00, 0x00, 0x00, 0x00, 0x00, 0x00, 0x00, 0x00, 0x00, 0x00, 0x00, 0x00, 0x00, 0x00,
  0x00, 0x00, 0x00, 0x00, 0x00, 0x00, 0x00, 0x00, 0x00, 0x00, 0x00, 0x00, 0x00, 0x00, 0x00, 0x00,
  0x00, 0x00, 0x00, 0x00, 0x00, 0x00, 0x00, 0x00, 0x00, 0x00, 0x00, 0x00, 0x00, 0x00, 0x00, 0x00,
  0x00, 0x00, 0x00, 0x00, 0x00, 0x00, 0x00, 0x00, 0x00, 0x00, 0x00, 0x00, 0x00, 0x00, 0x00, 0x00,
  0x00, 0x00, 0x00, 0x00, 0x00, 0x00, 0x00, 0x00, 0x00, 0x00, 0x00, 0x00, 0x00, 0x00, 0x00, 0x00,
  0x00, 0x00, 0x00, 0x00, 0x00, 0x00, 0x00, 0x00, 0x00, 0x00, 0x00, 0x00, 0x00, 0x00, 0x00, 0x00,
  0x00, 0x00, 0x00, 0x00, 0x00, 0x00, 0x00, 0x00, 0x00, 0x00, 0x00, 0x00, 0x00, 0x00, 0x00, 0x00,
  0x00, 0x00, 0x00, 0x00, 0x00, 0x00, 0x00, 0x00, 0x00, 0x00, 0x00, 0x00, 0x00, 0x00, 0x00, 0x00,
  0x00, 0x00, 0x00, 0x00, 0x00, 0x00, 0x00, 0x00, 0x00, 0x00, 0x00, 0x00, 0x00, 0x00, 0x00, 0x00,
  0x00, 0x00, 0x00, 0x00, 0x00, 0x00, 0x00, 0x00, 0x00, 0x00, 0x00, 0x00, 0x00, 0x00, 0x00, 0x00,
  0x00, 0x00, 0x00, 0x00, 0x00, 0x00, 0x00, 0x00, 0x00, 0x00, 0x00, 0x00, 0x00, 0x00, 0x00, 0x00,
  0x00, 0x00, 0x00, 0x00, 0x00, 0x00, 0x00, 0x00, 0x00, 0x00, 0x00, 0x00, 0x00, 0x00, 0x00, 0x00,
  0x00, 0x00, 0x00, 0x00, 0x00, 0x00, 0x00, 0x00, 0x00, 0x00, 0x00, 0x00, 0x00, 0x00, 0x00, 0x00,
  0x00, 0x00, 0x00, 0x00, 0x00, 0x00, 0x00, 0x00, 0x00, 0x00, 0x00, 0x00, 0x00, 0x00, 0x00, 0x00,
  0x00, 0x00, 0x00, 0x00, 0x00, 0x00, 0x00, 0x00, 0x00, 0x00, 0x00, 0x00, 0x00, 0x00, 0x00, 0x00,
  0x00, 0x00, 0x00, 0x00, 0x00, 0x00, 0x00, 0x00, 0x00, 0x00, 0x00, 0x00, 0x00, 0x00, 0x00, 0x00,
  0x00, 0x00, 0x00, 0x00, 0x00, 0x00, 0x00, 0x00, 0x00, 0x00, 0x00, 0x00, 0x00, 0x00, 0x00, 0x00,
  0x00, 0x00, 0x00, 0x00, 0x00, 0x00, 0x00, 0x00, 0x00, 0x00, 0x00, 0x00, 0x00, 0x00, 0x00, 0x00,
  0x00, 0x00, 0x00, 0x00, 0x00, 0x00, 0x00, 0x00, 0x00, 0x00, 0x00, 0x00, 0x00, 0x00, 0x00, 0x00,
  0x00, 0x00, 0x00, 0x00, 0x00, 0x00, 0x00, 0x00, 0x00, 0x00, 0x00, 0x00, 0x00, 0x00, 0x00, 0x00,
  0x00, 0x00, 0x00, 0x00, 0x00, 0x00, 0x00, 0x00, 0x00, 0x00, 0x00, 0x00, 0x00, 0x00, 0x00, 0x00,
  0x00, 0x00, 0x00, 0x00, 0x00, 0x00, 0x00, 0x00, 0x00, 0x00, 0x00, 0x00, 0x00, 0x00, 0x00, 0x00,
  0x00, 0x00, 0x00, 0x00, 0x00, 0x00, 0x00, 0x00, 0x00, 0x00, 0x00, 0x00, 0x00, 0x00, 0x00, 0x00,
  0x00, 0x00, 0x00, 0x00, 0x00, 0x00, 0x00, 0x00, 0x00, 0x00, 0x00, 0x00, 0x00, 0x00, 0x00, 0x00,
  0x00, 0x00, 0x00, 0x00, 0x00, 0x00, 0x00, 0x00, 0x00, 0x00, 0x00, 0x00, 0x00, 0x00, 0x00, 0x00,
  0x00, 0x00, 0x00, 0x00, 0x00, 0x00, 0x00, 0x00, 0x00, 0x00, 0x00, 0x00, 0x00, 0x00, 0x00, 0x00,
  0x00, 0x00, 0x00, 0x00, 0x00, 0x00, 0x00, 0x00, 0x00, 0x00, 0x00, 0x00, 0x00, 0x00, 0x00, 0x00,
  0x00, 0x00, 0x00, 0x00, 0x00, 0x00, 0x00, 0x00, 0x00, 0x00, 0x00, 0x00, 0x00, 0x00, 0x00, 0x00,
  0x00, 0x00, 0x00, 0x00, 0x00, 0x00, 0x00, 0x00, 0x00, 0x00, 0x00, 0x00, 0x00, 0x00, 0x00, 0x00,
  0x00, 0x00, 0x00, 0x00, 0x00, 0x00, 0x00, 0x00, 0x00, 0x00, 0x00, 0x00, 0x00, 0x00, 0x00, 0x00,
  0x00, 0x00, 0x00, 0x00, 0x00, 0x00, 0x00, 0x00, 0x00, 0x00, 0x00, 0x00, 0x00, 0x00, 0x00, 0x00,
  0x00, 0x00, 0x00, 0x00, 0x00, 0x00, 0x00, 0x00, 0x00, 0x00, 0x00, 0x00, 0x00, 0x00, 0x00, 0x00,
  0x00, 0x00, 0x00, 0x00, 0x00, 0x00, 0x00, 0x00, 0x00, 0x00, 0x00, 0x00, 0x00, 0x00, 0x00, 0x00,
  0x00, 0x00, 0x00, 0x00, 0x00, 0x00, 0x00, 0x00, 0x00, 0x00, 0x00, 0x00, 0x00, 0x00, 0x00, 0x00,
  0x00, 0x00, 0x00, 0x00, 0x00, 0x00, 0x00, 0x00, 0x00, 0x00, 0x00, 0x00, 0x00, 0x00, 0x00, 0x00,
  0x00, 0x00, 0x00, 0x00, 0x00, 0x00, 0x00, 0x00, 0x00, 0x00, 0x00, 0x00, 0x00, 0x00, 0x00, 0x00,
  0x00, 0x00, 0x00, 0x00, 0x00, 0x00, 0x00, 0x00, 0x00, 0x00, 0x00, 0x00, 0x00, 0x00, 0x00, 0x00,
  0x00, 0x00, 0x00, 0x00, 0x00, 0x00, 0x00, 0x00, 0x00, 0x00, 0x00, 0x00, 0x00, 0x00, 0x00, 0x00,
  0x00, 0x00, 0x00, 0x00, 0x00, 0x00, 0x00, 0x00, 0x00, 0x00, 0x00, 0x00, 0x00, 0x00, 0x00, 0x00,
  0x00, 0x00, 0x00, 0x00, 0x00, 0x00, 0x00, 0x00, 0x00, 0x00, 0x00, 0x00, 0x00, 0x00, 0x00, 0x00,
  0x00, 0x00, 0x00, 0x00, 0x00, 0x00, 0x00, 0x00, 0x00, 0x00, 0x00, 0x00, 0x00, 0x00, 0x00, 0x00,
  0x00, 0x00, 0x00, 0x00, 0x00, 0x00, 0x00, 0x00, 0x00, 0x00, 0x00, 0x00, 0x00, 0x00, 0x00, 0x00,
  0x00, 0x00, 0x00, 0x00, 0x00, 0x00, 0x00, 0x00, 0x00, 0x00, 0x00, 0x00, 0x00, 0x00, 0x00, 0x00,
  0x00, 0x00, 0x00, 0x00, 0x00, 0x00, 0x00, 0x00, 0x00, 0x00, 0x00, 0x00, 0x00, 0x00, 0x00, 0x00,
  0x00, 0x00, 0x00, 0x00, 0x00, 0x00, 0x00, 0x00, 0x00, 0x00, 0x00, 0x00, 0x00, 0x00, 0x00, 0x00,
  0x00, 0x00, 0x00, 0x00, 0x00, 0x00, 0x00, 0x00, 0x00, 0x00, 0x00, 0x00, 0x00, 0x00, 0x00, 0x00,
  0x00, 0x00, 0x00, 0x00, 0x00, 0x00, 0x00, 0x00, 0x00, 0x00, 0x00, 0x00, 0x00, 0x00, 0x00, 0x00,
  0x00, 0x00, 0x00, 0x00, 0x00, 0x00, 0x00, 0x00, 0x00, 0x00, 0x00, 0x00, 0x00, 0x00, 0x00, 0x00,
  0x00, 0x00, 0x00, 0x00, 0x00, 0x00, 0x00, 0x00, 0x00, 0x00, 0x00, 0x00, 0x00, 0x00, 0x00, 0x00,
  0x00, 0x00, 0x00, 0x00, 0x00, 0x00, 0x00, 0x00, 0x00, 0x00, 0x00, 0x00, 0x00, 0x00, 0x00, 0x00,
  0x00, 0x00, 0x00, 0x00, 0x00, 0x00, 0x00, 0x00, 0x00, 0x00, 0x00, 0x00, 0x00, 0x00, 0x00, 0x00,
  0x00, 0x00, 0x00, 0x00, 0x00, 0x00, 0x00, 0x00, 0x00, 0x00, 0x00, 0x00, 0x00, 0x00, 0x00, 0x00,
  0x00, 0x00, 0x00, 0x00, 0x00, 0x00, 0x00, 0x00, 0x00, 0x00, 0x00, 0x00, 0x00, 0x00, 0x00, 0x00,
  0x00, 0x00, 0x00, 0x00, 0x00, 0x00, 0x00, 0x00, 0x00, 0x00, 0x00, 0x00, 0x00, 0x00, 0x00, 0x00,
  0x00, 0x00, 0x00, 0x00, 0x00, 0x00, 0x00, 0x00, 0x00, 0x00, 0x00, 0x00, 0x00, 0x00, 0x00, 0x00,
  0x00, 0x00, 0x00, 0x00, 0x00, 0x00, 0x00, 0x00, 0x00, 0x00, 0x00, 0x00, 0x00, 0x00, 0x00, 0x00,
  0x00, 0x00, 0x00, 0x00, 0x00, 0x00, 0x00, 0x00, 0x00, 0x00, 0x00, 0x00, 0x00, 0x00, 0x00, 0x00,
  0x00, 0x00, 0x00, 0x00, 0x00, 0x00, 0x00, 0x00, 0x00, 0x00, 0x00, 0x00, 0x00, 0x00, 0x00, 0x00,
  0x00, 0x00, 0x00, 0x00, 0x00, 0x00, 0x00, 0x00, 0x00, 0x00, 0x00, 0x00, 0x00, 0x00, 0x00, 0x00,
  0x00, 0x00, 0x00, 0x00, 0x00, 0x00, 0x00, 0x00, 0x00, 0x00, 0x00, 0x00, 0x00, 0x00, 0x00, 0x00,
  0x00, 0x00, 0x00, 0x00, 0x00, 0x00, 0x00, 0x00, 0x00, 0x00, 0x00, 0x00, 0x00, 0x00, 0x00, 0x00,
};

CONST UINT8 *gCanoeMsdVariant = mCanoeMsdImage;
CONST UINTN gCanoeMsdVariantSize = 57344;
